outage_id,oan_no,feed,status,outage_type,customers_affected,cause,circuit_name,city,county,zip,latitude,longitude,start_time_utc,etr,crew_status,result,problem_code,incident_type,district_no,sector_no,last_change,publish_date,source_layer,retrieved_utc
136299596,800551797,active,ACTIVE,,12,Pole Upgrade,,WESTMINSTER,ORANGE,92683,33.7655435,-117.984348,2026-07-31T08:00:00Z,7/31/2026 16:00,Work is in progress.,Enhancing Reliability,18,PO,33,VILLA PARK,7/31/2026 8:33,2026-07-31T12:39:34,0:active,2026-07-31T19:50:53Z
136358026,800556255,active,ACTIVE,,11,Equipment Problems,,LA PUENTE,LOS ANGELES,91744,34.03323788,-117.9414741,2026-07-31T10:08:24Z,7/31/2026 15:30,Work is in progress.,Not Available,1,QI,26,MIRA LOMA,7/31/2026 11:38,2026-07-31T12:39:34,0:active,2026-07-31T19:50:53Z
136306688,800552273,active,ACTIVE,,57,Upgrading Equipment,,MONTEREY PARK,LOS ANGELES,91755,34.04635895,-118.1257641,2026-07-31T09:30:00Z,7/31/2026 15:00,Work is in progress.,Enhancing Reliability,6,PO,22,MESA,7/31/2026 12:34,2026-07-31T12:39:34,0:active,2026-07-31T19:50:53Z
136358348,800556420,active,ACTIVE,,5,Analyzing Problem,,COMMERCE,LOS ANGELES,90040,34.00060185,-118.1562617,2026-07-31T10:03:01Z,Most up by 07/31/2026 07:00:00 PM,We have notified our repair crews. ,Not Available,3,QI,32,LIGHTHIPE,7/31/2026 12:35,2026-07-31T12:39:34,0:active,2026-07-31T19:50:53Z
136312619,800552685,active,ACTIVE,,101,Upgrading Equipment,,GARDEN GROVE,ORANGE,92845,33.78216509,-118.0388118,2026-07-31T09:16:17Z,7/31/2026 16:00,Work is in progress.,Enhancing Reliability,18,PO,29,VILLA PARK,7/31/2026 9:16,2026-07-31T12:39:34,0:active,2026-07-31T19:50:53Z
136307451,800552404,active,ACTIVE,,120,Pole Upgrade,,LA PUENTE,LOS ANGELES,91744,34.01288174,-117.9347218,2026-07-31T08:00:00Z,7/31/2026 17:00,Work is in progress.,Enhancing Reliability,18,PO,26,MIRA LOMA,7/31/2026 8:25,2026-07-31T12:39:34,0:active,2026-07-31T19:50:53Z
136358352,800556421,active,ACTIVE,,21,Equipment Problems,,LAKE FOREST,ORANGE,92610,33.68643625,-117.6683159,2026-07-31T11:04:01Z,7/31/2026 13:00,Work is in progress.,Not Available,7,QI,43,ELLIS,7/31/2026 12:32,2026-07-31T12:39:34,0:active,2026-07-31T19:50:53Z
136323990,800553658,active,ACTIVE,,2,Pole Upgrade,,BELLFLOWER,LOS ANGELES,90706,33.88008732,-118.1429655,2026-07-31T08:00:00Z,7/31/2026 16:00,Work is in progress.,Enhancing Reliability,18,PO,32,LIGHTHIPE,7/31/2026 8:22,2026-07-31T12:39:34,0:active,2026-07-31T19:50:53Z
136357539,800556235,active,ACTIVE,,92,Equipment Problems,,COSTA MESA,ORANGE,92627,33.63494141,-117.9019107,2026-07-31T08:50:01Z,7/31/2026 20:00,We have identified the problem and are working to restore your service.,Not Available,3,Not Available,33,ELLIS,7/31/2026 12:32,2026-07-31T12:39:34,0:active,2026-07-31T19:50:53Z
136358144,800556369,active,ACTIVE,,115,Analyzing Problem,,BUENA PARK,ORANGE,90620,33.83714526,-117.9962128,2026-07-31T10:16:04Z,Most up by 07/31/2026 03:00:00 PM,We are aware of the problem.,Not Available,1,Not Available,48,VILLA PARK,7/31/2026 12:10,2026-07-31T12:39:34,0:active,2026-07-31T19:50:53Z
136358223,800556311,active,ACTIVE,,14,Analyzing Problem,,LONG BEACH,LOS ANGELES,90805,33.86940909,-118.2032971,2026-07-31T10:22:49Z,7/31/2026 16:00,Work is in progress.,Not Available,1,Not Available,46,LIGHTHIPE,7/31/2026 11:46,2026-07-31T12:39:34,0:active,2026-07-31T19:50:53Z
136308826,800552439,active,ACTIVE,,13,Upgrading Equipment,,SANTA CLARITA,LOS ANGELES,91321,34.38077014,-118.5133219,2026-07-31T08:00:00Z,7/31/2026 13:00,Work is in progress.,Enhancing Reliability,18,PO,59,SAUGUS,7/31/2026 11:25,2026-07-31T12:39:34,0:active,2026-07-31T19:50:53Z
136356980,800556265,active,ACTIVE,,52,Equipment Problems,,DIAMOND BAR,LOS ANGELES,91765,34.03701425,-117.7954394,2026-07-31T03:02:34Z,7/31/2026 15:00,Work is in progress.,Not Available,1,Not Available,26,MIRA LOMA,7/31/2026 12:36,2026-07-31T12:39:34,0:active,2026-07-31T19:50:53Z
136300590,800552081,active,ACTIVE,,56,Transformer Upgrade,,LAKE LOS ANGELES,LOS ANGELES,93535,34.63310306,-117.8583545,2026-07-31T09:25:59Z,7/31/2026 16:00,Work is in progress.,Enhancing Reliability,6,PO,36,VINCENT,7/31/2026 9:46,2026-07-31T12:39:34,0:active,2026-07-31T19:50:53Z
136357417,800556234,active,ACTIVE,,8,Equipment Problems,,WESTMINSTER,ORANGE,92683,33.7658988,-117.9837158,2026-07-31T08:26:48Z,7/31/2026 14:00,Work is in progress.,Not Available,1,QI,33,VILLA PARK,7/31/2026 12:36,2026-07-31T12:39:34,0:active,2026-07-31T19:50:53Z
136307297,800552403,active,ACTIVE,,13,Pole Upgrade,,GLENDORA,LOS ANGELES,91741,34.13474741,-117.8193494,2026-07-31T08:00:00Z,7/31/2026 14:00,Work is in progress.,Enhancing Reliability,18,PO,26,MIRA LOMA,7/31/2026 8:34,2026-07-31T12:39:34,0:active,2026-07-31T19:50:53Z
136358559,800556441,active,ACTIVE,,1,Equipment Problems,,WESTMINSTER,ORANGE,92683,33.7535239,-118.0159446,2026-07-31T11:39:12Z,7/31/2026 12:30,Work is in progress.,Not Available,7,QI,33,VILLA PARK,7/31/2026 12:03,2026-07-31T12:39:34,0:active,2026-07-31T19:50:53Z
136307252,800552216,active,ACTIVE,,0,Pole Upgrade,,Unincorporated Area,ORANGE,92821,33.94641754,-117.8622588,2026-07-31T07:00:00Z,7/31/2026 14:00,Work is in progress.,Enhancing Reliability,18,PO,48,VILLA PARK,7/31/2026 7:10,2026-07-31T12:39:35,0:active,2026-07-31T19:50:53Z
136299437,800551907,active,ACTIVE,,2,Cable Upgrade,,SANTA ANA,ORANGE,92705,33.769945,-117.8377075,2026-07-31T08:00:00Z,7/31/2026 14:00,Work is in progress.,Enhancing Reliability,18,PO,29,VILLA PARK,7/31/2026 8:43,2026-07-31T12:39:35,0:active,2026-07-31T19:50:53Z
136357248,800556197,active,ACTIVE,,104,Equipment Problems,,CERRITOS,LOS ANGELES,90703,33.88319306,-118.0702729,2026-07-31T07:22:28Z,7/31/2026 23:00,We have identified the problem and are working to restore your service.,Not Available,1,Not Available,46,LIGHTHIPE,7/31/2026 10:56,2026-07-31T12:39:35,0:active,2026-07-31T19:50:53Z
136308152,800552371,active,ACTIVE,,193,Upgrading Equipment,,COMPTON,LOS ANGELES,90221,33.88399658,-118.2115962,2026-07-31T08:00:00Z,Most up by 07/31/2026 03:30:00 PM,Work is in progress.,Enhancing Reliability,18,PO,32,LIGHTHIPE,7/31/2026 12:04,2026-07-31T12:39:35,0:active,2026-07-31T19:50:53Z
136312255,800552631,active,ACTIVE,,8,Upgrading Equipment,,BELLFLOWER,LOS ANGELES,90706,33.8722072,-118.1088695,2026-07-31T10:00:00Z,7/31/2026 15:00,Work is in progress.,Enhancing Reliability,6,PO,32,LIGHTHIPE,7/31/2026 12:35,2026-07-31T12:39:35,0:active,2026-07-31T19:50:53Z
136299436,800551828,active,ACTIVE,,2,Upgrading Equipment,,PASADENA,LOS ANGELES,91011,34.2226954,-118.1884371,2026-07-31T11:32:05Z,7/31/2026 18:30,Our crews are on the way. ,Enhancing Reliability,6,PO,,,7/31/2026 11:35,2026-07-31T12:39:35,0:active,2026-07-31T19:50:53Z
136312637,800552784,active,ACTIVE,,144,Pole Upgrade,,LA HABRA HEIGHTS,LOS ANGELES,90631,33.96172107,-117.9308329,2026-07-31T09:00:00Z,7/31/2026 15:00,Work is in progress.,Enhancing Reliability,18,PO,48,VILLA PARK,7/31/2026 10:17,2026-07-31T12:39:35,0:active,2026-07-31T19:50:53Z
136323960,800553656,active,ACTIVE,,0,Pole Upgrade,,BELLFLOWER,LOS ANGELES,90706,33.88558447,-118.1428186,2026-07-31T08:00:00Z,7/31/2026 15:00,Work is in progress.,Enhancing Reliability,18,PO,32,LIGHTHIPE,7/31/2026 10:53,2026-07-31T12:39:35,0:active,2026-07-31T19:50:53Z
136323966,800553657,active,ACTIVE,,13,Pole Upgrade,,BELLFLOWER,LOS ANGELES,90706,33.88368935,-118.1427963,2026-07-31T08:00:00Z,7/31/2026 15:00,Work is in progress.,Enhancing Reliability,18,PO,32,LIGHTHIPE,7/31/2026 8:09,2026-07-31T12:39:35,0:active,2026-07-31T19:50:53Z
136358207,800556218,active,ACTIVE,,17,Equipment Problems,,BUENA PARK,ORANGE,90620,33.84256336,-117.9888272,2026-07-31T10:25:02Z,7/31/2026 14:00,Work is in progress.,Not Available,1,QI,48,VILLA PARK,7/31/2026 10:36,2026-07-31T12:39:35,0:active,2026-07-31T19:50:53Z
136355042,800556092,active,ACTIVE,,164,Equipment Problems,,TUSTIN,ORANGE,92782,33.73113703,-117.8024165,2026-07-30T19:31:20Z,Most up by 07/31/2026 07:30:00 PM,We have identified the problem and are working to restore your service.,Not Available,1,Not Available,29,VILLA PARK,7/31/2026 12:09,2026-07-31T12:39:35,0:active,2026-07-31T19:50:53Z
136299616,800551853,active,ACTIVE,,15,Pole Upgrade,,WESTMINSTER,ORANGE,92683,33.7644828,-117.9836909,2026-07-31T08:00:00Z,7/31/2026 14:00,Work is in progress.,Enhancing Reliability,18,PO,33,VILLA PARK,7/31/2026 8:32,2026-07-31T12:39:35,0:active,2026-07-31T19:50:53Z
136299645,800551912,active,ACTIVE,,37,Upgrading Equipment,,BUENA PARK,ORANGE,90620,33.84213493,-117.9879529,2026-07-31T09:31:56Z,7/31/2026 14:00,Work is in progress.,Enhancing Reliability,6,PO,48,VILLA PARK,7/31/2026 10:26,2026-07-31T12:39:35,0:active,2026-07-31T19:50:53Z
136357388,800556304,active,ACTIVE,,28,Equipment Problems,,CULVER CITY,LOS ANGELES,90232,34.01224685,-118.3978082,2026-07-31T08:12:57Z,7/31/2026 12:30,Work is in progress.,Not Available,7,QI,42,EL NIDO,7/31/2026 11:20,2026-07-31T12:39:35,0:active,2026-07-31T19:50:53Z
136357238,800556248,active,ACTIVE,,9,Equipment Problems,,BELLFLOWER,LOS ANGELES,90706,33.88520522,-118.1428036,2026-07-31T07:22:55Z,7/31/2026 15:00,Work is in progress.,Not Available,7,QI,32,LIGHTHIPE,7/31/2026 8:21,2026-07-31T12:39:36,0:active,2026-07-31T19:50:53Z
136299922,800551810,active,ACTIVE,,10,Upgrading Equipment,,INGLEWOOD,LOS ANGELES,90056,33.98166817,-118.3622268,2026-07-31T08:00:00Z,7/31/2026 14:00,Work is in progress.,Enhancing Reliability,6,PO,44,EL NIDO,7/31/2026 8:59,2026-07-31T12:39:36,0:active,2026-07-31T19:50:53Z
136358703,800556461,active,ACTIVE,,34,Equipment Problems,,MONTEREY PARK,LOS ANGELES,91754,34.06103641,-118.1558221,2026-07-31T12:08:01Z,7/31/2026 17:30,Work is in progress.,Not Available,7,QI,22,MESA,7/31/2026 12:11,2026-07-31T12:39:36,0:active,2026-07-31T19:50:53Z
136358625,800556318,active,ACTIVE,,3,Equipment Problems,,ORANGE,ORANGE,92867,33.80367799,-117.8626642,2026-07-31T11:49:31Z,7/31/2026 18:00,Work is in progress.,Not Available,7,QI,29,VILLA PARK,7/31/2026 11:57,2026-07-31T12:39:36,0:active,2026-07-31T19:50:53Z
136328621,800554131,scheduled,ACTIVE,S,85,Pole Upgrade,,GARDEN GROVE,ORANGE,92845,33.79046524,-118.023733,2026-08-05T08:00:00Z,8/5/2026 15:00,Work is in progress.,Enhancing Reliability,18,PO,29,VILLA PARK,7/25/2026 9:00,2026-07-31T12:39:33,1:scheduled,2026-07-31T19:50:53Z
136344097,800555301,scheduled,ACTIVE,S,39,Upgrading Equipment,,LA HABRA HEIGHTS,LOS ANGELES,90631,33.9579514,-117.9614348,2026-08-07T09:00:00Z,8/7/2026 15:00,Work is in progress.,Enhancing Reliability,18,PO,48,VILLA PARK,7/28/2026 17:02,2026-07-31T12:39:33,1:scheduled,2026-07-31T19:50:53Z
136336505,800554479,scheduled,ACTIVE,S,1,Upgrading Equipment,,Unincorporated Area,LOS ANGELES,91301,34.11505,-118.8039062,2026-08-06T08:30:00Z,8/6/2026 9:30,Work is in progress.,Enhancing Reliability,18,PO,35,MOORPARK,7/27/2026 6:59,2026-07-31T12:39:33,1:scheduled,2026-07-31T19:50:53Z
136318052,800553195,scheduled,ACTIVE,S,5,Upgrading Equipment,,LA CANADA FLINTRIDGE,LOS ANGELES,91011,34.21133769,-118.2008708,2026-08-06T08:00:00Z,8/6/2026 16:00,Work is in progress.,Enhancing Reliability,18,PO,27,MESA,7/22/2026 18:04,2026-07-31T12:39:33,1:scheduled,2026-07-31T19:50:53Z
136357611,800556237,scheduled,ACTIVE,S,15,Upgrading Equipment,,LAKEWOOD,LOS ANGELES,90713,33.85731011,-118.1244317,2026-08-11T09:00:00Z,8/11/2026 15:00,Work is in progress.,Enhancing Reliability,6,PO,46,LIGHTHIPE,7/31/2026 8:59,2026-07-31T12:39:33,1:scheduled,2026-07-31T19:50:53Z
136328850,800554137,scheduled,ACTIVE,S,93,Pole Upgrade,,TORRANCE,LOS ANGELES,90505,33.8140158,-118.3731575,2026-08-04T08:00:00Z,8/4/2026 15:00,Work is in progress.,Enhancing Reliability,18,PO,44,EL NIDO,7/25/2026 10:12,2026-07-31T12:39:33,1:scheduled,2026-07-31T19:50:53Z
136354357,800555977,scheduled,ACTIVE,S,28,Transformer Upgrade,,AGOURA HILLS,LOS ANGELES,91301,34.13206743,-118.7252688,2026-08-11T10:00:00Z,8/11/2026 16:00,Work is in progress.,Enhancing Reliability,18,PO,35,MOORPARK,7/30/2026 16:02,2026-07-31T12:39:33,1:scheduled,2026-07-31T19:50:53Z
136349614,800555694,scheduled,ACTIVE,S,3,Upgrading Equipment,,COSTA MESA,ORANGE,92626,33.67372071,-117.8776947,2026-08-09T09:00:00Z,8/9/2026 14:00,Work is in progress.,Enhancing Reliability,6,PO,33,ELLIS,7/29/2026 17:14,2026-07-31T12:39:33,1:scheduled,2026-07-31T19:50:53Z
136341334,800554965,scheduled,ACTIVE,S,21,Upgrading Equipment,,ARCADIA,LOS ANGELES,91006,34.14054518,-118.0266569,2026-08-08T00:00:00Z,8/8/2026 10:00,Work is in progress.,Enhancing Reliability,6,PO,27,MESA,7/28/2026 7:23,2026-07-31T12:39:33,1:scheduled,2026-07-31T19:50:53Z
136325558,800553950,scheduled,ACTIVE,S,24,Upgrading Equipment,,LONG BEACH,LOS ANGELES,90804,33.77679173,-118.1507197,2026-08-06T09:15:00Z,8/6/2026 14:00,Work is in progress.,Enhancing Reliability,6,PO,46,LIGHTHIPE,7/24/2026 18:00,2026-07-31T12:39:33,1:scheduled,2026-07-31T19:50:53Z
136328193,800554023,scheduled,ACTIVE,S,89,Upgrading Equipment,,AZUSA,LOS ANGELES,91702,34.23969693,-117.8388153,2026-08-03T09:00:00Z,8/3/2026 16:30,Work is in progress.,Enhancing Reliability,6,PO,,,7/25/2026 5:54,2026-07-31T12:39:33,1:scheduled,2026-07-31T19:50:53Z
136354633,800556086,scheduled,ACTIVE,S,23,Upgrading Equipment,,COMMERCE,LOS ANGELES,90040,34.00816689,-118.1610802,2026-08-11T08:00:00Z,8/11/2026 12:00,Work is in progress.,Enhancing Reliability,18,PO,32,LIGHTHIPE,7/30/2026 17:21,2026-07-31T12:39:33,1:scheduled,2026-07-31T19:50:53Z
136317781,800553072,scheduled,ACTIVE,S,1,Upgrading Equipment,,Unincorporated Area,LOS ANGELES,93536,34.77508086,-118.5705604,2026-08-03T08:00:00Z,8/3/2026 16:00,Work is in progress.,Enhancing Reliability,18,PO,36,VINCENT,7/22/2026 16:37,2026-07-31T12:39:33,1:scheduled,2026-07-31T19:50:53Z
136307441,800552422,scheduled,ACTIVE,S,1,Transformer Upgrade,,Unincorporated Area,LOS ANGELES,91302,34.093598,-118.6946087,2026-08-01T12:00:00Z,8/1/2026 16:00,Work is in progress.,Enhancing Reliability,18,PO,35,MOORPARK,7/20/2026 11:41,2026-07-31T12:39:33,1:scheduled,2026-07-31T19:50:53Z
136316883,800552956,scheduled,ACTIVE,S,4,Upgrading Equipment,,SIERRA MADRE,LOS ANGELES,91024,34.1677902,-118.0449766,2026-08-04T08:00:00Z,8/4/2026 15:00,Work is in progress.,Enhancing Reliability,6,PO,27,MESA,7/22/2026 12:43,2026-07-31T12:39:33,1:scheduled,2026-07-31T19:50:53Z
136321020,800553394,scheduled,ACTIVE,S,26,Upgrading Equipment,,PICO RIVERA,LOS ANGELES,90660,33.99379235,-118.0949804,2026-08-04T09:00:00Z,8/4/2026 13:00,Work is in progress.,Enhancing Reliability,6,PO,47,LIGHTHIPE,7/23/2026 13:58,2026-07-31T12:39:33,1:scheduled,2026-07-31T19:50:53Z
136328231,800553937,scheduled,ACTIVE,S,3,Upgrading Equipment,,DUARTE,LOS ANGELES,91010,34.13599463,-117.9635851,2026-08-06T08:00:00Z,8/6/2026 13:00,Work is in progress.,Enhancing Reliability,18,PO,27,MESA,7/25/2026 6:33,2026-07-31T12:39:33,1:scheduled,2026-07-31T19:50:53Z
136323325,800553593,scheduled,ACTIVE,S,148,Upgrading Equipment,,CALABASAS,LOS ANGELES,91302,34.14175234,-118.6197488,2026-08-04T21:00:00Z,8/5/2026 5:00,Work is in progress.,Enhancing Reliability,20,PO,35,MOORPARK,7/30/2026 14:54,2026-07-31T12:39:33,1:scheduled,2026-07-31T19:50:53Z
136354898,800556183,scheduled,ACTIVE,S,27,Pole Upgrade,,WEST HOLLYWOOD,LOS ANGELES,90069,34.08287428,-118.3752506,2026-08-10T23:00:00Z,8/11/2026 11:00,Work is in progress.,Enhancing Reliability,6,PO,42,EL NIDO,7/30/2026 18:52,2026-07-31T12:39:33,1:scheduled,2026-07-31T19:50:53Z
136338444,800554634,scheduled,ACTIVE,S,2,Upgrading Equipment,,BUENA PARK,ORANGE,90620,33.84441724,-118.0287711,2026-08-06T08:00:00Z,8/6/2026 18:30,Work is in progress.,Enhancing Reliability,6,PO,48,VILLA PARK,7/27/2026 13:18,2026-07-31T12:39:33,1:scheduled,2026-07-31T19:50:53Z
136344012,800555172,scheduled,ACTIVE,S,8,Upgrading Equipment,,LA MIRADA,LOS ANGELES,90638,33.88146135,-118.0155489,2026-08-09T21:00:00Z,8/10/2026 6:00,Work is in progress.,Enhancing Reliability,6,PO,47,LIGHTHIPE,7/28/2026 16:25,2026-07-31T12:39:33,1:scheduled,2026-07-31T19:50:53Z
136343889,800555171,scheduled,ACTIVE,S,21,Upgrading Equipment,,HAWTHORNE,LOS ANGELES,90250,33.91041534,-118.3407117,2026-08-12T11:30:00Z,8/12/2026 13:30,Work is in progress.,Enhancing Reliability,20,PO,44,EL NIDO,7/29/2026 6:53,2026-07-31T12:39:33,1:scheduled,2026-07-31T19:50:53Z
136324984,800553699,scheduled,ACTIVE,S,1,Pole Upgrade,,DOWNEY,LOS ANGELES,90241,33.9272081,-118.1119709,2026-08-05T20:00:00Z,8/6/2026 6:00,Work is in progress.,Enhancing Reliability,6,PO,47,LIGHTHIPE,7/24/2026 15:28,2026-07-31T12:39:34,1:scheduled,2026-07-31T19:50:53Z
136349795,800555705,scheduled,ACTIVE,S,35,Upgrading Equipment,,MONTEREY PARK,LOS ANGELES,91755,34.06608745,-118.1092785,2026-08-10T08:00:00Z,8/10/2026 16:00,Work is in progress.,Enhancing Reliability,18,PO,22,MESA,7/29/2026 18:31,2026-07-31T12:39:34,1:scheduled,2026-07-31T19:50:53Z
136325405,800553961,scheduled,ACTIVE,S,1,Upgrading Equipment,,Unincorporated Area,LOS ANGELES,91301,34.12037247,-118.7870711,2026-08-06T11:30:00Z,8/6/2026 12:00,Work is in progress.,Enhancing Reliability,18,PO,35,MOORPARK,7/24/2026 17:19,2026-07-31T12:39:34,1:scheduled,2026-07-31T19:50:53Z
136353941,800556043,scheduled,ACTIVE,S,7,Upgrading Equipment,,TORRANCE,LOS ANGELES,90505,33.81211285,-118.3460533,2026-08-09T20:30:00Z,8/10/2026 4:00,Work is in progress.,Enhancing Reliability,6,PO,44,EL NIDO,7/30/2026 14:24,2026-07-31T12:39:34,1:scheduled,2026-07-31T19:50:53Z
136343210,800555153,scheduled,ACTIVE,S,426,Upgrading Equipment,,LONG BEACH,LOS ANGELES,90810,33.81330115,-118.219291,2026-08-09T09:00:00Z,8/9/2026 14:00,Work is in progress.,Enhancing Reliability,6,PO,46,LIGHTHIPE,7/28/2026 14:09,2026-07-31T12:39:34,1:scheduled,2026-07-31T19:50:53Z
136339293,800554786,scheduled,ACTIVE,S,12,Transformer Upgrade,,CULVER CITY,LOS ANGELES,90232,34.00914774,-118.3913174,2026-08-07T09:30:00Z,8/7/2026 15:30,Work is in progress.,Enhancing Reliability,6,PO,42,EL NIDO,7/27/2026 16:21,2026-07-31T12:39:34,1:scheduled,2026-07-31T19:50:53Z
136325466,800553838,scheduled,ACTIVE,S,82,Pole Upgrade,,CYPRESS,ORANGE,90630,33.80789052,-118.0121504,2026-08-04T09:00:00Z,8/4/2026 17:00,Work is in progress.,Enhancing Reliability,6,PO,48,VILLA PARK,7/24/2026 17:34,2026-07-31T12:39:34,1:scheduled,2026-07-31T19:50:53Z
136317866,800553074,scheduled,ACTIVE,S,1,Pole Upgrade,,Unincorporated Area,LOS ANGELES,91384,34.42884476,-118.690609,2026-08-03T13:00:00Z,8/3/2026 14:00,Work is in progress.,Enhancing Reliability,6,PO,59,SAUGUS,7/22/2026 16:59,2026-07-31T12:39:34,1:scheduled,2026-07-31T19:50:53Z
136358561,800556374,scheduled,ACTIVE,S,80,Transformer Upgrade,,SANTA CLARITA,LOS ANGELES,91355,34.38451256,-118.5550151,2026-08-11T10:00:00Z,8/11/2026 16:00,Work is in progress.,Enhancing Reliability,6,PO,59,SAUGUS,7/31/2026 11:34,2026-07-31T12:39:34,1:scheduled,2026-07-31T19:50:53Z
136349634,800555555,scheduled,ACTIVE,S,683,Cable Upgrade,,LAGUNA WOODS,ORANGE,92653,33.6119456,-117.7497983,2026-08-10T08:00:00Z,8/10/2026 16:00,Work is in progress.,Enhancing Reliability,18,PO,43,ELLIS,7/29/2026 17:27,2026-07-31T12:39:34,1:scheduled,2026-07-31T19:50:53Z
136317805,800553149,scheduled,ACTIVE,S,58,Upgrading Equipment,,Unincorporated Area,LOS ANGELES,93543,34.57617671,-117.9534229,2026-08-03T09:00:00Z,8/3/2026 17:00,Work is in progress.,Enhancing Reliability,6,PO,36,VINCENT,7/22/2026 16:43,2026-07-31T12:39:34,1:scheduled,2026-07-31T19:50:53Z
136342059,800554995,scheduled,ACTIVE,S,40,Transformer Upgrade,,LA HABRA,ORANGE,90631,33.9116404,-117.9563619,2026-08-06T12:00:00Z,8/6/2026 15:30,Work is in progress.,Enhancing Reliability,18,PO,48,VILLA PARK,7/28/2026 10:03,2026-07-31T12:39:34,1:scheduled,2026-07-31T19:50:53Z
136310333,800552620,scheduled,ACTIVE,S,4,Pole Upgrade,,COMMERCE,LOS ANGELES,90040,34.00118304,-118.1583078,2026-08-02T09:00:00Z,8/2/2026 19:00,Work is in progress.,Enhancing Reliability,6,PO,32,LIGHTHIPE,7/21/2026 8:23,2026-07-31T12:39:34,1:scheduled,2026-07-31T19:50:53Z
136348798,800555595,scheduled,ACTIVE,S,36,Upgrading Equipment,,PALOS VERDES ESTATES,LOS ANGELES,90274,33.78383754,-118.3877913,2026-08-03T08:00:00Z,8/3/2026 12:00,Work is in progress.,Enhancing Reliability,18,PO,44,EL NIDO,7/29/2026 13:51,2026-07-31T12:39:34,1:scheduled,2026-07-31T19:50:53Z
136354498,800555979,scheduled,ACTIVE,S,49,Upgrading Equipment,,CARSON,LOS ANGELES,90746,33.86292567,-118.2730232,2026-08-10T09:00:00Z,8/10/2026 15:00,Work is in progress.,Enhancing Reliability,6,PO,32,LIGHTHIPE,7/30/2026 16:35,2026-07-31T12:39:34,1:scheduled,2026-07-31T19:50:53Z
136349334,800555649,scheduled,ACTIVE,S,50,Transformer Upgrade,,SEAL BEACH,ORANGE,90740,33.76701141,-118.0829121,2026-08-10T09:00:00Z,8/10/2026 15:00,Work is in progress.,Enhancing Reliability,6,PO,46,LIGHTHIPE,7/29/2026 16:02,2026-07-31T12:39:34,1:scheduled,2026-07-31T19:50:53Z
136344265,800555251,scheduled,ACTIVE,S,47,Upgrading Equipment,,IRWINDALE,LOS ANGELES,91702,34.12398092,-117.9328636,2026-08-05T22:00:00Z,8/6/2026 3:30,Work is in progress.,Enhancing Reliability,18,PO,27,MESA,7/28/2026 17:38,2026-07-31T12:39:34,1:scheduled,2026-07-31T19:50:53Z
136328219,800553998,scheduled,ACTIVE,S,14,Upgrading Equipment,,WESTMINSTER,ORANGE,92683,33.73995308,-118.0056592,2026-08-04T12:30:00Z,8/4/2026 15:00,Work is in progress.,Enhancing Reliability,6,PO,33,VILLA PARK,7/25/2026 6:24,2026-07-31T12:39:34,1:scheduled,2026-07-31T19:50:53Z
136323485,800553627,scheduled,ACTIVE,S,425,Upgrading Equipment,,CALABASAS,LOS ANGELES,91302,34.14579895,-118.6155726,2026-08-05T21:00:00Z,8/6/2026 5:00,Work is in progress.,Enhancing Reliability,20,PO,35,MOORPARK,7/30/2026 17:50,2026-07-31T12:39:34,1:scheduled,2026-07-31T19:50:53Z
136344209,800555175,scheduled,ACTIVE,S,422,Upgrading Equipment,,YORBA LINDA,ORANGE,92886,33.90556746,-117.8294755,2026-08-07T09:00:00Z,8/7/2026 16:00,Work is in progress.,Enhancing Reliability,6,PO,48,VILLA PARK,7/28/2026 17:14,2026-07-31T12:39:34,1:scheduled,2026-07-31T19:50:53Z
136341941,800555103,scheduled,ACTIVE,S,3,Transformer Upgrade,,CARSON,LOS ANGELES,90810,33.82517108,-118.2326424,2026-08-09T08:00:00Z,8/9/2026 15:00,Work is in progress.,Enhancing Reliability,6,PO,32,LIGHTHIPE,7/28/2026 9:35,2026-07-31T12:39:34,1:scheduled,2026-07-31T19:50:53Z
136354691,800556073,scheduled,ACTIVE,S,152,Upgrading Equipment,,DUARTE,LOS ANGELES,91010,34.14289519,-117.9419591,2026-08-11T10:00:00Z,8/11/2026 13:00,Work is in progress.,Enhancing Reliability,6,PO,27,MESA,7/30/2026 17:47,2026-07-31T12:39:34,1:scheduled,2026-07-31T19:50:53Z
136328223,800553936,scheduled,ACTIVE,S,39,Upgrading Equipment,,Unincorporated Area,LOS ANGELES,90290,34.09715496,-118.5989538,2026-08-07T08:00:00Z,8/7/2026 14:00,Work is in progress.,Enhancing Reliability,6,PO,35,MOORPARK,7/25/2026 6:25,2026-07-31T12:39:34,1:scheduled,2026-07-31T19:50:53Z
136328454,800554163,scheduled,ACTIVE,S,2,Upgrading Equipment,,SOUTH PASADENA,LOS ANGELES,91030,34.11790455,-118.1671991,2026-08-07T09:00:00Z,8/7/2026 14:00,Work is in progress.,Enhancing Reliability,6,PO,27,MESA,7/25/2026 8:08,2026-07-31T12:39:34,1:scheduled,2026-07-31T19:50:53Z
136349298,800555499,scheduled,ACTIVE,S,835,Upgrading Equipment,,WILLOWBROOK,LOS ANGELES,90061,33.91560933,-118.2670459,2026-08-07T22:00:00Z,8/8/2026 6:00,Work is in progress.,Enhancing Reliability,18,PO,32,LIGHTHIPE,7/29/2026 15:51,2026-07-31T12:39:34,1:scheduled,2026-07-31T19:50:53Z
136344151,800555159,scheduled,ACTIVE,S,7,Upgrading Equipment,,Unincorporated Area,LOS ANGELES,91384,34.44208264,-118.6083838,2026-08-07T08:00:00Z,8/7/2026 11:00,Work is in progress.,Enhancing Reliability,18,PO,59,SAUGUS,7/28/2026 17:01,2026-07-31T12:39:34,1:scheduled,2026-07-31T19:50:53Z
136325474,800553907,scheduled,ACTIVE,S,30,Transformer Upgrade,,COMMERCE,LOS ANGELES,90040,33.9774688,-118.1368662,2026-08-01T08:00:00Z,8/1/2026 15:00,Work is in progress.,Enhancing Reliability,6,PO,32,LIGHTHIPE,7/24/2026 17:36,2026-07-31T12:39:34,1:scheduled,2026-07-31T19:50:53Z
136324080,800553763,scheduled,ACTIVE,S,13,Pole Upgrade,,Unincorporated Area,LOS ANGELES,93591,34.58030193,-117.9537278,2026-08-04T08:00:00Z,8/4/2026 19:00,Work is in progress.,Enhancing Reliability,6,PO,36,VINCENT,7/24/2026 11:08,2026-07-31T12:39:34,1:scheduled,2026-07-31T19:50:53Z
136353678,800555928,scheduled,ACTIVE,S,36,Transformer Upgrade,,CALABASAS,LOS ANGELES,91302,34.13251694,-118.6615078,2026-08-11T08:00:00Z,8/11/2026 10:00,Work is in progress.,Enhancing Reliability,18,PO,35,MOORPARK,7/30/2026 13:16,2026-07-31T12:39:34,1:scheduled,2026-07-31T19:50:53Z
136322026,800553526,scheduled,ACTIVE,S,41,Pole Upgrade,,LONG BEACH,LOS ANGELES,90815,33.79713144,-118.142189,2026-08-04T22:00:00Z,8/5/2026 3:00,Work is in progress.,Enhancing Reliability,6,PO,46,LIGHTHIPE,7/23/2026 15:08,2026-07-31T12:39:34,1:scheduled,2026-07-31T19:50:53Z
136344160,800555188,scheduled,ACTIVE,S,2,Transformer Upgrade,,YORBA LINDA,ORANGE,92886,33.89010942,-117.8131706,2026-08-07T21:00:00Z,8/8/2026 1:00,Work is in progress.,Enhancing Reliability,18,PO,48,VILLA PARK,7/28/2026 17:00,2026-07-31T12:39:34,1:scheduled,2026-07-31T19:50:53Z
136317523,800553109,scheduled,ACTIVE,S,80,Transformer Upgrade,,WESTLAKE VILLAGE,LOS ANGELES,91362,34.15157305,-118.7933552,2026-08-03T08:30:00Z,8/3/2026 16:30,Work is in progress.,Enhancing Reliability,18,PO,35,MOORPARK,7/22/2026 15:26,2026-07-31T12:39:34,1:scheduled,2026-07-31T19:50:53Z
136247971,800547785,scheduled,ACTIVE,S,17,Upgrading Equipment,,ARCADIA,LOS ANGELES,91007,34.14514839,-118.0614922,2026-08-06T12:00:00Z,8/6/2026 16:00,Work is in progress.,Enhancing Reliability,20,PO,27,MESA,7/15/2026 15:12,2026-07-31T12:39:34,1:scheduled,2026-07-31T19:50:53Z
136341822,800555067,scheduled,ACTIVE,S,260,Pole Upgrade,,BUENA PARK,ORANGE,90621,33.86317337,-118.0096891,2026-08-06T09:00:00Z,8/6/2026 17:00,Work is in progress.,Enhancing Reliability,6,PO,48,VILLA PARK,7/28/2026 9:22,2026-07-31T12:39:34,1:scheduled,2026-07-31T19:50:53Z
136354676,800556072,scheduled,ACTIVE,S,17,Upgrading Equipment,,LA CANADA FLINTRIDGE,LOS ANGELES,91011,34.22627203,-118.2179548,2026-08-11T09:00:00Z,8/11/2026 16:00,Work is in progress.,Enhancing Reliability,18,PO,27,MESA,7/30/2026 17:38,2026-07-31T12:39:34,1:scheduled,2026-07-31T19:50:53Z
136328844,800554054,scheduled,ACTIVE,S,509,Upgrading Equipment,,SANTA CLARITA,LOS ANGELES,91350,34.45025851,-118.4904379,2026-08-04T10:00:00Z,8/4/2026 15:00,Work is in progress.,Enhancing Reliability,6,PO,59,SAUGUS,7/25/2026 10:06,2026-07-31T12:39:34,1:scheduled,2026-07-31T19:50:53Z
136328861,800554138,scheduled,ACTIVE,S,64,Upgrading Equipment,,COMPTON,LOS ANGELES,90222,33.91060145,-118.2371641,2026-08-10T08:00:00Z,8/10/2026 15:00,Work is in progress.,Enhancing Reliability,18,PO,32,LIGHTHIPE,7/25/2026 10:17,2026-07-31T12:39:34,1:scheduled,2026-07-31T19:50:53Z
136349357,800555625,scheduled,ACTIVE,S,1,Pole Upgrade,,Unincorporated Area,LOS ANGELES,91384,34.47373487,-118.7152507,2026-08-07T12:00:00Z,8/7/2026 15:00,Work is in progress.,Enhancing Reliability,6,PO,59,SAUGUS,7/29/2026 16:16,2026-07-31T12:39:34,1:scheduled,2026-07-31T19:50:53Z
136317001,800552957,scheduled,ACTIVE,S,34,Upgrading Equipment,,EL MONTE,LOS ANGELES,91732,34.07791073,-118.015199,2026-08-04T08:30:00Z,8/4/2026 14:30,Work is in progress.,Enhancing Reliability,6,PO,22,MESA,7/22/2026 13:17,2026-07-31T12:39:34,1:scheduled,2026-07-31T19:50:53Z
136358264,800556400,scheduled,ACTIVE,S,7,Transformer Upgrade,,SANTA CLARITA,LOS ANGELES,91355,34.41909812,-118.5453251,2026-08-11T01:00:00Z,8/11/2026 6:30,Work is in progress.,Enhancing Reliability,6,PO,59,SAUGUS,7/31/2026 10:38,2026-07-31T12:39:34,1:scheduled,2026-07-31T19:50:53Z
136354629,800555957,scheduled,ACTIVE,S,6,Upgrading Equipment,,ARCADIA,LOS ANGELES,91007,34.11156364,-118.0456802,2026-08-06T08:30:00Z,8/6/2026 15:00,Work is in progress.,Enhancing Reliability,6,PO,27,MESA,7/30/2026 17:21,2026-07-31T12:39:34,1:scheduled,2026-07-31T19:50:53Z
136354639,800556058,scheduled,ACTIVE,S,3,Pole Upgrade,,LANCASTER,LOS ANGELES,93535,34.6909357,-118.1280624,2026-08-07T08:30:00Z,8/7/2026 15:00,Work is in progress.,Enhancing Reliability,6,PO,36,VINCENT,7/30/2026 17:23,2026-07-31T12:39:34,1:scheduled,2026-07-31T19:50:53Z
136325006,800553880,scheduled,ACTIVE,S,64,Upgrading Equipment,,LONG BEACH,LOS ANGELES,90802,33.77143516,-118.1822727,2026-08-05T22:00:00Z,8/6/2026 4:00,Work is in progress.,Enhancing Reliability,18,PO,46,LIGHTHIPE,7/24/2026 15:35,2026-07-31T12:39:34,1:scheduled,2026-07-31T19:50:53Z
136358363,800556295,scheduled,ACTIVE,S,13,Pole Upgrade,,Unincorporated Area,LOS ANGELES,93543,34.54827788,-117.9171167,2026-08-10T09:00:00Z,8/10/2026 18:30,Work is in progress.,Enhancing Reliability,6,PO,36,VINCENT,7/31/2026 11:02,2026-07-31T12:39:34,1:scheduled,2026-07-31T19:50:53Z
136321088,800553546,scheduled,ACTIVE,S,37,Upgrading Equipment,,NEWPORT BEACH,ORANGE,92660,33.62521741,-117.9024109,2026-08-03T09:00:00Z,8/3/2026 13:00,Work is in progress.,Enhancing Reliability,6,PO,33,ELLIS,7/23/2026 14:39,2026-07-31T12:39:34,1:scheduled,2026-07-31T19:50:53Z
136355024,800555918,scheduled,ACTIVE,S,13,Upgrading Equipment,,EAST LOS ANGELES,LOS ANGELES,90022,34.02010183,-118.1529305,2026-08-07T20:00:00Z,8/8/2026 8:00,Work is in progress.,Enhancing Reliability,18,PO,22,MESA,7/30/2026 19:34,2026-07-31T12:39:34,1:scheduled,2026-07-31T19:50:53Z
136317077,800553104,scheduled,ACTIVE,S,18,Pole Upgrade,,COMPTON,LOS ANGELES,90220,33.89743042,-118.2481732,2026-08-03T09:00:00Z,8/3/2026 19:00,Work is in progress.,Enhancing Reliability,6,PO,32,LIGHTHIPE,7/22/2026 13:33,2026-07-31T12:39:34,1:scheduled,2026-07-31T19:50:53Z
136339270,800554881,scheduled,ACTIVE,S,6,Pole Upgrade,,LENNOX,LOS ANGELES,90304,33.94307136,-118.369701,2026-08-04T20:30:00Z,8/5/2026 4:30,Work is in progress.,Enhancing Reliability,6,PO,44,EL NIDO,7/27/2026 16:15,2026-07-31T12:39:34,1:scheduled,2026-07-31T19:50:53Z
136328910,800554153,scheduled,ACTIVE,S,26,Upgrading Equipment,,INGLEWOOD,LOS ANGELES,90303,33.93183549,-118.3256027,2026-08-07T21:00:00Z,8/8/2026 5:00,Work is in progress.,Enhancing Reliability,6,PO,44,EL NIDO,7/25/2026 10:30,2026-07-31T12:39:34,1:scheduled,2026-07-31T19:50:53Z
136325450,800553945,scheduled,ACTIVE,S,255,Pole Upgrade,,SANTA ANA,ORANGE,92703,33.73575468,-117.8885351,2026-08-04T08:00:00Z,8/4/2026 16:00,Work is in progress.,Enhancing Reliability,18,PO,29,ELLIS,7/24/2026 17:30,2026-07-31T12:39:34,1:scheduled,2026-07-31T19:50:53Z
136320896,800553505,scheduled,ACTIVE,S,0,Upgrading Equipment,,WESTMINSTER,ORANGE,92683,33.74944862,-117.9998345,2026-08-02T09:00:00Z,8/2/2026 14:00,Work is in progress.,Enhancing Reliability,6,PO,33,VILLA PARK,7/23/2026 13:07,2026-07-31T12:39:34,1:scheduled,2026-07-31T19:50:53Z
136324967,800553842,scheduled,ACTIVE,S,2,Upgrading Equipment,,DOWNEY,LOS ANGELES,90241,33.927631,-118.1138962,2026-08-05T20:00:00Z,8/6/2026 6:00,Work is in progress.,Enhancing Reliability,6,PO,47,LIGHTHIPE,7/24/2026 15:23,2026-07-31T12:39:34,1:scheduled,2026-07-31T19:50:53Z
136348222,800555565,scheduled,ACTIVE,S,5,Transformer Upgrade,,ROLLING HILLS ESTATES,LOS ANGELES,90274,33.78781291,-118.3625644,2026-08-11T09:30:00Z,8/11/2026 15:00,Work is in progress.,Enhancing Reliability,6,PO,44,EL NIDO,7/29/2026 13:02,2026-07-31T12:39:34,1:scheduled,2026-07-31T19:50:53Z
136323418,800553741,scheduled,ACTIVE,S,137,Cable Upgrade,,LANCASTER,LOS ANGELES,93536,34.70182938,-118.2868932,2026-08-03T09:00:00Z,8/3/2026 16:00,Work is in progress.,Enhancing Reliability,6,PO,36,VINCENT,7/24/2026 8:37,2026-07-31T12:39:34,1:scheduled,2026-07-31T19:50:53Z
136323256,800553724,scheduled,ACTIVE,S,2,Upgrading Equipment,,GARDEN GROVE,ORANGE,92841,33.78998494,-118.0036221,2026-08-03T21:00:00Z,8/4/2026 2:00,Work is in progress.,Enhancing Reliability,18,PO,29,VILLA PARK,7/24/2026 8:01,2026-07-31T12:39:34,1:scheduled,2026-07-31T19:50:53Z
136299764,800551857,scheduled,ACTIVE,S,140,Transformer Upgrade,,SANTA ANA,ORANGE,92707,33.70141982,-117.8695297,2026-07-31T15:00:00Z,7/31/2026 19:00,Work is in progress.,Enhancing Reliability,18,PO,29,ELLIS,7/18/2026 9:16,2026-07-31T12:39:34,1:scheduled,2026-07-31T19:50:53Z
136328243,800554010,scheduled,ACTIVE,S,1,Upgrading Equipment,,ALTADENA,LOS ANGELES,91001,34.19110266,-118.1232433,2026-08-06T09:00:00Z,8/6/2026 14:00,Work is in progress.,Enhancing Reliability,6,PO,27,MESA,7/25/2026 6:45,2026-07-31T12:39:34,1:scheduled,2026-07-31T19:50:53Z
136328278,800554104,scheduled,ACTIVE,S,14,Upgrading Equipment,,FOUNTAIN VALLEY,ORANGE,92708,33.72696063,-117.9329349,2026-08-05T12:30:00Z,8/5/2026 15:00,Work is in progress.,Enhancing Reliability,6,PO,33,ELLIS,7/25/2026 7:15,2026-07-31T12:39:34,1:scheduled,2026-07-31T19:50:53Z
136317915,800553129,scheduled,ACTIVE,S,3,Pole Upgrade,,Unincorporated Area,LOS ANGELES,93536,34.77453755,-118.5693218,2026-08-04T08:00:00Z,8/4/2026 16:00,Work is in progress.,Enhancing Reliability,18,PO,36,VINCENT,7/22/2026 17:10,2026-07-31T12:39:34,1:scheduled,2026-07-31T19:50:53Z
136358632,800556350,scheduled,ACTIVE,S,2,Upgrading Equipment,,RANCHO PALOS VERDES,LOS ANGELES,90275,33.73848183,-118.322536,2026-08-10T09:00:00Z,8/10/2026 10:30,Work is in progress.,Enhancing Reliability,18,PO,44,EL NIDO,7/31/2026 11:57,2026-07-31T12:39:34,1:scheduled,2026-07-31T19:50:53Z
136344047,800555158,scheduled,ACTIVE,S,2,Upgrading Equipment,,Unincorporated Area,LOS ANGELES,91390,34.4902163,-118.4600319,2026-08-06T09:00:00Z,8/6/2026 15:00,Work is in progress.,Enhancing Reliability,6,PO,59,SAUGUS,7/28/2026 16:38,2026-07-31T12:39:34,1:scheduled,2026-07-31T19:50:53Z
136354161,800556017,scheduled,ACTIVE,S,59,Upgrading Equipment,,INGLEWOOD,LOS ANGELES,90301,33.95679505,-118.3536081,2026-08-10T09:30:00Z,8/10/2026 16:30,Work is in progress.,Enhancing Reliability,6,PO,44,EL NIDO,7/30/2026 15:27,2026-07-31T12:39:34,1:scheduled,2026-07-31T19:50:53Z
136328766,800554150,scheduled,ACTIVE,S,76,Upgrading Equipment,,TORRANCE,LOS ANGELES,90503,33.84428369,-118.3573941,2026-08-03T09:30:00Z,8/3/2026 17:00,Work is in progress.,Enhancing Reliability,6,PO,44,EL NIDO,7/25/2026 9:52,2026-07-31T12:39:34,1:scheduled,2026-07-31T19:50:53Z
136358641,800556317,scheduled,ACTIVE,S,44,Pole Upgrade,,SANTA CLARITA,LOS ANGELES,91355,34.40751641,-118.5666222,2026-08-12T09:00:00Z,8/12/2026 13:00,Work is in progress.,Enhancing Reliability,6,PO,59,SAUGUS,7/31/2026 11:52,2026-07-31T12:39:34,1:scheduled,2026-07-31T19:50:53Z
136325431,800553868,scheduled,ACTIVE,S,2,Upgrading Equipment,,Unincorporated Area,LOS ANGELES,91301,34.1133076,-118.7760379,2026-08-06T13:30:00Z,8/6/2026 14:00,Work is in progress.,Enhancing Reliability,18,PO,35,MOORPARK,7/24/2026 17:24,2026-07-31T12:39:34,1:scheduled,2026-07-31T19:50:53Z
136317994,800553194,scheduled,ACTIVE,S,16,Upgrading Equipment,,LAKEWOOD,LOS ANGELES,90712,33.84137867,-118.1525395,2026-08-01T09:00:00Z,8/1/2026 15:00,Work is in progress.,Enhancing Reliability,6,PO,46,LIGHTHIPE,7/22/2026 17:33,2026-07-31T12:39:34,1:scheduled,2026-07-31T19:50:53Z
136343941,800555229,scheduled,ACTIVE,S,18,Upgrading Equipment,,FOUNTAIN VALLEY,ORANGE,92708,33.71635934,-117.970908,2026-08-07T01:00:00Z,8/7/2026 6:30,Work is in progress.,Enhancing Reliability,6,PO,33,ELLIS,7/28/2026 16:10,2026-07-31T12:39:34,1:scheduled,2026-07-31T19:50:53Z
136300596,800551967,scheduled,ACTIVE,S,154,Upgrading Equipment,,HUNTINGTON BEACH,ORANGE,92646,33.66020884,-117.9838715,2026-08-03T09:00:00Z,8/3/2026 15:00,Work is in progress.,Enhancing Reliability,6,PO,33,ELLIS,7/18/2026 12:22,2026-07-31T12:39:34,1:scheduled,2026-07-31T19:50:53Z
136343943,800555157,scheduled,ACTIVE,S,182,Upgrading Equipment,,PALMDALE,LOS ANGELES,93552,34.57080327,-118.0413464,2026-08-06T09:00:00Z,8/6/2026 15:00,Work is in progress.,Enhancing Reliability,6,PO,36,VINCENT,7/28/2026 16:14,2026-07-31T12:39:34,1:scheduled,2026-07-31T19:50:53Z
136328245,800553938,scheduled,ACTIVE,S,9,Pole Upgrade,,CHARTER OAK,LOS ANGELES,91724,34.09840679,-117.855199,2026-08-04T09:00:00Z,8/4/2026 19:00,Work is in progress.,Enhancing Reliability,6,PO,26,MIRA LOMA,7/25/2026 6:42,2026-07-31T12:39:34,1:scheduled,2026-07-31T19:50:53Z
136337279,800554700,scheduled,ACTIVE,S,7,Upgrading Equipment,,SOUTH EL MONTE,LOS ANGELES,91733,34.05234074,-118.048394,2026-08-05T11:00:00Z,8/5/2026 13:30,Work is in progress.,Enhancing Reliability,6,PO,22,MESA,7/27/2026 9:36,2026-07-31T12:39:34,1:scheduled,2026-07-31T19:50:53Z
136308316,800552373,scheduled,ACTIVE,S,4,Upgrading Equipment,,DOWNEY,LOS ANGELES,90242,33.92311731,-118.151489,2026-07-31T21:00:00Z,8/1/2026 4:00,Work is in progress.,Enhancing Reliability,6,PO,47,LIGHTHIPE,7/20/2026 14:44,2026-07-31T12:39:34,1:scheduled,2026-07-31T19:50:53Z
136325389,800553885,scheduled,ACTIVE,S,15,Upgrading Equipment,,PALOS VERDES ESTATES,LOS ANGELES,90274,33.79735017,-118.3647295,2026-08-03T08:00:00Z,8/3/2026 10:00,Work is in progress.,Enhancing Reliability,18,PO,44,EL NIDO,7/24/2026 17:13,2026-07-31T12:39:34,1:scheduled,2026-07-31T19:50:53Z
136328261,800553939,scheduled,ACTIVE,S,1,Upgrading Equipment,,CALABASAS,LOS ANGELES,91302,34.14237772,-118.7004175,2026-08-07T08:00:00Z,8/7/2026 14:00,Work is in progress.,Enhancing Reliability,6,PO,35,MOORPARK,7/25/2026 6:54,2026-07-31T12:39:34,1:scheduled,2026-07-31T19:50:53Z
136312051,800552710,scheduled,ACTIVE,S,35,Upgrading Equipment,,ALHAMBRA,LOS ANGELES,91801,34.0859853,-118.1240284,2026-08-02T09:00:00Z,8/2/2026 16:00,Work is in progress.,Enhancing Reliability,6,PO,22,MESA,7/21/2026 15:02,2026-07-31T12:39:34,1:scheduled,2026-07-31T19:50:53Z
136328862,800554204,scheduled,ACTIVE,S,16,Pole Upgrade,,SANTA MONICA,LOS ANGELES,90405,34.00777169,-118.4730362,2026-08-06T08:30:00Z,8/6/2026 17:30,Work is in progress.,Enhancing Reliability,6,PO,42,EL NIDO,7/25/2026 10:15,2026-07-31T12:39:34,1:scheduled,2026-07-31T19:50:53Z
136325479,800553946,scheduled,ACTIVE,S,21,Upgrading Equipment,,SANTA ANA,ORANGE,92704,33.71986342,-117.9063215,2026-08-04T09:00:00Z,8/4/2026 16:00,Work is in progress.,Enhancing Reliability,6,PO,29,ELLIS,7/24/2026 17:37,2026-07-31T12:39:34,1:scheduled,2026-07-31T19:50:53Z
136324788,800553827,scheduled,ACTIVE,S,116,Pole Upgrade,,ROWLAND HEIGHTS,LOS ANGELES,91748,33.98968711,-117.8995236,2026-08-03T08:00:00Z,8/3/2026 16:00,Work is in progress.,Enhancing Reliability,18,PO,26,MIRA LOMA,7/24/2026 14:24,2026-07-31T12:39:34,1:scheduled,2026-07-31T19:50:53Z
136354538,800556141,scheduled,ACTIVE,S,33,Upgrading Equipment,,COMPTON,LOS ANGELES,90221,33.90147585,-118.2063701,2026-08-11T08:00:00Z,8/11/2026 12:00,Work is in progress.,Enhancing Reliability,18,PO,32,LIGHTHIPE,7/30/2026 16:44,2026-07-31T12:39:34,1:scheduled,2026-07-31T19:50:53Z
136328682,800554187,scheduled,ACTIVE,S,1,Transformer Upgrade,,IRVINE,ORANGE,92618,33.66578857,-117.7876401,2026-08-05T13:00:00Z,8/5/2026 15:30,Work is in progress.,Enhancing Reliability,18,PO,43,ELLIS,7/25/2026 9:16,2026-07-31T12:39:34,1:scheduled,2026-07-31T19:50:53Z
136347682,800555418,scheduled,ACTIVE,S,101,Upgrading Equipment,,TEMPLE CITY,LOS ANGELES,91780,34.11095399,-118.0730495,2026-08-10T09:00:00Z,8/10/2026 16:30,Work is in progress.,Enhancing Reliability,18,PO,27,MESA,7/29/2026 10:36,2026-07-31T12:39:34,1:scheduled,2026-07-31T19:50:53Z
136342912,800555150,scheduled,ACTIVE,S,6,Upgrading Equipment,,MONROVIA,LOS ANGELES,91016,34.15484402,-118.007105,2026-08-04T09:30:00Z,8/4/2026 14:00,Work is in progress.,Enhancing Reliability,6,PO,27,MESA,7/28/2026 12:51,2026-07-31T12:39:34,1:scheduled,2026-07-31T19:50:53Z
136358322,800556386,scheduled,ACTIVE,S,4,Pole Upgrade,,SANTA CLARITA,LOS ANGELES,91321,34.37948795,-118.4964697,2026-08-11T08:30:00Z,8/11/2026 15:30,Work is in progress.,Enhancing Reliability,6,PO,59,SAUGUS,7/31/2026 10:51,2026-07-31T12:39:34,1:scheduled,2026-07-31T19:50:53Z
136354806,800556181,scheduled,ACTIVE,S,1,Upgrading Equipment,,HAWTHORNE,LOS ANGELES,90250,33.92289562,-118.3336244,2026-08-10T09:00:00Z,8/10/2026 16:00,Work is in progress.,Enhancing Reliability,6,PO,44,EL NIDO,7/30/2026 18:12,2026-07-31T12:39:34,1:scheduled,2026-07-31T19:50:53Z
136352687,800555776,scheduled,ACTIVE,S,1,Upgrading Equipment,,SANTA FE SPRINGS,LOS ANGELES,90670,33.94656785,-118.0669886,2026-08-11T04:00:00Z,8/11/2026 6:00,Work is in progress.,Enhancing Reliability,6,PO,47,LIGHTHIPE,7/30/2026 9:13,2026-07-31T12:39:34,1:scheduled,2026-07-31T19:50:53Z
136347742,800555452,scheduled,ACTIVE,S,19,Upgrading Equipment,,ROSEMEAD,LOS ANGELES,91770,34.05797209,-118.1046686,2026-08-11T08:30:00Z,8/11/2026 13:30,Work is in progress.,Enhancing Reliability,6,PO,22,MESA,7/29/2026 10:44,2026-07-31T12:39:34,1:scheduled,2026-07-31T19:50:53Z
136328262,800554029,scheduled,ACTIVE,S,7,Upgrading Equipment,,NEWPORT BEACH,ORANGE,92660,33.62437551,-117.8657592,2026-08-05T12:30:00Z,8/5/2026 15:30,Work is in progress.,Enhancing Reliability,6,PO,33,ELLIS,7/25/2026 7:02,2026-07-31T12:39:34,1:scheduled,2026-07-31T19:50:53Z
136336991,800554516,scheduled,ACTIVE,S,2,Upgrading Equipment,,BELLFLOWER,LOS ANGELES,90706,33.87428414,-118.1272763,2026-08-04T09:00:00Z,8/4/2026 15:15,Work is in progress.,Enhancing Reliability,6,PO,32,LIGHTHIPE,7/27/2026 8:40,2026-07-31T12:39:34,1:scheduled,2026-07-31T19:50:53Z
136339156,800554639,scheduled,ACTIVE,S,19,Upgrading Equipment,,Unincorporated Area,LOS ANGELES,90290,34.07462526,-118.6279987,2026-08-07T08:00:00Z,8/7/2026 16:00,Work is in progress.,Enhancing Reliability,18,PO,35,MOORPARK,7/27/2026 15:45,2026-07-31T12:39:34,1:scheduled,2026-07-31T19:50:53Z
136339144,800554657,scheduled,ACTIVE,S,3,Upgrading Equipment,,Unincorporated Area,LOS ANGELES,90290,34.07623226,-118.6178571,2026-08-07T08:00:00Z,8/7/2026 16:00,Work is in progress.,Enhancing Reliability,18,PO,35,MOORPARK,7/27/2026 15:41,2026-07-31T12:39:34,1:scheduled,2026-07-31T19:50:53Z
136325566,800553911,scheduled,ACTIVE,S,30,Upgrading Equipment,,MONTEBELLO,LOS ANGELES,90640,34.0261416,-118.1383909,2026-08-06T07:00:00Z,8/6/2026 17:00,Work is in progress.,Enhancing Reliability,14,PO,22,MESA,7/25/2026 4:56,2026-07-31T12:39:34,1:scheduled,2026-07-31T19:50:53Z
136354665,800555914,scheduled,ACTIVE,S,70,Upgrading Equipment,,ALHAMBRA,LOS ANGELES,91801,34.10390601,-118.130235,2026-08-11T08:00:00Z,8/11/2026 16:00,Work is in progress.,Enhancing Reliability,18,PO,22,MESA,7/30/2026 17:35,2026-07-31T12:39:34,1:scheduled,2026-07-31T19:50:53Z
136328253,800554012,scheduled,ACTIVE,S,19,Upgrading Equipment,,MAYFLOWER VILLAGE,LOS ANGELES,91006,34.11052557,-118.0130018,2026-08-06T13:00:00Z,8/6/2026 16:00,Work is in progress.,Enhancing Reliability,18,PO,27,MESA,7/25/2026 6:53,2026-07-31T12:39:34,1:scheduled,2026-07-31T19:50:53Z
136354345,800556065,scheduled,ACTIVE,S,41,Pole Upgrade,,LA PUENTE,LOS ANGELES,91744,34.02547885,-117.945087,2026-08-10T08:00:00Z,8/10/2026 16:00,Work is in progress.,Enhancing Reliability,18,PO,26,MIRA LOMA,7/30/2026 15:59,2026-07-31T12:39:34,1:scheduled,2026-07-31T19:50:53Z
136354660,800556143,scheduled,ACTIVE,S,30,Transformer Upgrade,,SAN DIMAS,LOS ANGELES,91773,34.12196472,-117.8082564,2026-08-10T09:00:00Z,8/10/2026 15:00,Work is in progress.,Enhancing Reliability,6,PO,26,MIRA LOMA,7/30/2026 17:30,2026-07-31T12:39:34,1:scheduled,2026-07-31T19:50:53Z
136328225,800554063,scheduled,ACTIVE,S,23,Transformer Upgrade,,PLACENTIA,ORANGE,92870,33.86854751,-117.8314997,2026-08-05T08:00:00Z,8/5/2026 11:00,Work is in progress.,Enhancing Reliability,18,PO,48,VILLA PARK,7/25/2026 6:38,2026-07-31T12:39:34,1:scheduled,2026-07-31T19:50:53Z
136299776,800551892,scheduled,ACTIVE,S,2,Upgrading Equipment,,IRVINE,ORANGE,92614,33.69546017,-117.8617122,2026-08-01T08:00:00Z,8/1/2026 15:00,Work is in progress.,Enhancing Reliability,6,PO,43,ELLIS,7/18/2026 9:19,2026-07-31T12:39:34,1:scheduled,2026-07-31T19:50:53Z
136323196,800553592,scheduled,ACTIVE,S,5,Upgrading Equipment,,ORANGE,ORANGE,92868,33.7853559,-117.8894843,2026-08-03T19:30:00Z,8/3/2026 22:30,Work is in progress.,Enhancing Reliability,6,PO,29,VILLA PARK,7/24/2026 7:23,2026-07-31T12:39:34,1:scheduled,2026-07-31T19:50:53Z
136278650,800550286,scheduled,ACTIVE,S,2,Upgrading Equipment,,ARCADIA,LOS ANGELES,91006,34.10301641,-118.0087889,2026-08-07T08:00:00Z,8/7/2026 12:00,Work is in progress.,Enhancing Reliability,6,PO,27,MESA,7/14/2026 10:58,2026-07-31T12:39:34,1:scheduled,2026-07-31T19:50:53Z
136354171,800555995,scheduled,ACTIVE,S,15,Pole Upgrade,,INDUSTRY,LOS ANGELES,91748,33.99301544,-117.9041804,2026-08-05T04:30:00Z,8/5/2026 15:00,Work is in progress.,Enhancing Reliability,18,PO,26,MIRA LOMA,7/30/2026 15:17,2026-07-31T12:39:34,1:scheduled,2026-07-31T19:50:53Z
136310580,800552606,scheduled,ACTIVE,S,8,Upgrading Equipment,,MONTEREY PARK,LOS ANGELES,91755,34.03943959,-118.105901,2026-08-01T08:00:00Z,8/1/2026 14:00,Work is in progress.,Enhancing Reliability,18,PO,22,MESA,7/21/2026 9:03,2026-07-31T12:39:34,1:scheduled,2026-07-31T19:50:53Z
136338073,800554652,scheduled,ACTIVE,S,16,Upgrading Equipment,,INGLEWOOD,LOS ANGELES,90305,33.95859389,-118.3227475,2026-08-07T10:00:00Z,8/7/2026 16:30,Work is in progress.,Enhancing Reliability,6,PO,44,EL NIDO,7/27/2026 12:01,2026-07-31T12:39:34,1:scheduled,2026-07-31T19:50:53Z
136328348,800554106,scheduled,ACTIVE,S,39,Pole Upgrade,,Unincorporated Area,LOS ANGELES,93543,34.57443132,-117.9646733,2026-08-05T10:00:00Z,8/5/2026 19:00,Work is in progress.,Enhancing Reliability,6,PO,36,VINCENT,7/25/2026 7:28,2026-07-31T12:39:34,1:scheduled,2026-07-31T19:50:53Z
136344234,800555190,scheduled,ACTIVE,S,26,Transformer Upgrade,,HUNTINGTON BEACH,ORANGE,92649,33.7125713,-118.0448671,2026-08-07T09:00:00Z,8/7/2026 13:00,Work is in progress.,Enhancing Reliability,6,PO,33,VILLA PARK,7/28/2026 17:21,2026-07-31T12:39:34,1:scheduled,2026-07-31T19:50:53Z
136328271,800554120,scheduled,ACTIVE,S,32,Pole Upgrade,,LA PUENTE,LOS ANGELES,91744,34.03539412,-117.9421693,2026-08-04T09:15:00Z,8/4/2026 15:00,Work is in progress.,Enhancing Reliability,6,PO,26,MIRA LOMA,7/25/2026 7:02,2026-07-31T12:39:34,1:scheduled,2026-07-31T19:50:53Z
136314379,800552697,scheduled,ACTIVE,S,272,Upgrading Equipment,,MONTEREY PARK,LOS ANGELES,91755,34.04821613,-118.1253894,2026-08-03T10:00:00Z,8/3/2026 15:00,Work is in progress.,Enhancing Reliability,6,PO,22,MESA,7/22/2026 7:09,2026-07-31T12:39:34,1:scheduled,2026-07-31T19:50:53Z
136337117,800554556,scheduled,ACTIVE,S,36,Pole Upgrade,,HAWTHORNE,LOS ANGELES,90250,33.90814325,-118.3515623,2026-08-03T08:00:00Z,8/3/2026 11:00,Work is in progress.,Enhancing Reliability,18,PO,44,EL NIDO,7/27/2026 9:10,2026-07-31T12:39:34,1:scheduled,2026-07-31T19:50:53Z
136353384,800555945,scheduled,ACTIVE,S,1,Upgrading Equipment,,FULLERTON,ORANGE,92833,33.88810721,-117.9425669,2026-08-10T09:00:00Z,8/10/2026 16:00,Work is in progress.,Enhancing Reliability,6,PO,48,VILLA PARK,7/30/2026 12:00,2026-07-31T12:39:34,1:scheduled,2026-07-31T19:50:53Z
136328462,800554108,scheduled,ACTIVE,S,15,Upgrading Equipment,,PICO RIVERA,LOS ANGELES,90660,33.99375799,-118.0932249,2026-08-07T09:00:00Z,8/7/2026 13:00,Work is in progress.,Enhancing Reliability,6,PO,47,LIGHTHIPE,7/25/2026 8:12,2026-07-31T12:39:34,1:scheduled,2026-07-31T19:50:53Z
136312665,800552686,scheduled,ACTIVE,S,104,Cable Upgrade,,BUENA PARK,ORANGE,90620,33.83989924,-117.9952055,2026-07-31T23:00:00Z,8/1/2026 6:30,Work is in progress.,Enhancing Reliability,18,PO,48,VILLA PARK,7/21/2026 18:22,2026-07-31T12:39:34,1:scheduled,2026-07-31T19:50:53Z
136341407,800554967,scheduled,ACTIVE,S,15,Upgrading Equipment,,MONTEREY PARK,LOS ANGELES,91755,34.0453556,-118.1025147,2026-08-10T08:30:00Z,8/10/2026 14:00,Work is in progress.,Enhancing Reliability,6,PO,22,MESA,7/28/2026 7:59,2026-07-31T12:39:34,1:scheduled,2026-07-31T19:50:53Z
136296252,800551558,scheduled,ACTIVE,S,26,Upgrading Equipment,,MONTEREY PARK,LOS ANGELES,91755,34.06450715,-118.1119444,2026-08-04T09:00:00Z,8/4/2026 18:30,Work is in progress.,Enhancing Reliability,14,PO,22,MESA,7/29/2026 14:19,2026-07-31T12:39:34,1:scheduled,2026-07-31T19:50:53Z
136328212,800554009,scheduled,ACTIVE,S,11,Upgrading Equipment,,NEWPORT BEACH,ORANGE,92625,33.60526308,-117.8704354,2026-08-04T12:30:00Z,8/4/2026 15:30,Work is in progress.,Enhancing Reliability,6,PO,33,ELLIS,7/25/2026 6:14,2026-07-31T12:39:34,1:scheduled,2026-07-31T19:50:53Z
136353881,800555934,scheduled,ACTIVE,S,81,Upgrading Equipment,,SANTA MONICA,LOS ANGELES,90404,34.01328832,-118.4832824,2026-08-09T09:00:00Z,8/9/2026 17:00,Work is in progress.,Enhancing Reliability,6,PO,42,EL NIDO,7/30/2026 14:11,2026-07-31T12:39:34,1:scheduled,2026-07-31T19:50:53Z
136314447,800552898,scheduled,ACTIVE,S,16,Upgrading Equipment,,MONTEREY PARK,LOS ANGELES,91755,34.06187842,-118.1213904,2026-08-04T00:00:00Z,8/4/2026 8:00,Work is in progress.,Enhancing Reliability,6,PO,22,MESA,7/25/2026 7:28,2026-07-31T12:39:34,1:scheduled,2026-07-31T19:50:53Z
136328222,800553979,scheduled,ACTIVE,S,8,Upgrading Equipment,,LA CANADA FLINTRIDGE,LOS ANGELES,91011,34.20430114,-118.1817758,2026-08-06T08:00:00Z,8/6/2026 16:00,Work is in progress.,Enhancing Reliability,18,PO,27,MESA,7/25/2026 6:26,2026-07-31T12:39:34,1:scheduled,2026-07-31T19:50:53Z
136325548,800553949,scheduled,ACTIVE,S,3,Transformer Upgrade,,CUDAHY,LOS ANGELES,90201,33.96578144,-118.1923681,2026-08-06T09:00:00Z,8/6/2026 18:00,Work is in progress.,Enhancing Reliability,6,PO,32,LIGHTHIPE,7/24/2026 17:57,2026-07-31T12:39:34,1:scheduled,2026-07-31T19:50:53Z
136348882,800555645,scheduled,ACTIVE,S,43,Upgrading Equipment,,RANCHO PALOS VERDES,LOS ANGELES,90275,33.78290036,-118.386786,2026-08-03T08:00:00Z,8/3/2026 12:00,Work is in progress.,Enhancing Reliability,18,PO,44,EL NIDO,7/29/2026 14:04,2026-07-31T12:39:34,1:scheduled,2026-07-31T19:50:53Z
136344144,800555212,scheduled,ACTIVE,S,57,Upgrading Equipment,,SANTA ANA,ORANGE,92706,33.77602339,-117.8722866,2026-08-07T21:00:00Z,8/8/2026 1:00,Work is in progress.,Enhancing Reliability,18,PO,29,VILLA PARK,7/28/2026 16:57,2026-07-31T12:39:34,1:scheduled,2026-07-31T19:50:53Z
136349469,800555690,scheduled,ACTIVE,S,73,Upgrading Equipment,,IRVINE,ORANGE,92602,33.72158327,-117.7908643,2026-08-08T08:00:00Z,8/8/2026 15:00,Work is in progress.,Enhancing Reliability,6,PO,43,ELLIS,7/29/2026 16:50,2026-07-31T12:39:34,1:scheduled,2026-07-31T19:50:53Z
136328489,800554128,scheduled,ACTIVE,S,1,Upgrading Equipment,,LANCASTER,LOS ANGELES,93535,34.6702734,-118.0625641,2026-08-05T12:00:00Z,8/5/2026 18:30,Work is in progress.,Enhancing Reliability,6,PO,36,VINCENT,7/25/2026 8:20,2026-07-31T12:39:34,1:scheduled,2026-07-31T19:50:53Z
136343858,800555225,scheduled,ACTIVE,S,122,Upgrading Equipment,,VIEW PARK-WINDSOR HILLS,LOS ANGELES,90043,33.98985103,-118.3553094,2026-08-12T08:00:00Z,8/12/2026 10:30,Work is in progress.,Enhancing Reliability,20,PO,44,EL NIDO,7/29/2026 6:50,2026-07-31T12:39:34,1:scheduled,2026-07-31T19:50:53Z
136300609,800551954,scheduled,ACTIVE,S,53,Upgrading Equipment,,GARDEN GROVE,ORANGE,92845,33.77716562,-118.0391821,2026-08-03T08:00:00Z,8/3/2026 15:00,Work is in progress.,Enhancing Reliability,18,PO,29,VILLA PARK,7/18/2026 12:28,2026-07-31T12:39:34,1:scheduled,2026-07-31T19:50:53Z
136328752,800554202,scheduled,ACTIVE,S,2,Upgrading Equipment,,Unincorporated Area,LOS ANGELES,91302,34.14156762,-118.7041182,2026-08-05T22:00:00Z,8/6/2026 5:00,Work is in progress.,Enhancing Reliability,6,PO,35,MOORPARK,7/25/2026 9:35,2026-07-31T12:39:34,1:scheduled,2026-07-31T19:50:53Z
136352829,800555816,scheduled,ACTIVE,S,1,Upgrading Equipment,,NEWPORT BEACH,ORANGE,92660,33.64245359,-117.8671646,2026-08-10T09:00:00Z,8/10/2026 11:00,Work is in progress.,Enhancing Reliability,6,PO,33,ELLIS,7/30/2026 9:43,2026-07-31T12:39:34,1:scheduled,2026-07-31T19:50:53Z
136202942,800544860,scheduled,ACTIVE,S,1,Transformer Upgrade,,GARDENA,LOS ANGELES,90249,33.89112479,-118.3157992,2026-08-03T08:00:00Z,8/3/2026 12:00,Work is in progress.,Enhancing Reliability,20,PO,44,EL NIDO,7/10/2026 7:29,2026-07-31T12:39:34,1:scheduled,2026-07-31T19:50:53Z
136310937,800552497,scheduled,ACTIVE,S,2,Upgrading Equipment,,Unincorporated Area,LOS ANGELES,91384,34.45036276,-118.5993263,2026-08-05T05:00:00Z,10/2/2026 16:00,Work is in progress.,Enhancing Reliability,14,PO,59,SAUGUS,7/22/2026 6:49,2026-07-31T12:39:34,1:scheduled,2026-07-31T19:50:53Z
136352296,800555828,scheduled,ACTIVE,S,130,Upgrading Equipment,,SANTA CLARITA,LOS ANGELES,91355,34.4042273,-118.5579251,2026-08-10T09:00:00Z,8/10/2026 15:00,Work is in progress.,Enhancing Reliability,6,PO,59,SAUGUS,7/30/2026 7:50,2026-07-31T12:39:34,1:scheduled,2026-07-31T19:50:53Z
136341205,800554947,scheduled,ACTIVE,S,14,Transformer Upgrade,,ROWLAND HEIGHTS,LOS ANGELES,91748,33.99542001,-117.8828353,2026-08-09T01:00:00Z,8/9/2026 7:00,Work is in progress.,Enhancing Reliability,6,PO,26,MIRA LOMA,7/28/2026 5:54,2026-07-31T12:39:34,1:scheduled,2026-07-31T19:50:53Z
136352242,800555734,scheduled,ACTIVE,S,3,Upgrading Equipment,,ARCADIA,LOS ANGELES,91006,34.14282886,-118.0295332,2026-08-11T08:00:00Z,8/11/2026 15:00,Work is in progress.,Enhancing Reliability,18,PO,27,MESA,7/30/2026 7:25,2026-07-31T12:39:34,1:scheduled,2026-07-31T19:50:53Z
136314405,800552913,scheduled,ACTIVE,S,19,Upgrading Equipment,,MONROVIA,LOS ANGELES,91016,34.15166131,-118.0102787,2026-08-03T22:00:00Z,8/4/2026 6:30,Work is in progress.,Enhancing Reliability,18,PO,27,MESA,7/22/2026 7:17,2026-07-31T12:39:34,1:scheduled,2026-07-31T19:50:53Z
136354675,800555959,scheduled,ACTIVE,S,53,Transformer Upgrade,,LA VERNE,LOS ANGELES,91750,34.1327931,-117.7774199,2026-08-10T09:00:00Z,8/10/2026 15:00,Work is in progress.,Enhancing Reliability,6,PO,26,MIRA LOMA,7/30/2026 17:38,2026-07-31T12:39:34,1:scheduled,2026-07-31T19:50:53Z
136328479,800554145,scheduled,ACTIVE,S,1,Upgrading Equipment,,Unincorporated Area,LOS ANGELES,90601,34.0235945,-118.0360875,2026-08-08T08:00:00Z,8/8/2026 15:00,Work is in progress.,Enhancing Reliability,6,PO,22,MESA,7/25/2026 8:20,2026-07-31T12:39:34,1:scheduled,2026-07-31T19:50:53Z
136325398,800553960,scheduled,ACTIVE,S,61,Transformer Upgrade,,PALMDALE,LOS ANGELES,93552,34.56891643,-118.0481432,2026-08-10T09:00:00Z,8/10/2026 15:00,Work is in progress.,Enhancing Reliability,14,PO,36,VINCENT,7/29/2026 17:17,2026-07-31T12:39:34,1:scheduled,2026-07-31T19:50:53Z
136344187,800555283,scheduled,ACTIVE,S,129,Upgrading Equipment,,SANTA ANA,ORANGE,92704,33.69767168,-117.8947289,2026-08-07T09:00:00Z,8/7/2026 15:00,Work is in progress.,Enhancing Reliability,6,PO,29,ELLIS,7/28/2026 17:06,2026-07-31T12:39:34,1:scheduled,2026-07-31T19:50:53Z
136343875,800555226,scheduled,ACTIVE,S,6,Transformer Upgrade,,DEL AIRE,LOS ANGELES,90045,33.92904523,-118.3769087,2026-08-06T09:30:00Z,8/6/2026 15:00,Work is in progress.,Enhancing Reliability,6,PO,44,EL NIDO,7/28/2026 15:48,2026-07-31T12:39:34,1:scheduled,2026-07-31T19:50:53Z
136339595,800554825,scheduled,ACTIVE,S,2,Pole Upgrade,,VAL VERDE,LOS ANGELES,91384,34.44720586,-118.6640893,2026-08-06T09:00:00Z,8/6/2026 16:00,Work is in progress.,Enhancing Reliability,6,PO,59,SAUGUS,7/27/2026 18:07,2026-07-31T12:39:34,1:scheduled,2026-07-31T19:50:53Z
136328827,800554203,scheduled,ACTIVE,S,1,Pole Upgrade,,EL SEGUNDO,LOS ANGELES,90245,33.92378593,-118.3928821,2026-08-03T21:30:00Z,8/4/2026 4:30,Work is in progress.,Enhancing Reliability,6,PO,44,EL NIDO,7/25/2026 10:01,2026-07-31T12:39:34,1:scheduled,2026-07-31T19:50:53Z
136353020,800555886,scheduled,ACTIVE,S,2,Transformer Upgrade,,Unincorporated Area,LOS ANGELES,93536,34.7007823,-118.2617108,2026-08-06T08:00:00Z,8/6/2026 15:00,Work is in progress.,Enhancing Reliability,6,PO,36,VINCENT,7/30/2026 10:27,2026-07-31T12:39:34,1:scheduled,2026-07-31T19:50:53Z
136357889,800556344,scheduled,ACTIVE,S,38,Pole Upgrade,,Unincorporated Area,LOS ANGELES,93543,34.57443132,-117.9646733,2026-08-11T08:00:00Z,8/11/2026 16:00,Work is in progress.,Enhancing Reliability,6,PO,36,VINCENT,7/31/2026 9:51,2026-07-31T12:39:34,1:scheduled,2026-07-31T19:50:53Z
136348704,800555605,scheduled,ACTIVE,S,0,Pole Upgrade,,LA VERNE,LOS ANGELES,91750,34.10507925,-117.7683166,2026-08-04T09:00:00Z,8/4/2026 15:00,Work is in progress.,Enhancing Reliability,6,PO,26,MIRA LOMA,7/29/2026 13:18,2026-07-31T12:39:34,1:scheduled,2026-07-31T19:50:53Z
136312599,800552735,scheduled,ACTIVE,S,231,Upgrading Equipment,,WEST COVINA,LOS ANGELES,91791,34.07013862,-117.8937259,2026-08-01T22:00:00Z,8/2/2026 5:00,Work is in progress.,Enhancing Reliability,18,PO,26,MIRA LOMA,7/21/2026 17:56,2026-07-31T12:39:34,1:scheduled,2026-07-31T19:50:53Z
136352774,800555882,scheduled,ACTIVE,S,21,Pole Upgrade,,SOUTH WHITTIER,LOS ANGELES,90604,33.92781392,-118.0119502,2026-08-10T05:00:00Z,8/10/2026 18:30,Work is in progress.,Enhancing Reliability,6,PO,48,VILLA PARK,7/30/2026 9:34,2026-07-31T12:39:34,1:scheduled,2026-07-31T19:50:53Z
136341250,800554948,scheduled,ACTIVE,S,28,Upgrading Equipment,,ALTADENA,LOS ANGELES,91001,34.18238547,-118.1463208,2026-08-10T12:00:00Z,8/10/2026 16:00,Work is in progress.,Enhancing Reliability,20,PO,27,MESA,7/29/2026 14:24,2026-07-31T12:39:34,1:scheduled,2026-07-31T19:50:53Z
136348209,800555583,scheduled,ACTIVE,S,9,Transformer Upgrade,,SANTA CLARITA,LOS ANGELES,91387,34.38800863,-118.411105,2026-08-07T09:00:00Z,8/7/2026 14:00,Work is in progress.,Enhancing Reliability,6,PO,59,SAUGUS,7/29/2026 12:14,2026-07-31T12:39:34,1:scheduled,2026-07-31T19:50:53Z
136325763,800553952,scheduled,ACTIVE,S,61,Upgrading Equipment,,LA CRESCENTA-MONTROSE,LOS ANGELES,91214,34.23781108,-118.2287946,2026-08-05T09:00:00Z,8/5/2026 18:30,Work is in progress.,Enhancing Reliability,6,PO,27,MESA,7/24/2026 19:09,2026-07-31T12:39:34,1:scheduled,2026-07-31T19:50:53Z
136358177,800556217,scheduled,ACTIVE,S,81,Upgrading Equipment,,MANHATTAN BEACH,LOS ANGELES,90266,33.88143431,-118.3943232,2026-08-07T22:00:00Z,8/8/2026 6:00,Work is in progress.,Enhancing Reliability,6,PO,44,EL NIDO,7/31/2026 10:26,2026-07-31T12:39:34,1:scheduled,2026-07-31T19:50:53Z
136255354,800548295,scheduled,ACTIVE,S,0,Transformer Upgrade,,Unincorporated Area,LOS ANGELES,90265,34.04416646,-118.5700743,2026-08-06T09:30:00Z,8/6/2026 17:00,Work is in progress.,Enhancing Reliability,14,PO,35,MOORPARK,7/21/2026 12:33,2026-07-31T12:39:34,1:scheduled,2026-07-31T19:50:53Z
136328437,800554066,scheduled,ACTIVE,S,39,Pole Upgrade,,LA PUENTE,LOS ANGELES,91744,34.03645066,-117.9646501,2026-08-07T08:00:00Z,8/7/2026 18:00,Work is in progress.,Enhancing Reliability,18,PO,26,MIRA LOMA,7/25/2026 8:04,2026-07-31T12:39:34,1:scheduled,2026-07-31T19:50:53Z
136337813,800554693,scheduled,ACTIVE,S,0,Transformer Upgrade,,BEVERLY HILLS,LOS ANGELES,90210,34.08736616,-118.4112551,2026-08-04T09:30:00Z,8/4/2026 16:00,Work is in progress.,Enhancing Reliability,6,PO,42,EL NIDO,7/27/2026 10:54,2026-07-31T12:39:34,1:scheduled,2026-07-31T19:50:53Z
136325568,800553872,scheduled,ACTIVE,S,38,Upgrading Equipment,,SEAL BEACH,ORANGE,90740,33.76137699,-118.0782458,2026-08-06T22:00:00Z,8/7/2026 4:00,Work is in progress.,Enhancing Reliability,6,PO,46,LIGHTHIPE,7/24/2026 18:06,2026-07-31T12:39:34,1:scheduled,2026-07-31T19:50:53Z
136316363,800552876,scheduled,ACTIVE,S,10,Upgrading Equipment,,INGLEWOOD,LOS ANGELES,90301,33.96264075,-118.356982,2026-08-02T21:00:00Z,8/3/2026 1:00,Work is in progress.,Enhancing Reliability,6,PO,44,EL NIDO,7/22/2026 11:14,2026-07-31T12:39:34,1:scheduled,2026-07-31T19:50:53Z
136002244,800534248,scheduled,ACTIVE,S,97,Upgrading Equipment,,LAKEWOOD,LOS ANGELES,90715,33.8368287,-118.0871747,2026-08-03T01:00:00Z,8/3/2026 8:00,Work is in progress.,Enhancing Reliability,14,PO,46,LIGHTHIPE,7/10/2026 8:16,2026-07-31T12:39:34,1:scheduled,2026-07-31T19:50:53Z
136349028,800555682,scheduled,ACTIVE,S,17,Upgrading Equipment,,FLORENCE-GRAHAM,LOS ANGELES,90002,33.95496158,-118.2355334,2026-08-10T09:00:00Z,8/10/2026 15:00,Work is in progress.,Enhancing Reliability,6,PO,32,LIGHTHIPE,7/29/2026 14:47,2026-07-31T12:39:34,1:scheduled,2026-07-31T19:50:53Z
136344072,800555281,scheduled,ACTIVE,S,35,Upgrading Equipment,,FULLERTON,ORANGE,92833,33.8939339,-117.9484701,2026-08-07T09:00:00Z,8/7/2026 16:00,Work is in progress.,Enhancing Reliability,6,PO,48,VILLA PARK,7/28/2026 16:45,2026-07-31T12:39:34,1:scheduled,2026-07-31T19:50:53Z
136328173,800553975,scheduled,ACTIVE,S,2,Upgrading Equipment,,HUNTINGTON PARK,LOS ANGELES,90058,33.99115735,-118.2279883,2026-08-07T10:00:00Z,8/7/2026 18:00,Work is in progress.,Enhancing Reliability,6,PO,32,LIGHTHIPE,7/25/2026 5:33,2026-07-31T12:39:34,1:scheduled,2026-07-31T19:50:53Z
136348161,800555456,scheduled,ACTIVE,S,16,Pole Upgrade,,LANCASTER,LOS ANGELES,93534,34.69277666,-118.1314044,2026-08-06T17:00:00Z,8/6/2026 22:00,Work is in progress.,Enhancing Reliability,6,PO,36,VINCENT,7/29/2026 12:04,2026-07-31T12:39:34,1:scheduled,2026-07-31T19:50:53Z
136320552,800553404,scheduled,ACTIVE,S,1,Upgrading Equipment,,YORBA LINDA,ORANGE,92886,33.89045615,-117.8140499,2026-08-01T09:00:00Z,8/1/2026 16:00,Work is in progress.,Enhancing Reliability,6,PO,48,VILLA PARK,7/23/2026 11:20,2026-07-31T12:39:34,1:scheduled,2026-07-31T19:50:53Z
136349441,800555667,scheduled,ACTIVE,S,46,Pole Upgrade,,SANTA ANA,ORANGE,92705,33.76636762,-117.8340199,2026-08-06T08:00:00Z,8/6/2026 16:00,Work is in progress.,Enhancing Reliability,18,PO,29,VILLA PARK,7/29/2026 16:40,2026-07-31T12:39:34,1:scheduled,2026-07-31T19:50:53Z
136328428,800554032,scheduled,ACTIVE,S,65,Pole Upgrade,,LA PUENTE,LOS ANGELES,91744,34.01334896,-117.9340657,2026-08-07T08:00:00Z,8/7/2026 17:00,Work is in progress.,Enhancing Reliability,18,PO,26,MIRA LOMA,7/25/2026 8:01,2026-07-31T12:39:34,1:scheduled,2026-07-31T19:50:53Z
136342596,800555113,scheduled,ACTIVE,S,4,Upgrading Equipment,,Unincorporated Area,LOS ANGELES,91301,34.10301717,-118.7207613,2026-08-03T17:00:00Z,8/4/2026 1:30,Work is in progress.,Enhancing Reliability,18,PO,35,MOORPARK,7/28/2026 12:01,2026-07-31T12:39:35,1:scheduled,2026-07-31T19:50:53Z
136339497,800554715,scheduled,ACTIVE,S,4,Pole Upgrade,,LANCASTER,LOS ANGELES,93534,34.64586129,-118.168716,2026-08-05T00:30:00Z,8/5/2026 11:00,Work is in progress.,Enhancing Reliability,6,PO,36,VINCENT,7/27/2026 17:26,2026-07-31T12:39:35,1:scheduled,2026-07-31T19:50:53Z
136299546,800551851,scheduled,ACTIVE,S,0,Upgrading Equipment,,SOUTH PASADENA,LOS ANGELES,91030,34.10488257,-118.1455766,2026-08-03T08:00:00Z,8/3/2026 10:00,Work is in progress.,Enhancing Reliability,18,PO,27,MESA,7/18/2026 8:18,2026-07-31T12:39:35,1:scheduled,2026-07-31T19:50:53Z
136347655,800555398,scheduled,ACTIVE,S,61,Upgrading Equipment,,MONROVIA,LOS ANGELES,91016,34.15200051,-117.9881984,2026-08-10T08:30:00Z,8/10/2026 16:30,Work is in progress.,Enhancing Reliability,18,PO,27,MESA,7/29/2026 10:30,2026-07-31T12:39:35,1:scheduled,2026-07-31T19:50:53Z
136311432,800552596,scheduled,ACTIVE,S,22,Pole Upgrade,,COVINA,LOS ANGELES,91723,34.07972608,-117.8886699,2026-08-02T08:00:00Z,8/2/2026 15:00,Work is in progress.,Enhancing Reliability,6,PO,26,MIRA LOMA,7/21/2026 11:58,2026-07-31T12:39:35,1:scheduled,2026-07-31T19:50:53Z
136357639,800556239,scheduled,ACTIVE,S,1,Transformer Upgrade,,LONG BEACH,LOS ANGELES,90803,33.76368142,-118.1161752,2026-08-11T09:30:00Z,8/11/2026 13:00,Work is in progress.,Enhancing Reliability,6,PO,46,LIGHTHIPE,7/31/2026 9:04,2026-07-31T12:39:35,1:scheduled,2026-07-31T19:50:53Z
136325493,800553925,scheduled,ACTIVE,S,50,Pole Upgrade,,BUENA PARK,ORANGE,90620,33.84982791,-118.0105616,2026-08-03T21:00:00Z,8/4/2026 3:00,Work is in progress.,Enhancing Reliability,18,PO,48,VILLA PARK,7/24/2026 17:43,2026-07-31T12:39:35,1:scheduled,2026-07-31T19:50:53Z
136317637,800553184,scheduled,ACTIVE,S,17,Upgrading Equipment,,GLENDORA,LOS ANGELES,91741,34.1322976,-117.8215397,2026-08-03T08:00:00Z,8/3/2026 15:30,Work is in progress.,Enhancing Reliability,18,PO,26,MIRA LOMA,7/22/2026 15:53,2026-07-31T12:39:35,1:scheduled,2026-07-31T19:50:53Z
136299745,800551928,scheduled,ACTIVE,S,317,Upgrading Equipment,,LAKE LOS ANGELES,LOS ANGELES,93535,34.62308267,-117.8515447,2026-08-13T09:00:00Z,8/13/2026 14:00,Work is in progress.,Enhancing Reliability,14,PO,36,VINCENT,7/30/2026 13:41,2026-07-31T12:39:35,1:scheduled,2026-07-31T19:50:53Z
136324923,800553793,scheduled,ACTIVE,S,0,Upgrading Equipment,,SANTA FE SPRINGS,LOS ANGELES,90670,33.94359895,-118.0551139,2026-08-01T08:00:00Z,8/1/2026 13:00,Work is in progress.,Enhancing Reliability,6,PO,47,LIGHTHIPE,7/24/2026 15:09,2026-07-31T12:39:35,1:scheduled,2026-07-31T19:50:53Z
136316229,800553035,scheduled,ACTIVE,S,15,Upgrading Equipment,,BALDWIN PARK,LOS ANGELES,91706,34.10235219,-117.9562249,2026-08-04T08:00:00Z,8/4/2026 14:00,Work is in progress.,Enhancing Reliability,18,PO,27,MESA,7/22/2026 10:35,2026-07-31T12:39:35,1:scheduled,2026-07-31T19:50:53Z
136308865,800552418,scheduled,ACTIVE,S,11,Pole Upgrade,,POMONA,LOS ANGELES,91766,34.05783773,-117.7565761,2026-07-31T18:00:00Z,8/1/2026 4:00,Work is in progress.,Enhancing Reliability,6,PO,26,MIRA LOMA,7/20/2026 17:52,2026-07-31T12:39:35,1:scheduled,2026-07-31T19:50:53Z
136353674,800555948,scheduled,ACTIVE,S,99,Upgrading Equipment,,HUNTINGTON BEACH,ORANGE,92646,33.65288831,-117.9783951,2026-08-10T10:00:00Z,8/10/2026 14:00,Work is in progress.,Enhancing Reliability,6,PO,33,ELLIS,7/30/2026 13:23,2026-07-31T12:39:35,1:scheduled,2026-07-31T19:50:53Z
136316176,800552973,scheduled,ACTIVE,S,20,Upgrading Equipment,,SIERRA MADRE,LOS ANGELES,91024,34.16222235,-118.0647586,2026-08-04T01:30:00Z,8/4/2026 6:30,Work is in progress.,Enhancing Reliability,18,PO,27,MESA,7/22/2026 10:26,2026-07-31T12:39:35,1:scheduled,2026-07-31T19:50:53Z
136325562,800553815,scheduled,ACTIVE,S,8,Transformer Upgrade,,SANTA FE SPRINGS,LOS ANGELES,90670,33.91613254,-118.0448573,2026-08-06T01:00:00Z,8/6/2026 6:00,Work is in progress.,Enhancing Reliability,6,PO,47,LIGHTHIPE,7/24/2026 18:03,2026-07-31T12:39:35,1:scheduled,2026-07-31T19:50:53Z
136317762,800553148,scheduled,ACTIVE,S,1,Upgrading Equipment,,STANTON,ORANGE,90680,33.80673803,-117.9906668,2026-08-03T07:30:00Z,8/3/2026 16:00,Work is in progress.,Enhancing Reliability,6,PO,48,VILLA PARK,7/22/2026 16:34,2026-07-31T12:39:35,1:scheduled,2026-07-31T19:50:53Z
136349055,800555684,scheduled,ACTIVE,S,0,Upgrading Equipment,,GARDEN GROVE,ORANGE,92841,33.79803057,-118.0032841,2026-07-31T23:00:00Z,8/1/2026 5:00,Work is in progress.,Enhancing Reliability,6,PO,29,VILLA PARK,7/29/2026 14:59,2026-07-31T12:39:35,1:scheduled,2026-07-31T19:50:53Z
136321999,800553511,scheduled,ACTIVE,S,27,Upgrading Equipment,,SANTA ANA,ORANGE,92706,33.75645897,-117.8706567,2026-08-03T09:00:00Z,8/3/2026 13:00,Work is in progress.,Enhancing Reliability,6,PO,29,VILLA PARK,7/23/2026 14:58,2026-07-31T12:39:35,1:scheduled,2026-07-31T19:50:53Z
136328459,800554164,scheduled,ACTIVE,S,24,Pole Upgrade,,VALINDA,LOS ANGELES,91744,34.04911928,-117.9409802,2026-08-08T08:00:00Z,8/8/2026 16:00,Work is in progress.,Enhancing Reliability,6,PO,26,MIRA LOMA,7/25/2026 8:11,2026-07-31T12:39:35,1:scheduled,2026-07-31T19:50:53Z
136317032,800552978,scheduled,ACTIVE,S,1,Upgrading Equipment,,CARSON,LOS ANGELES,90810,33.83818575,-118.2351044,2026-08-03T15:00:00Z,8/3/2026 18:00,Work is in progress.,Enhancing Reliability,14,PO,32,LIGHTHIPE,7/23/2026 9:24,2026-07-31T12:39:35,1:scheduled,2026-07-31T19:50:53Z
136336605,800554510,scheduled,ACTIVE,S,24,Pole Upgrade,,RANCHO PALOS VERDES,LOS ANGELES,90275,33.78533572,-118.382555,2026-08-04T08:30:00Z,8/4/2026 16:00,Work is in progress.,Enhancing Reliability,18,PO,44,EL NIDO,7/27/2026 7:59,2026-07-31T12:39:35,1:scheduled,2026-07-31T19:50:53Z
136325515,800553886,scheduled,ACTIVE,S,31,Pole Upgrade,,LONG BEACH,LOS ANGELES,90805,33.87607604,-118.1961774,2026-08-06T09:00:00Z,8/6/2026 14:30,Work is in progress.,Enhancing Reliability,6,PO,46,LIGHTHIPE,7/24/2026 17:47,2026-07-31T12:39:35,1:scheduled,2026-07-31T19:50:53Z
136328891,800554114,scheduled,ACTIVE,S,63,Upgrading Equipment,,BELLFLOWER,LOS ANGELES,90706,33.8785164,-118.1279621,2026-08-10T09:00:00Z,8/10/2026 16:00,Work is in progress.,Enhancing Reliability,6,PO,32,LIGHTHIPE,7/25/2026 10:28,2026-07-31T12:39:35,1:scheduled,2026-07-31T19:50:53Z
136319512,800553288,scheduled,ACTIVE,S,134,Upgrading Equipment,,CALABASAS,LOS ANGELES,91302,34.15755395,-118.6967379,2026-08-04T08:00:00Z,8/4/2026 14:00,Work is in progress.,Enhancing Reliability,18,PO,35,MOORPARK,7/23/2026 15:46,2026-07-31T12:39:35,1:scheduled,2026-07-31T19:50:53Z
136349752,800555668,scheduled,ACTIVE,S,409,Upgrading Equipment,,SOUTH EL MONTE,LOS ANGELES,91733,34.04567158,-118.0503738,2026-08-06T22:00:00Z,8/7/2026 6:30,Work is in progress.,Enhancing Reliability,18,PO,22,MESA,7/29/2026 18:15,2026-07-31T12:39:35,1:scheduled,2026-07-31T19:50:53Z
136338482,800554698,scheduled,ACTIVE,S,147,Upgrading Equipment,,LA HABRA,ORANGE,90631,33.9272655,-117.9569626,2026-08-06T09:00:00Z,8/6/2026 15:00,Work is in progress.,Enhancing Reliability,6,PO,48,VILLA PARK,7/27/2026 13:25,2026-07-31T12:39:35,1:scheduled,2026-07-31T19:50:53Z
136353892,800555899,scheduled,ACTIVE,S,5,Upgrading Equipment,,MALIBU,LOS ANGELES,90265,34.0427901,-118.9139633,2026-08-11T08:00:00Z,8/11/2026 13:00,Work is in progress.,Enhancing Reliability,18,PO,35,MOORPARK,7/30/2026 14:05,2026-07-31T12:39:35,1:scheduled,2026-07-31T19:50:53Z
136324505,800553803,scheduled,ACTIVE,S,79,Upgrading Equipment,,ARCADIA,LOS ANGELES,91006,34.17374058,-118.0218276,2026-08-04T08:00:00Z,8/4/2026 14:00,Work is in progress.,Enhancing Reliability,18,PO,27,MESA,7/24/2026 13:10,2026-07-31T12:39:35,1:scheduled,2026-07-31T19:50:53Z
136321077,800553397,scheduled,ACTIVE,S,24,Upgrading Equipment,,LAKEWOOD,LOS ANGELES,90713,33.8634572,-118.1104667,2026-08-04T09:00:00Z,8/4/2026 15:15,Work is in progress.,Enhancing Reliability,6,PO,46,LIGHTHIPE,7/23/2026 14:25,2026-07-31T12:39:35,1:scheduled,2026-07-31T19:50:53Z
136328183,800554008,scheduled,ACTIVE,S,77,Pole Upgrade,,LONG BEACH,LOS ANGELES,90805,33.87055,-118.1806371,2026-08-08T09:00:00Z,8/8/2026 16:00,Work is in progress.,Enhancing Reliability,6,PO,46,LIGHTHIPE,7/25/2026 5:50,2026-07-31T12:39:35,1:scheduled,2026-07-31T19:50:53Z
136325372,800553835,scheduled,ACTIVE,S,505,Upgrading Equipment,,HAWTHORNE,LOS ANGELES,90250,33.9050099,-118.3745712,2026-08-03T08:00:00Z,8/3/2026 16:00,Work is in progress.,Enhancing Reliability,18,PO,44,EL NIDO,7/24/2026 17:09,2026-07-31T12:39:35,1:scheduled,2026-07-31T19:50:53Z
136354673,800556105,scheduled,ACTIVE,S,12,Upgrading Equipment,,LONG BEACH,LOS ANGELES,90807,33.83777868,-118.1898062,2026-08-11T09:00:00Z,8/11/2026 11:00,Work is in progress.,Enhancing Reliability,6,PO,46,LIGHTHIPE,7/30/2026 17:36,2026-07-31T12:39:35,1:scheduled,2026-07-31T19:50:53Z
136339649,800554769,scheduled,ACTIVE,S,7,Upgrading Equipment,,GARDEN GROVE,ORANGE,92843,33.74984432,-117.9424282,2026-08-05T08:00:00Z,8/5/2026 15:00,Work is in progress.,Enhancing Reliability,18,PO,29,VILLA PARK,7/27/2026 18:19,2026-07-31T12:39:35,1:scheduled,2026-07-31T19:50:53Z
136341420,800554985,scheduled,ACTIVE,S,53,Pole Upgrade,,EL SEGUNDO,LOS ANGELES,90245,33.92245755,-118.4115352,2026-08-03T08:00:00Z,8/3/2026 15:00,Work is in progress.,Enhancing Reliability,18,PO,44,EL NIDO,7/28/2026 8:07,2026-07-31T12:39:35,1:scheduled,2026-07-31T19:50:53Z
136349519,800555576,scheduled,ACTIVE,S,597,Upgrading Equipment,,IRVINE,ORANGE,92612,33.64953804,-117.8256227,2026-08-08T08:30:00Z,8/8/2026 18:30,Work is in progress.,Enhancing Reliability,6,PO,43,ELLIS,7/29/2026 17:05,2026-07-31T12:39:35,1:scheduled,2026-07-31T19:50:53Z
136343331,800555205,scheduled,ACTIVE,S,34,Upgrading Equipment,,LONG BEACH,LOS ANGELES,90804,33.78291317,-118.1606925,2026-08-09T09:00:00Z,8/9/2026 15:00,Work is in progress.,Enhancing Reliability,6,PO,46,LIGHTHIPE,7/28/2026 14:36,2026-07-31T12:39:35,1:scheduled,2026-07-31T19:50:53Z
136352910,800555779,scheduled,ACTIVE,S,76,Upgrading Equipment,,COSTA MESA,ORANGE,92627,33.65240983,-117.9042265,2026-08-10T09:00:00Z,8/10/2026 10:30,Work is in progress.,Enhancing Reliability,6,PO,33,ELLIS,7/30/2026 10:12,2026-07-31T12:39:35,1:scheduled,2026-07-31T19:50:53Z
136344194,800555174,scheduled,ACTIVE,S,144,Transformer Upgrade,,NEWPORT BEACH,ORANGE,92663,33.62567206,-117.9107512,2026-08-07T09:30:00Z,8/7/2026 14:00,Work is in progress.,Enhancing Reliability,6,PO,33,ELLIS,7/28/2026 17:08,2026-07-31T12:39:35,1:scheduled,2026-07-31T19:50:53Z
136341342,800555024,scheduled,ACTIVE,S,90,Upgrading Equipment,,ROSEMEAD,LOS ANGELES,91770,34.06022284,-118.0826617,2026-08-08T09:00:00Z,8/8/2026 16:00,Work is in progress.,Enhancing Reliability,6,PO,22,MESA,7/28/2026 7:27,2026-07-31T12:39:35,1:scheduled,2026-07-31T19:50:53Z
136344210,800555320,scheduled,ACTIVE,S,2,Cable Upgrade,,HUNTINGTON BEACH,ORANGE,92647,33.74514438,-118.0263877,2026-08-08T07:30:00Z,8/8/2026 13:00,Work is in progress.,Enhancing Reliability,6,PO,33,VILLA PARK,7/28/2026 17:15,2026-07-31T12:39:35,1:scheduled,2026-07-31T19:50:53Z
136341287,800554950,scheduled,ACTIVE,S,60,Upgrading Equipment,,LA CANADA FLINTRIDGE,LOS ANGELES,91011,34.18233441,-118.1795009,2026-08-06T17:30:00Z,8/7/2026 6:30,Work is in progress.,Enhancing Reliability,18,PO,27,MESA,7/28/2026 6:48,2026-07-31T12:39:35,1:scheduled,2026-07-31T19:50:53Z
136308892,800552541,scheduled,ACTIVE,S,11,Pole Upgrade,,Unincorporated Area,LOS ANGELES,93543,34.55949521,-117.9520773,2026-08-01T09:00:00Z,8/1/2026 18:30,Work is in progress.,Enhancing Reliability,6,PO,36,VINCENT,7/20/2026 18:06,2026-07-31T12:39:35,1:scheduled,2026-07-31T19:50:53Z
136354735,800555916,scheduled,ACTIVE,S,6,Cable Upgrade,,TORRANCE,LOS ANGELES,90277,33.80430631,-118.3876104,2026-08-10T09:30:00Z,8/10/2026 15:00,Work is in progress.,Enhancing Reliability,6,PO,44,EL NIDO,7/30/2026 18:05,2026-07-31T12:39:35,1:scheduled,2026-07-31T19:50:53Z
136321008,800553435,scheduled,ACTIVE,S,212,Pole Upgrade,,LONG BEACH,LOS ANGELES,90815,33.80392259,-118.1313968,2026-08-04T09:00:00Z,8/4/2026 15:00,Work is in progress.,Enhancing Reliability,6,PO,46,LIGHTHIPE,7/23/2026 13:50,2026-07-31T12:39:35,1:scheduled,2026-07-31T19:50:53Z
136321007,800553508,scheduled,ACTIVE,S,4,Upgrading Equipment,,LA HABRA HEIGHTS,LOS ANGELES,90631,33.95639769,-117.93762,2026-08-03T09:00:00Z,8/3/2026 16:30,Work is in progress.,Enhancing Reliability,6,PO,48,VILLA PARK,7/23/2026 13:56,2026-07-31T12:39:35,1:scheduled,2026-07-31T19:50:53Z
136328735,800554149,scheduled,ACTIVE,S,16,Pole Upgrade,,GLENDORA,LOS ANGELES,91741,34.15305006,-117.8656341,2026-08-05T08:00:00Z,8/5/2026 17:00,Work is in progress.,Enhancing Reliability,18,PO,26,MIRA LOMA,7/25/2026 9:27,2026-07-31T12:39:35,1:scheduled,2026-07-31T19:50:53Z
136325503,800553980,scheduled,ACTIVE,S,263,Upgrading Equipment,,LAGUNA WOODS,ORANGE,92653,33.61043065,-117.7391979,2026-08-07T01:30:00Z,8/7/2026 6:30,Work is in progress.,Enhancing Reliability,14,PO,43,ELLIS,7/31/2026 9:29,2026-07-31T12:39:35,1:scheduled,2026-07-31T19:50:53Z
136343103,800555096,scheduled,ACTIVE,S,77,Upgrading Equipment,,NORWALK,LOS ANGELES,90650,33.91807827,-118.067941,2026-08-07T22:00:00Z,8/8/2026 5:00,Work is in progress.,Enhancing Reliability,6,PO,47,LIGHTHIPE,7/28/2026 13:38,2026-07-31T12:39:35,1:scheduled,2026-07-31T19:50:53Z
136317790,800553164,scheduled,ACTIVE,S,3,Cable Upgrade,,NEWPORT BEACH,ORANGE,92660,33.61996204,-117.8781363,2026-08-01T09:00:00Z,8/1/2026 12:00,Work is in progress.,Enhancing Reliability,6,PO,33,ELLIS,7/22/2026 16:43,2026-07-31T12:39:35,1:scheduled,2026-07-31T19:50:53Z
136264194,800549244,scheduled,ACTIVE,S,3,Pole Upgrade,,Unincorporated Area,LOS ANGELES,93552,34.57557192,-117.9715347,2026-08-07T08:00:00Z,8/7/2026 17:00,Work is in progress.,Enhancing Reliability,14,PO,36,VINCENT,7/18/2026 12:34,2026-07-31T12:39:35,1:scheduled,2026-07-31T19:50:53Z
136341838,800555018,scheduled,ACTIVE,S,1,Pole Upgrade,,DOWNEY,LOS ANGELES,90241,33.9272081,-118.1119709,2026-08-06T20:00:00Z,8/7/2026 7:00,Work is in progress.,Enhancing Reliability,6,PO,47,LIGHTHIPE,7/28/2026 9:19,2026-07-31T12:39:35,1:scheduled,2026-07-31T19:50:53Z
136347435,800555413,scheduled,ACTIVE,S,0,Upgrading Equipment,,BALDWIN PARK,LOS ANGELES,91706,34.10109157,-117.9454966,2026-08-06T09:30:00Z,8/6/2026 14:00,Work is in progress.,Enhancing Reliability,6,PO,27,MESA,7/29/2026 9:48,2026-07-31T12:39:35,1:scheduled,2026-07-31T19:50:53Z
136355044,800556112,scheduled,ACTIVE,S,76,Upgrading Equipment,,EAST LOS ANGELES,LOS ANGELES,90022,34.02220846,-118.1528971,2026-08-07T20:00:00Z,8/8/2026 8:00,Work is in progress.,Enhancing Reliability,18,PO,22,MESA,7/30/2026 19:37,2026-07-31T12:39:35,1:scheduled,2026-07-31T19:50:53Z
136320987,800553523,scheduled,ACTIVE,S,9,Upgrading Equipment,,SIGNAL HILL,LOS ANGELES,90755,33.80498943,-118.168295,2026-08-04T04:00:00Z,8/4/2026 6:00,Work is in progress.,Enhancing Reliability,6,PO,46,LIGHTHIPE,7/23/2026 13:46,2026-07-31T12:39:35,1:scheduled,2026-07-31T19:50:53Z
136328601,800554200,scheduled,ACTIVE,S,162,Pole Upgrade,,ORANGE,ORANGE,92867,33.81202505,-117.8332468,2026-08-04T21:00:00Z,8/5/2026 3:00,Work is in progress.,Enhancing Reliability,18,PO,29,VILLA PARK,7/25/2026 8:52,2026-07-31T12:39:35,1:scheduled,2026-07-31T19:50:53Z
136328901,800554205,scheduled,ACTIVE,S,301,Upgrading Equipment,,WEST HOLLYWOOD,LOS ANGELES,90046,34.09620621,-118.3623496,2026-08-08T09:00:00Z,8/8/2026 16:00,Work is in progress.,Enhancing Reliability,6,PO,42,EL NIDO,7/25/2026 10:28,2026-07-31T12:39:35,1:scheduled,2026-07-31T19:50:53Z
136325151,800553864,scheduled,ACTIVE,S,3,Transformer Upgrade,,Unincorporated Area,LOS ANGELES,91750,34.12948621,-117.7480022,2026-08-04T08:00:00Z,8/4/2026 11:00,Work is in progress.,Enhancing Reliability,18,PO,26,MIRA LOMA,7/24/2026 16:22,2026-07-31T12:39:35,1:scheduled,2026-07-31T19:50:53Z
136354650,800555913,scheduled,ACTIVE,S,43,Upgrading Equipment,,CARSON,LOS ANGELES,90745,33.81821179,-118.2821965,2026-08-11T09:00:00Z,8/11/2026 18:00,Work is in progress.,Enhancing Reliability,6,PO,32,LIGHTHIPE,7/30/2026 17:27,2026-07-31T12:39:35,1:scheduled,2026-07-31T19:50:53Z
136317014,800553140,scheduled,ACTIVE,S,44,Upgrading Equipment,,DOWNEY,LOS ANGELES,90242,33.92260989,-118.1215806,2026-08-03T09:00:00Z,8/3/2026 18:00,Work is in progress.,Enhancing Reliability,6,PO,47,LIGHTHIPE,7/22/2026 13:20,2026-07-31T12:39:35,1:scheduled,2026-07-31T19:50:53Z
136316993,800553124,scheduled,ACTIVE,S,19,Pole Upgrade,,FLORENCE-GRAHAM,LOS ANGELES,90001,33.97184186,-118.251472,2026-08-03T08:00:00Z,8/3/2026 14:00,Work is in progress.,Enhancing Reliability,18,PO,32,LIGHTHIPE,7/22/2026 13:16,2026-07-31T12:39:35,1:scheduled,2026-07-31T19:50:53Z
136283305,800550534,scheduled,ACTIVE,S,30,Upgrading Equipment,,LA CANADA FLINTRIDGE,LOS ANGELES,91011,34.20949945,-118.1870753,2026-08-10T08:00:00Z,8/10/2026 16:00,Work is in progress.,Enhancing Reliability,18,PO,27,MESA,7/15/2026 9:56,2026-07-31T12:39:35,1:scheduled,2026-07-31T19:50:53Z
136328178,800553934,scheduled,ACTIVE,S,1,Upgrading Equipment,,PARAMOUNT,LOS ANGELES,90723,33.88491971,-118.1671431,2026-08-08T08:00:00Z,8/8/2026 18:00,Work is in progress.,Enhancing Reliability,6,PO,32,LIGHTHIPE,7/25/2026 5:44,2026-07-31T12:39:35,1:scheduled,2026-07-31T19:50:53Z
136251381,800548200,scheduled,ACTIVE,S,62,Pole Upgrade,,LA HABRA HEIGHTS,LOS ANGELES,90631,33.95854186,-117.9517014,2026-08-10T09:00:00Z,8/10/2026 15:00,Work is in progress.,Enhancing Reliability,20,PO,48,VILLA PARK,7/27/2026 7:26,2026-07-31T12:39:35,1:scheduled,2026-07-31T19:50:53Z
136354456,800556070,scheduled,ACTIVE,S,70,Pole Upgrade,,ORANGE,ORANGE,92866,33.78533883,-117.8452814,2026-08-10T09:30:00Z,8/10/2026 16:00,Work is in progress.,Enhancing Reliability,18,PO,29,VILLA PARK,7/30/2026 16:30,2026-07-31T12:39:35,1:scheduled,2026-07-31T19:50:53Z
136328493,800554184,scheduled,ACTIVE,S,35,Cable Upgrade,,WEST COVINA,LOS ANGELES,91791,34.07057005,-117.8931056,2026-08-06T08:30:00Z,8/6/2026 16:30,Work is in progress.,Enhancing Reliability,18,PO,26,MIRA LOMA,7/25/2026 8:22,2026-07-31T12:39:35,1:scheduled,2026-07-31T19:50:53Z
136347600,800555471,scheduled,ACTIVE,S,5,Pole Upgrade,,LITTLEROCK,LOS ANGELES,93543,34.52530435,-117.9731599,2026-08-06T09:00:00Z,8/6/2026 17:00,Work is in progress.,Enhancing Reliability,6,PO,36,VINCENT,7/29/2026 10:19,2026-07-31T12:39:35,1:scheduled,2026-07-31T19:50:53Z
136328207,800554025,scheduled,ACTIVE,S,119,Upgrading Equipment,,EL MONTE,LOS ANGELES,91733,34.05865241,-118.0328333,2026-08-06T08:00:00Z,8/6/2026 16:30,Work is in progress.,Enhancing Reliability,18,PO,22,MESA,7/25/2026 6:07,2026-07-31T12:39:35,1:scheduled,2026-07-31T19:50:53Z
136347996,800555561,scheduled,ACTIVE,S,27,Pole Upgrade,,QUARTZ HILL,LOS ANGELES,93536,34.67182731,-118.2209793,2026-08-06T08:30:00Z,8/6/2026 16:30,Work is in progress.,Enhancing Reliability,6,PO,36,VINCENT,7/29/2026 11:52,2026-07-31T12:39:35,1:scheduled,2026-07-31T19:50:53Z
136321993,800553547,scheduled,ACTIVE,S,35,Cable Upgrade,,CARSON,LOS ANGELES,90746,33.84925597,-118.2558135,2026-08-04T09:00:00Z,8/4/2026 17:00,Work is in progress.,Enhancing Reliability,6,PO,32,LIGHTHIPE,7/23/2026 14:46,2026-07-31T12:39:35,1:scheduled,2026-07-31T19:50:53Z
136328451,800554034,scheduled,ACTIVE,S,28,Upgrading Equipment,,HACIENDA HEIGHTS,LOS ANGELES,91745,34.01299714,-117.964451,2026-08-07T09:00:00Z,8/7/2026 15:00,Work is in progress.,Enhancing Reliability,6,PO,26,MIRA LOMA,7/25/2026 8:08,2026-07-31T12:39:35,1:scheduled,2026-07-31T19:50:53Z
136341800,800554969,scheduled,ACTIVE,S,2,Upgrading Equipment,,DOWNEY,LOS ANGELES,90241,33.927631,-118.1138962,2026-08-06T20:00:00Z,8/7/2026 7:00,Work is in progress.,Enhancing Reliability,6,PO,47,LIGHTHIPE,7/28/2026 9:10,2026-07-31T12:39:35,1:scheduled,2026-07-31T19:50:53Z
136255499,800548483,scheduled,ACTIVE,S,18,Upgrading Equipment,,CERRITOS,LOS ANGELES,90703,33.86906003,-118.0366769,2026-08-13T09:00:00Z,8/13/2026 15:00,Work is in progress.,Enhancing Reliability,14,PO,46,LIGHTHIPE,7/23/2026 8:47,2026-07-31T12:39:35,1:scheduled,2026-07-31T19:50:53Z
136338028,800554709,scheduled,ACTIVE,S,41,Pole Upgrade,,INGLEWOOD,LOS ANGELES,90302,33.97706279,-118.3391895,2026-08-06T09:30:00Z,8/6/2026 17:00,Work is in progress.,Enhancing Reliability,6,PO,44,EL NIDO,7/27/2026 11:48,2026-07-31T12:39:35,1:scheduled,2026-07-31T19:50:53Z
136325519,800553981,scheduled,ACTIVE,S,49,Upgrading Equipment,,SEAL BEACH,ORANGE,90740,33.77557887,-118.0564333,2026-08-04T12:00:00Z,8/4/2026 14:30,Work is in progress.,Enhancing Reliability,6,PO,33,VILLA PARK,7/24/2026 17:49,2026-07-31T12:39:35,1:scheduled,2026-07-31T19:50:53Z
136349272,800555665,scheduled,ACTIVE,S,271,Upgrading Equipment,,WILLOWBROOK,LOS ANGELES,90059,33.92167968,-118.2694709,2026-08-08T05:00:00Z,8/8/2026 6:00,Work is in progress.,Enhancing Reliability,18,PO,32,LIGHTHIPE,7/29/2026 15:45,2026-07-31T12:39:35,1:scheduled,2026-07-31T19:50:53Z
136328281,800554121,scheduled,ACTIVE,S,42,Upgrading Equipment,,TEMPLE CITY,LOS ANGELES,91780,34.10691336,-118.0528997,2026-08-07T00:00:00Z,8/7/2026 7:00,Work is in progress.,Enhancing Reliability,6,PO,27,MESA,7/25/2026 7:09,2026-07-31T12:39:35,1:scheduled,2026-07-31T19:50:53Z
136328465,800554182,scheduled,ACTIVE,S,18,Upgrading Equipment,,COVINA,LOS ANGELES,91723,34.08894885,-117.8910227,2026-08-06T01:00:00Z,8/6/2026 5:00,Work is in progress.,Enhancing Reliability,6,PO,26,MIRA LOMA,7/25/2026 8:14,2026-07-31T12:39:35,1:scheduled,2026-07-31T19:50:53Z
136354320,800556030,scheduled,ACTIVE,S,207,Pole Upgrade,,Unincorporated Area,LOS ANGELES,91724,34.07679952,-117.8505175,2026-08-10T08:00:00Z,8/10/2026 15:00,Work is in progress.,Enhancing Reliability,18,PO,26,MIRA LOMA,7/30/2026 15:54,2026-07-31T12:39:35,1:scheduled,2026-07-31T19:50:53Z
136343047,800555116,scheduled,ACTIVE,S,15,Upgrading Equipment,,GARDEN GROVE,ORANGE,92844,33.7687941,-117.9827472,2026-08-03T08:00:00Z,8/3/2026 12:00,Work is in progress.,Enhancing Reliability,18,PO,29,VILLA PARK,7/28/2026 13:25,2026-07-31T12:39:35,1:scheduled,2026-07-31T19:50:53Z
136323313,800553610,scheduled,ACTIVE,S,9,Pole Upgrade,,CALABASAS,LOS ANGELES,91302,34.13878608,-118.6233463,2026-08-04T21:00:00Z,8/5/2026 5:00,Work is in progress.,Enhancing Reliability,20,PO,35,MOORPARK,7/30/2026 14:55,2026-07-31T12:39:35,1:scheduled,2026-07-31T19:50:53Z
136349254,800555574,scheduled,ACTIVE,S,429,Upgrading Equipment,,SANTA ANA,ORANGE,92706,33.77111927,-117.9031743,2026-08-06T00:30:00Z,8/6/2026 4:30,Work is in progress.,Enhancing Reliability,6,PO,29,ELLIS,7/29/2026 15:42,2026-07-31T12:39:35,1:scheduled,2026-07-31T19:50:53Z
136328715,800554169,scheduled,ACTIVE,S,0,Pole Upgrade,,Unincorporated Area,LOS ANGELES,93543,34.43580408,-117.9313028,2026-08-05T16:00:00Z,8/5/2026 17:00,Work is in progress.,Enhancing Reliability,18,PO,36,VINCENT,7/25/2026 9:18,2026-07-31T12:39:35,1:scheduled,2026-07-31T19:50:53Z
136328478,800554036,scheduled,ACTIVE,S,2,Pole Upgrade,,WEST COVINA,LOS ANGELES,91791,34.05572167,-117.9132152,2026-08-06T08:00:00Z,8/6/2026 16:00,Work is in progress.,Enhancing Reliability,6,PO,26,MIRA LOMA,7/25/2026 8:18,2026-07-31T12:39:35,1:scheduled,2026-07-31T19:50:53Z
136328890,800554055,scheduled,ACTIVE,S,21,Upgrading Equipment,,BEVERLY HILLS,LOS ANGELES,90211,34.0640191,-118.3859941,2026-08-04T09:00:00Z,8/4/2026 17:00,Work is in progress.,Enhancing Reliability,6,PO,42,EL NIDO,7/25/2026 10:29,2026-07-31T12:39:35,1:scheduled,2026-07-31T19:50:53Z
136354015,800556006,scheduled,ACTIVE,S,17,Pole Upgrade,,TORRANCE,LOS ANGELES,90505,33.81854249,-118.360311,2026-08-10T09:00:00Z,8/10/2026 14:30,Work is in progress.,Enhancing Reliability,18,PO,44,EL NIDO,7/30/2026 14:38,2026-07-31T12:39:35,1:scheduled,2026-07-31T19:50:53Z
136312422,800552820,scheduled,ACTIVE,S,12,Pole Upgrade,,Unincorporated Area,LOS ANGELES,90290,34.1038364,-118.6308419,2026-08-01T08:00:00Z,8/1/2026 16:00,Work is in progress.,Enhancing Reliability,18,PO,35,MOORPARK,7/21/2026 16:48,2026-07-31T12:39:35,1:scheduled,2026-07-31T19:50:53Z
136328420,800554144,scheduled,ACTIVE,S,39,Pole Upgrade,,WEST COVINA,LOS ANGELES,91791,34.07070204,-117.8945607,2026-08-07T08:00:00Z,8/7/2026 16:00,Work is in progress.,Enhancing Reliability,18,PO,26,MIRA LOMA,7/25/2026 7:57,2026-07-31T12:39:35,1:scheduled,2026-07-31T19:50:53Z
136320721,800553503,scheduled,ACTIVE,S,30,Upgrading Equipment,,MONTEBELLO,LOS ANGELES,90640,34.0261416,-118.1383909,2026-08-04T07:00:00Z,8/4/2026 17:00,Work is in progress.,Enhancing Reliability,6,PO,22,MESA,7/23/2026 12:17,2026-07-31T12:39:35,1:scheduled,2026-07-31T19:50:53Z
136288541,800550929,scheduled,ACTIVE,S,113,Cable Upgrade,,WEST HOLLYWOOD,LOS ANGELES,90046,34.09716492,-118.3685656,2026-08-05T20:30:00Z,8/6/2026 5:00,Work is in progress.,Enhancing Reliability,14,PO,42,EL NIDO,7/29/2026 15:39,2026-07-31T12:39:35,1:scheduled,2026-07-31T19:50:53Z
136343038,800555164,scheduled,ACTIVE,S,32,Upgrading Equipment,,LA MIRADA,LOS ANGELES,90638,33.92175389,-118.0047115,2026-08-03T08:00:00Z,8/3/2026 14:00,Work is in progress.,Enhancing Reliability,18,PO,48,VILLA PARK,7/28/2026 13:23,2026-07-31T12:39:35,1:scheduled,2026-07-31T19:50:53Z
136322005,800553409,scheduled,ACTIVE,S,175,Pole Upgrade,,LA VERNE,LOS ANGELES,91750,34.11541977,-117.756123,2026-08-03T08:00:00Z,8/3/2026 17:00,Work is in progress.,Enhancing Reliability,18,PO,26,MIRA LOMA,7/23/2026 14:51,2026-07-31T12:39:35,1:scheduled,2026-07-31T19:50:53Z
136300584,800551988,scheduled,ACTIVE,S,6,Upgrading Equipment,,HUNTINGTON BEACH,ORANGE,92646,33.67649483,-117.979352,2026-08-03T09:00:00Z,8/3/2026 11:00,Work is in progress.,Enhancing Reliability,6,PO,33,ELLIS,7/18/2026 12:18,2026-07-31T12:39:35,1:scheduled,2026-07-31T19:50:53Z
136358304,800556385,scheduled,ACTIVE,S,16,Upgrading Equipment,,BEVERLY HILLS,LOS ANGELES,90211,34.06285484,-118.3859858,2026-08-11T09:00:00Z,8/11/2026 11:00,Work is in progress.,Enhancing Reliability,6,PO,42,EL NIDO,7/31/2026 10:52,2026-07-31T12:39:35,1:scheduled,2026-07-31T19:50:53Z
136354374,800555908,scheduled,ACTIVE,S,12,Pole Upgrade,,POMONA,LOS ANGELES,91767,34.08688077,-117.7457352,2026-08-10T08:00:00Z,8/10/2026 15:00,Work is in progress.,Enhancing Reliability,18,PO,26,MIRA LOMA,7/30/2026 16:05,2026-07-31T12:39:35,1:scheduled,2026-07-31T19:50:53Z
136317930,800553091,scheduled,ACTIVE,S,31,Transformer Upgrade,,AGOURA HILLS,LOS ANGELES,91301,34.14464177,-118.7640351,2026-08-03T21:00:00Z,8/4/2026 3:00,Work is in progress.,Enhancing Reliability,18,PO,35,MOORPARK,7/22/2026 17:15,2026-07-31T12:39:35,1:scheduled,2026-07-31T19:50:53Z
136341318,800554873,scheduled,ACTIVE,S,5,Upgrading Equipment,,ARCADIA,LOS ANGELES,91006,34.15725867,-118.0328166,2026-08-07T09:00:00Z,8/7/2026 16:00,Work is in progress.,Enhancing Reliability,6,PO,27,MESA,7/28/2026 7:15,2026-07-31T12:39:35,1:scheduled,2026-07-31T19:50:53Z
136347782,800555487,scheduled,ACTIVE,S,53,Transformer Upgrade,,LANCASTER,LOS ANGELES,93534,34.66139801,-118.1471403,2026-08-07T09:00:00Z,8/7/2026 13:00,Work is in progress.,Enhancing Reliability,6,PO,36,VINCENT,7/29/2026 10:59,2026-07-31T12:39:35,1:scheduled,2026-07-31T19:50:53Z
136352428,800555773,scheduled,ACTIVE,S,11,Upgrading Equipment,,Unincorporated Area,LOS ANGELES,91384,34.44064333,-118.6076168,2026-08-10T17:30:00Z,8/11/2026 4:30,Work is in progress.,Enhancing Reliability,18,PO,59,SAUGUS,7/30/2026 8:25,2026-07-31T12:39:35,1:scheduled,2026-07-31T19:50:53Z
136343082,800555095,scheduled,ACTIVE,S,8,Upgrading Equipment,,PARAMOUNT,LOS ANGELES,90723,33.88648121,-118.1761171,2026-08-06T09:00:00Z,8/6/2026 15:00,Work is in progress.,Enhancing Reliability,6,PO,32,LIGHTHIPE,7/28/2026 13:32,2026-07-31T12:39:35,1:scheduled,2026-07-31T19:50:53Z
136317873,800553167,scheduled,ACTIVE,S,3,Upgrading Equipment,,SANTA CLARITA,LOS ANGELES,91350,34.42685258,-118.5347947,2026-08-04T00:00:00Z,8/4/2026 4:00,Work is in progress.,Enhancing Reliability,6,PO,59,SAUGUS,7/22/2026 17:02,2026-07-31T12:39:35,1:scheduled,2026-07-31T19:50:53Z
136308499,800552433,scheduled,ACTIVE,S,17,Upgrading Equipment,,FOUNTAIN VALLEY,ORANGE,92708,33.6964226,-117.9491774,2026-08-04T12:00:00Z,8/4/2026 15:00,Work is in progress.,Enhancing Reliability,6,PO,33,ELLIS,7/20/2026 15:35,2026-07-31T12:39:35,1:scheduled,2026-07-31T19:50:53Z
136352199,800555733,scheduled,ACTIVE,S,136,Upgrading Equipment,,GLENDORA,LOS ANGELES,91741,34.13237772,-117.8588673,2026-08-06T08:00:00Z,8/6/2026 15:00,Work is in progress.,Enhancing Reliability,18,PO,26,MIRA LOMA,7/30/2026 6:52,2026-07-31T12:39:35,1:scheduled,2026-07-31T19:50:53Z
136342301,800554997,scheduled,ACTIVE,S,290,Transformer Upgrade,,LA HABRA,ORANGE,90631,33.92076995,-117.9609909,2026-08-07T08:30:00Z,8/7/2026 14:00,Work is in progress.,Enhancing Reliability,18,PO,48,VILLA PARK,7/28/2026 10:57,2026-07-31T12:39:35,1:scheduled,2026-07-31T19:50:53Z
136344200,800555264,scheduled,ACTIVE,S,32,Upgrading Equipment,,WESTMINSTER,ORANGE,92683,33.76958494,-118.0176228,2026-08-07T09:00:00Z,8/7/2026 11:00,Work is in progress.,Enhancing Reliability,6,PO,33,VILLA PARK,7/28/2026 17:11,2026-07-31T12:39:35,1:scheduled,2026-07-31T19:50:53Z
136343997,800555261,scheduled,ACTIVE,S,181,Upgrading Equipment,,PALMDALE,LOS ANGELES,93550,34.58419932,-118.1213768,2026-08-05T10:00:00Z,8/5/2026 18:30,Work is in progress.,Enhancing Reliability,6,PO,36,VINCENT,7/28/2026 16:22,2026-07-31T12:39:35,1:scheduled,2026-07-31T19:50:53Z
136252024,800548096,scheduled,ACTIVE,S,26,Upgrading Equipment,,LA HABRA,ORANGE,90631,33.9208937,-117.9432927,2026-08-02T09:00:00Z,8/2/2026 16:00,Work is in progress.,Enhancing Reliability,14,PO,48,VILLA PARK,7/15/2026 7:13,2026-07-31T12:39:35,1:scheduled,2026-07-31T19:50:53Z
136325113,800553901,scheduled,ACTIVE,S,66,Upgrading Equipment,,WEST COVINA,LOS ANGELES,91791,34.06648441,-117.8937687,2026-08-04T07:30:00Z,8/4/2026 16:00,Work is in progress.,Enhancing Reliability,18,PO,26,MIRA LOMA,7/24/2026 16:06,2026-07-31T12:39:35,1:scheduled,2026-07-31T19:50:53Z
136347158,800555410,scheduled,ACTIVE,S,120,Upgrading Equipment,,Unincorporated Area,LOS ANGELES,93591,34.58453128,-117.9580992,2026-08-06T09:00:00Z,8/6/2026 20:00,Work is in progress.,Enhancing Reliability,6,PO,36,VINCENT,7/29/2026 9:04,2026-07-31T12:39:35,1:scheduled,2026-07-31T19:50:53Z
136317837,800553188,scheduled,ACTIVE,S,2,Pole Upgrade,,Unincorporated Area,LOS ANGELES,91384,34.43062399,-118.6904507,2026-08-03T11:30:00Z,8/3/2026 13:00,Work is in progress.,Enhancing Reliability,6,PO,59,SAUGUS,7/22/2026 16:53,2026-07-31T12:39:35,1:scheduled,2026-07-31T19:50:53Z
136320310,800553422,scheduled,ACTIVE,S,2,Pole Upgrade,,Unincorporated Area,LOS ANGELES,90265,34.04566932,-118.7728852,2026-08-03T08:00:00Z,8/3/2026 14:00,Work is in progress.,Enhancing Reliability,18,PO,35,MOORPARK,7/24/2026 10:19,2026-07-31T12:39:35,1:scheduled,2026-07-31T19:50:53Z
136352384,800555846,scheduled,ACTIVE,S,55,Pole Upgrade,,WESTMINSTER,ORANGE,92683,33.76246723,-117.9872344,2026-08-05T08:30:00Z,8/5/2026 16:00,Work is in progress.,Enhancing Reliability,18,PO,33,VILLA PARK,7/30/2026 8:17,2026-07-31T12:39:35,1:scheduled,2026-07-31T19:50:53Z
136324024,800553801,scheduled,ACTIVE,S,29,Upgrading Equipment,,COMPTON,LOS ANGELES,90222,33.9105936,-118.2362153,2026-08-05T08:00:00Z,8/5/2026 15:00,Work is in progress.,Enhancing Reliability,18,PO,32,LIGHTHIPE,7/24/2026 10:49,2026-07-31T12:39:35,1:scheduled,2026-07-31T19:50:53Z
136210558,800545302,scheduled,ACTIVE,S,2,Pole Upgrade,,HUNTINGTON PARK,LOS ANGELES,90001,33.98818847,-118.2381867,2026-08-01T08:00:00Z,8/1/2026 19:00,Work is in progress.,Enhancing Reliability,14,PO,32,LIGHTHIPE,7/9/2026 13:26,2026-07-31T12:39:35,1:scheduled,2026-07-31T19:50:53Z
136336809,800554680,scheduled,ACTIVE,S,2,Upgrading Equipment,,LA MIRADA,LOS ANGELES,90638,33.90957171,-118.0111988,2026-08-06T08:00:00Z,8/6/2026 11:00,Work is in progress.,Enhancing Reliability,18,PO,48,VILLA PARK,7/27/2026 8:37,2026-07-31T12:39:35,1:scheduled,2026-07-31T19:50:53Z
136336582,800554537,scheduled,ACTIVE,S,22,Pole Upgrade,,RANCHO PALOS VERDES,LOS ANGELES,90275,33.78535609,-118.3814798,2026-08-04T08:30:00Z,8/4/2026 16:00,Work is in progress.,Enhancing Reliability,18,PO,44,EL NIDO,7/27/2026 7:47,2026-07-31T12:39:35,1:scheduled,2026-07-31T19:50:53Z
136215225,800545636,scheduled,ACTIVE,S,7,Upgrading Equipment,,LA CANADA FLINTRIDGE,LOS ANGELES,91011,34.22054297,-118.205469,2026-08-12T08:00:00Z,8/12/2026 16:00,Work is in progress.,Enhancing Reliability,20,PO,27,MESA,7/24/2026 9:55,2026-07-31T12:39:35,1:scheduled,2026-07-31T19:50:53Z
136358714,800556376,scheduled,ACTIVE,S,8,Upgrading Equipment,,BELLFLOWER,LOS ANGELES,90706,33.88391639,-118.1152731,2026-08-12T09:00:00Z,8/12/2026 15:00,Work is in progress.,Enhancing Reliability,6,PO,32,LIGHTHIPE,7/31/2026 12:11,2026-07-31T12:39:35,1:scheduled,2026-07-31T19:50:53Z
136328884,800554220,scheduled,ACTIVE,S,4,Transformer Upgrade,,RANCHO PALOS VERDES,LOS ANGELES,90275,33.78580322,-118.3743079,2026-08-07T09:30:00Z,8/7/2026 16:00,Work is in progress.,Enhancing Reliability,6,PO,44,EL NIDO,7/25/2026 10:23,2026-07-31T12:39:35,1:scheduled,2026-07-31T19:50:53Z
136261877,800548814,scheduled,ACTIVE,S,12,Pole Upgrade,,WESTMINSTER,ORANGE,92683,33.7655435,-117.984348,2026-08-06T08:00:00Z,8/6/2026 17:00,Work is in progress.,Enhancing Reliability,20,PO,33,VILLA PARK,7/20/2026 15:32,2026-07-31T12:39:35,1:scheduled,2026-07-31T19:50:53Z
136323441,800553710,scheduled,ACTIVE,S,2,Transformer Upgrade,,MALIBU,LOS ANGELES,90265,34.01038169,-118.8087911,2026-08-05T12:00:00Z,8/5/2026 15:00,Work is in progress.,Enhancing Reliability,6,PO,35,MOORPARK,7/24/2026 8:42,2026-07-31T12:39:35,1:scheduled,2026-07-31T19:50:53Z
136328339,800554105,scheduled,ACTIVE,S,11,Pole Upgrade,,HUNTINGTON BEACH,ORANGE,92647,33.73658579,-118.0203328,2026-08-06T09:00:00Z,8/6/2026 16:00,Work is in progress.,Enhancing Reliability,6,PO,33,VILLA PARK,7/25/2026 7:27,2026-07-31T12:39:35,1:scheduled,2026-07-31T19:50:53Z
136322019,800553410,scheduled,ACTIVE,S,80,Pole Upgrade,,LA MIRADA,LOS ANGELES,90638,33.90147471,-118.011048,2026-08-04T21:00:00Z,8/5/2026 3:00,Work is in progress.,Enhancing Reliability,18,PO,47,LIGHTHIPE,7/23/2026 15:04,2026-07-31T12:39:35,1:scheduled,2026-07-31T19:50:53Z
136324041,800553733,scheduled,ACTIVE,S,0,Upgrading Equipment,,LONG BEACH,LOS ANGELES,90803,33.76038526,-118.1506967,2026-08-05T13:00:00Z,8/5/2026 15:00,Work is in progress.,Enhancing Reliability,6,PO,46,LIGHTHIPE,7/24/2026 10:53,2026-07-31T12:39:35,1:scheduled,2026-07-31T19:50:53Z
136344182,800555282,scheduled,ACTIVE,S,8,Upgrading Equipment,,TUSTIN,ORANGE,92782,33.72890721,-117.7969947,2026-08-07T21:00:00Z,8/8/2026 4:30,Work is in progress.,Enhancing Reliability,6,PO,29,VILLA PARK,7/28/2026 17:05,2026-07-31T12:39:35,1:scheduled,2026-07-31T19:50:53Z
136317047,800553160,scheduled,ACTIVE,S,16,Upgrading Equipment,,LAKEWOOD,LOS ANGELES,90712,33.85671487,-118.1302985,2026-08-03T09:00:00Z,8/3/2026 15:00,Work is in progress.,Enhancing Reliability,6,PO,46,LIGHTHIPE,7/22/2026 13:26,2026-07-31T12:39:35,1:scheduled,2026-07-31T19:50:53Z
136321052,800553448,scheduled,ACTIVE,S,683,Upgrading Equipment,,LAGUNA WOODS,ORANGE,92653,33.6119456,-117.7497983,2026-08-03T08:00:00Z,8/3/2026 16:00,Work is in progress.,Enhancing Reliability,18,PO,43,ELLIS,7/23/2026 14:16,2026-07-31T12:39:35,1:scheduled,2026-07-31T19:50:53Z
136325029,800553881,scheduled,ACTIVE,S,3,Upgrading Equipment,,LONG BEACH,LOS ANGELES,90807,33.83605212,-118.1891562,2026-08-05T23:00:00Z,8/6/2026 3:00,Work is in progress.,Enhancing Reliability,6,PO,46,LIGHTHIPE,7/24/2026 15:40,2026-07-31T12:39:35,1:scheduled,2026-07-31T19:50:53Z
136328244,800553855,scheduled,ACTIVE,S,9,Upgrading Equipment,,NEWPORT BEACH,ORANGE,92625,33.5984994,-117.8595397,2026-08-05T12:30:00Z,8/5/2026 15:30,Work is in progress.,Enhancing Reliability,6,PO,33,ELLIS,7/25/2026 6:50,2026-07-31T12:39:35,1:scheduled,2026-07-31T19:50:53Z
136316938,800552996,scheduled,ACTIVE,S,22,Pole Upgrade,,FLORENCE-GRAHAM,LOS ANGELES,90001,33.97263544,-118.2509854,2026-08-03T08:00:00Z,8/3/2026 14:00,Work is in progress.,Enhancing Reliability,18,PO,32,LIGHTHIPE,7/22/2026 12:59,2026-07-31T12:39:35,1:scheduled,2026-07-31T19:50:53Z
136344245,800555284,scheduled,ACTIVE,S,169,Upgrading Equipment,,SANTA ANA,ORANGE,92706,33.7753755,-117.8713716,2026-08-08T01:00:00Z,8/8/2026 4:00,Work is in progress.,Enhancing Reliability,18,PO,29,VILLA PARK,7/28/2026 17:25,2026-07-31T12:39:35,1:scheduled,2026-07-31T19:50:53Z
136328829,800554072,scheduled,ACTIVE,S,20,Upgrading Equipment,,Unincorporated Area,LOS ANGELES,91302,34.15257476,-118.6650683,2026-08-07T08:00:00Z,8/7/2026 10:00,Work is in progress.,Enhancing Reliability,18,PO,35,MOORPARK,7/25/2026 10:00,2026-07-31T12:39:35,1:scheduled,2026-07-31T19:50:53Z
136343923,800555139,scheduled,ACTIVE,S,63,Upgrading Equipment,,TORRANCE,LOS ANGELES,90503,33.84843561,-118.3460968,2026-08-07T09:00:00Z,8/7/2026 14:00,Work is in progress.,Enhancing Reliability,6,PO,44,EL NIDO,7/28/2026 16:05,2026-07-31T12:39:35,1:scheduled,2026-07-31T19:50:53Z
136343950,800555210,scheduled,ACTIVE,S,0,Transformer Upgrade,,PALOS VERDES ESTATES,LOS ANGELES,90274,33.79104265,-118.4060172,2026-08-07T09:30:00Z,8/7/2026 15:00,Work is in progress.,Enhancing Reliability,6,PO,44,EL NIDO,7/28/2026 16:12,2026-07-31T12:39:35,1:scheduled,2026-07-31T19:50:53Z
136353174,800556000,scheduled,ACTIVE,S,3,Transformer Upgrade,,Unincorporated Area,LOS ANGELES,91355,34.44640337,-118.6336984,2026-08-08T08:00:00Z,8/8/2026 12:00,Work is in progress.,Enhancing Reliability,6,PO,59,SAUGUS,7/30/2026 10:57,2026-07-31T12:39:35,1:scheduled,2026-07-31T19:50:53Z
136328880,800554074,scheduled,ACTIVE,S,21,Upgrading Equipment,,RANCHO PALOS VERDES,LOS ANGELES,90275,33.73619225,-118.3510731,2026-08-06T09:30:00Z,8/6/2026 16:00,Work is in progress.,Enhancing Reliability,6,PO,44,EL NIDO,7/25/2026 10:21,2026-07-31T12:39:35,1:scheduled,2026-07-31T19:50:53Z
136250576,800548032,scheduled,ACTIVE,S,103,Pole Upgrade,,SAN DIMAS,LOS ANGELES,91773,34.1024412,-117.8113775,2026-08-03T20:00:00Z,8/4/2026 3:00,Work is in progress.,Enhancing Reliability,20,PO,26,MIRA LOMA,7/20/2026 12:31,2026-07-31T12:39:35,1:scheduled,2026-07-31T19:50:53Z
136322045,800553399,scheduled,ACTIVE,S,25,Upgrading Equipment,,ARCADIA,LOS ANGELES,91007,34.10996826,-118.0517336,2026-08-04T08:30:00Z,8/4/2026 12:30,Work is in progress.,Enhancing Reliability,6,PO,27,MESA,7/23/2026 15:19,2026-07-31T12:39:35,1:scheduled,2026-07-31T19:50:53Z
136349292,800555686,scheduled,ACTIVE,S,1,Pole Upgrade,,VAL VERDE,LOS ANGELES,91384,34.44791172,-118.6710681,2026-08-07T11:00:00Z,8/7/2026 12:00,Work is in progress.,Enhancing Reliability,6,PO,59,SAUGUS,7/29/2026 15:49,2026-07-31T12:39:35,1:scheduled,2026-07-31T19:50:53Z
136318033,800553153,scheduled,ACTIVE,S,165,Upgrading Equipment,,EL MONTE,LOS ANGELES,91732,34.05977133,-118.0189228,2026-08-03T21:00:00Z,8/4/2026 6:30,Work is in progress.,Enhancing Reliability,18,PO,22,MESA,7/22/2026 17:55,2026-07-31T12:39:35,1:scheduled,2026-07-31T19:50:53Z
136325442,800553944,scheduled,ACTIVE,S,4,Upgrading Equipment,,Unincorporated Area,LOS ANGELES,91301,34.1131244,-118.7746848,2026-08-06T14:30:00Z,8/6/2026 15:00,Work is in progress.,Enhancing Reliability,18,PO,35,MOORPARK,7/24/2026 17:27,2026-07-31T12:39:35,1:scheduled,2026-07-31T19:50:53Z
136240909,800547179,scheduled,ACTIVE,S,66,Upgrading Equipment,,CLAREMONT,LOS ANGELES,91711,34.09250572,-117.7058495,2026-08-06T08:00:00Z,8/6/2026 13:00,Work is in progress.,Enhancing Reliability,20,PO,26,MIRA LOMA,7/14/2026 13:03,2026-07-31T12:39:35,1:scheduled,2026-07-31T19:50:53Z
136328723,800554051,scheduled,ACTIVE,S,4,Upgrading Equipment,,NEWPORT BEACH,ORANGE,92660,33.61587759,-117.8682633,2026-08-06T01:30:00Z,8/6/2026 7:00,Work is in progress.,Enhancing Reliability,6,PO,33,ELLIS,7/25/2026 9:30,2026-07-31T12:39:35,1:scheduled,2026-07-31T19:50:53Z
136328525,800554069,scheduled,ACTIVE,S,3,Upgrading Equipment,,WEST COVINA,LOS ANGELES,91790,34.0922105,-117.9415812,2026-08-07T18:30:00Z,8/8/2026 6:00,Work is in progress.,Enhancing Reliability,6,PO,26,MIRA LOMA,7/25/2026 8:24,2026-07-31T12:39:35,1:scheduled,2026-07-31T19:50:53Z
136328871,800554139,scheduled,ACTIVE,S,11,Upgrading Equipment,,RANCHO PALOS VERDES,LOS ANGELES,90275,33.78385249,-118.3703259,2026-08-06T09:30:00Z,8/6/2026 17:00,Work is in progress.,Enhancing Reliability,6,PO,44,EL NIDO,7/25/2026 10:18,2026-07-31T12:39:35,1:scheduled,2026-07-31T19:50:53Z
136352743,800555880,scheduled,ACTIVE,S,93,Pole Upgrade,,AVALON,LOS ANGELES,90704,33.34537318,-118.3287448,2026-08-11T08:00:00Z,8/11/2026 16:00,Work is in progress.,Enhancing Reliability,6,PO,,CATALINA,7/30/2026 9:22,2026-07-31T12:39:36,1:scheduled,2026-07-31T19:50:53Z
136320980,800553392,scheduled,ACTIVE,S,9,Upgrading Equipment,,ARTESIA,LOS ANGELES,90701,33.85805747,-118.0773066,2026-08-03T21:00:00Z,8/4/2026 1:00,Work is in progress.,Enhancing Reliability,6,PO,46,LIGHTHIPE,7/23/2026 13:41,2026-07-31T12:39:36,1:scheduled,2026-07-31T19:50:53Z
136347543,800555485,scheduled,ACTIVE,S,52,Upgrading Equipment,,LANCASTER,LOS ANGELES,93535,34.65274199,-118.1141508,2026-08-03T22:00:00Z,8/4/2026 4:00,Work is in progress.,Enhancing Reliability,6,PO,36,VINCENT,7/29/2026 10:10,2026-07-31T12:39:36,1:scheduled,2026-07-31T19:50:53Z
136357798,800556275,scheduled,ACTIVE,S,203,Upgrading Equipment,,AGOURA HILLS,LOS ANGELES,91301,34.14423758,-118.794676,2026-08-12T00:30:00Z,8/12/2026 6:00,Work is in progress.,Enhancing Reliability,6,PO,35,MOORPARK,7/31/2026 9:29,2026-07-31T12:39:36,1:scheduled,2026-07-31T19:50:53Z
136328164,800553974,scheduled,ACTIVE,S,60,Upgrading Equipment,,LOS ALAMITOS,ORANGE,90720,33.79085931,-118.0706217,2026-08-07T09:00:00Z,8/7/2026 16:00,Work is in progress.,Enhancing Reliability,6,PO,46,LIGHTHIPE,7/25/2026 5:24,2026-07-31T12:39:36,1:scheduled,2026-07-31T19:50:53Z
136328235,800554027,scheduled,ACTIVE,S,71,Upgrading Equipment,,Unincorporated Area,LOS ANGELES,91107,34.13891313,-118.107844,2026-08-06T08:30:00Z,8/6/2026 16:00,Work is in progress.,Enhancing Reliability,18,PO,27,MESA,7/25/2026 6:36,2026-07-31T12:39:36,1:scheduled,2026-07-31T19:50:53Z
136325359,800553836,scheduled,ACTIVE,S,12,Upgrading Equipment,,Unincorporated Area,LOS ANGELES,93543,34.57093481,-117.9232375,2026-08-04T09:00:00Z,8/4/2026 18:30,Work is in progress.,Enhancing Reliability,6,PO,36,VINCENT,7/24/2026 17:06,2026-07-31T12:39:36,1:scheduled,2026-07-31T19:50:53Z
136337666,800554722,scheduled,ACTIVE,S,28,Transformer Upgrade,,CULVER CITY,LOS ANGELES,90232,34.01224685,-118.3978082,2026-08-04T09:00:00Z,8/4/2026 14:00,Work is in progress.,Enhancing Reliability,6,PO,42,EL NIDO,7/27/2026 10:18,2026-07-31T12:39:36,1:scheduled,2026-07-31T19:50:53Z
136354621,800556057,scheduled,ACTIVE,S,61,Upgrading Equipment,,LONG BEACH,LOS ANGELES,90806,33.80565224,-118.1876829,2026-08-11T03:00:00Z,8/11/2026 6:00,Work is in progress.,Enhancing Reliability,6,PO,46,LIGHTHIPE,7/30/2026 17:17,2026-07-31T12:39:36,1:scheduled,2026-07-31T19:50:53Z
136341738,800555082,scheduled,ACTIVE,S,7,Upgrading Equipment,,SIERRA MADRE,LOS ANGELES,91024,34.16817273,-118.0460868,2026-08-11T08:00:00Z,8/11/2026 9:00,Work is in progress.,Enhancing Reliability,18,PO,27,MESA,7/28/2026 9:01,2026-07-31T12:39:36,1:scheduled,2026-07-31T19:50:53Z
136349318,800555552,scheduled,ACTIVE,S,7,Upgrading Equipment,,WILLOWBROOK,LOS ANGELES,90059,33.91386274,-118.2647869,2026-08-07T22:00:00Z,8/8/2026 6:00,Work is in progress.,Enhancing Reliability,18,PO,32,LIGHTHIPE,7/29/2026 15:57,2026-07-31T12:39:36,1:scheduled,2026-07-31T19:50:53Z
136352855,800555798,scheduled,ACTIVE,S,1,Cable Upgrade,,SANTA ANA,ORANGE,92706,33.76888369,-117.8843268,2026-08-10T09:00:00Z,8/10/2026 14:00,Work is in progress.,Enhancing Reliability,6,PO,29,ELLIS,7/30/2026 9:52,2026-07-31T12:39:36,1:scheduled,2026-07-31T19:50:53Z
136337919,800554705,scheduled,ACTIVE,S,16,Upgrading Equipment,,HAWTHORNE,LOS ANGELES,90250,33.92968705,-118.3517912,2026-08-04T21:00:00Z,8/5/2026 6:00,Work is in progress.,Enhancing Reliability,6,PO,44,EL NIDO,7/27/2026 11:18,2026-07-31T12:39:36,1:scheduled,2026-07-31T19:50:53Z
136321086,800553545,scheduled,ACTIVE,S,71,Upgrading Equipment,,LONG BEACH,LOS ANGELES,90803,33.761305,-118.1324824,2026-08-04T09:15:00Z,8/4/2026 13:00,Work is in progress.,Enhancing Reliability,6,PO,46,LIGHTHIPE,7/23/2026 14:29,2026-07-31T12:39:36,1:scheduled,2026-07-31T19:50:53Z
136349165,800555572,scheduled,ACTIVE,S,1,Pole Upgrade,,Unincorporated Area,LOS ANGELES,91384,34.43258979,-118.6963066,2026-08-07T09:00:00Z,8/7/2026 10:00,Work is in progress.,Enhancing Reliability,6,PO,59,SAUGUS,7/29/2026 15:20,2026-07-31T12:39:36,1:scheduled,2026-07-31T19:50:53Z
136342548,800555111,scheduled,ACTIVE,S,13,Pole Upgrade,,LANCASTER,LOS ANGELES,93536,34.67755125,-118.178455,2026-08-04T09:00:00Z,8/4/2026 18:30,Work is in progress.,Enhancing Reliability,6,PO,36,VINCENT,7/28/2026 11:47,2026-07-31T12:39:36,1:scheduled,2026-07-31T19:50:53Z
136349263,800555597,scheduled,ACTIVE,S,271,Upgrading Equipment,,WILLOWBROOK,LOS ANGELES,90059,33.92167968,-118.2694709,2026-08-07T22:00:00Z,8/7/2026 23:00,Work is in progress.,Enhancing Reliability,18,PO,32,LIGHTHIPE,7/29/2026 15:42,2026-07-31T12:39:36,1:scheduled,2026-07-31T19:50:53Z
136352302,800555715,scheduled,ACTIVE,S,103,Upgrading Equipment,,ALHAMBRA,LOS ANGELES,91801,34.10675953,-118.1324577,2026-08-11T08:00:00Z,8/11/2026 16:00,Work is in progress.,Enhancing Reliability,18,PO,22,MESA,7/30/2026 7:51,2026-07-31T12:39:36,1:scheduled,2026-07-31T19:50:53Z
136325330,800553867,scheduled,ACTIVE,S,1,Pole Upgrade,,LOS ANGELES,LOS ANGELES,91311,34.27711414,-118.6068765,2026-08-06T09:00:00Z,8/6/2026 13:00,Work is in progress.,Enhancing Reliability,6,PO,,,7/24/2026 16:58,2026-07-31T12:39:36,1:scheduled,2026-07-31T19:50:53Z
136349509,800555693,scheduled,ACTIVE,S,6,Pole Upgrade,,LA VERNE,LOS ANGELES,91750,34.10287859,-117.7626249,2026-08-04T17:00:00Z,8/4/2026 21:00,Work is in progress.,Enhancing Reliability,6,PO,26,MIRA LOMA,7/29/2026 16:58,2026-07-31T12:39:36,1:scheduled,2026-07-31T19:50:53Z
136337972,800554707,scheduled,ACTIVE,S,15,Pole Upgrade,,TORRANCE,LOS ANGELES,90504,33.85885452,-118.3318755,2026-08-05T08:30:00Z,8/5/2026 14:30,Work is in progress.,Enhancing Reliability,18,PO,44,EL NIDO,7/27/2026 11:35,2026-07-31T12:39:36,1:scheduled,2026-07-31T19:50:53Z
136347767,800555356,scheduled,ACTIVE,S,85,Upgrading Equipment,,SIERRA MADRE,LOS ANGELES,91024,34.16932992,-118.0447878,2026-08-11T09:00:00Z,8/11/2026 19:00,Work is in progress.,Enhancing Reliability,6,PO,27,MESA,7/29/2026 10:49,2026-07-31T12:39:36,1:scheduled,2026-07-31T19:50:53Z
136347573,800555524,scheduled,ACTIVE,S,63,Upgrading Equipment,,MONROVIA,LOS ANGELES,91016,34.12825972,-118.0036399,2026-08-10T08:00:00Z,8/10/2026 16:00,Work is in progress.,Enhancing Reliability,18,PO,27,MESA,7/29/2026 10:11,2026-07-31T12:39:36,1:scheduled,2026-07-31T19:50:53Z
136354687,800556128,scheduled,ACTIVE,S,300,Upgrading Equipment,,LONG BEACH,LOS ANGELES,90804,33.79357858,-118.1491087,2026-08-11T09:15:00Z,8/11/2026 13:00,Work is in progress.,Enhancing Reliability,6,PO,46,LIGHTHIPE,7/30/2026 17:44,2026-07-31T12:39:36,1:scheduled,2026-07-31T19:50:53Z
136299520,800551850,scheduled,ACTIVE,S,58,Upgrading Equipment,,WHITTIER,LOS ANGELES,90606,33.98576565,-118.0667289,2026-08-01T09:30:00Z,8/1/2026 17:00,Work is in progress.,Enhancing Reliability,6,PO,22,MESA,7/18/2026 8:09,2026-07-31T12:39:36,1:scheduled,2026-07-31T19:50:53Z
136354662,800556127,scheduled,ACTIVE,S,12,Upgrading Equipment,,LAKEWOOD,LOS ANGELES,90712,33.85688287,-118.1294064,2026-08-11T09:00:00Z,8/11/2026 15:00,Work is in progress.,Enhancing Reliability,6,PO,46,LIGHTHIPE,7/30/2026 17:31,2026-07-31T12:39:36,1:scheduled,2026-07-31T19:50:53Z
136328473,800554165,scheduled,ACTIVE,S,3,Upgrading Equipment,,ALTADENA,LOS ANGELES,91001,34.19163422,-118.1220476,2026-08-07T09:00:00Z,8/7/2026 14:00,Work is in progress.,Enhancing Reliability,6,PO,27,MESA,7/25/2026 8:16,2026-07-31T12:39:36,1:scheduled,2026-07-31T19:50:53Z
136317857,800553189,scheduled,ACTIVE,S,1,Upgrading Equipment,,Unincorporated Area,LOS ANGELES,91384,34.43817543,-118.6905556,2026-08-03T10:00:00Z,8/3/2026 11:30,Work is in progress.,Enhancing Reliability,6,PO,59,SAUGUS,7/22/2026 16:59,2026-07-31T12:39:36,1:scheduled,2026-07-31T19:50:53Z
136354056,800556009,scheduled,ACTIVE,S,14,Upgrading Equipment,,TORRANCE,LOS ANGELES,90503,33.85356397,-118.3662394,2026-08-10T09:00:00Z,8/10/2026 13:00,Work is in progress.,Enhancing Reliability,6,PO,44,EL NIDO,7/30/2026 14:45,2026-07-31T12:39:36,1:scheduled,2026-07-31T19:50:53Z
136349787,800555556,scheduled,ACTIVE,S,95,Upgrading Equipment,,SOUTH EL MONTE,LOS ANGELES,91733,34.0497875,-118.0515204,2026-08-06T22:00:00Z,8/7/2026 6:30,Work is in progress.,Enhancing Reliability,18,PO,22,MESA,7/29/2026 18:27,2026-07-31T12:39:36,1:scheduled,2026-07-31T19:50:53Z
136343167,800555220,scheduled,ACTIVE,S,97,Upgrading Equipment,,FLORENCE-GRAHAM,LOS ANGELES,90001,33.97111054,-118.2544791,2026-08-06T08:00:00Z,8/6/2026 16:00,Work is in progress.,Enhancing Reliability,18,PO,32,LIGHTHIPE,7/28/2026 13:58,2026-07-31T12:39:36,1:scheduled,2026-07-31T19:50:53Z
136312021,800552766,scheduled,ACTIVE,S,7,Upgrading Equipment,,MONTEREY PARK,LOS ANGELES,91755,34.05908053,-118.1125244,2026-08-03T13:00:00Z,8/3/2026 15:00,Work is in progress.,Enhancing Reliability,18,PO,22,MESA,7/21/2026 14:39,2026-07-31T12:39:36,1:scheduled,2026-07-31T19:50:53Z
136337397,800554741,scheduled,ACTIVE,S,75,Upgrading Equipment,,CULVER CITY,LOS ANGELES,90232,34.01817581,-118.389682,2026-08-04T09:00:00Z,8/4/2026 16:00,Work is in progress.,Enhancing Reliability,6,PO,42,EL NIDO,7/27/2026 10:07,2026-07-31T12:39:36,1:scheduled,2026-07-31T19:50:53Z
136328199,800553853,scheduled,ACTIVE,S,1,Upgrading Equipment,,Unincorporated Area,LOS ANGELES,93563,34.20541916,-117.8567034,2026-08-03T09:00:00Z,8/3/2026 16:30,Work is in progress.,Enhancing Reliability,6,PO,27,MESA,7/25/2026 5:59,2026-07-31T12:39:36,1:scheduled,2026-07-31T19:50:53Z
136306249,800552238,scheduled,ACTIVE,S,21,Upgrading Equipment,,TORRANCE,LOS ANGELES,90505,33.82477826,-118.3496501,2026-07-31T21:00:00Z,8/1/2026 7:00,Work is in progress.,Enhancing Reliability,6,PO,44,EL NIDO,7/20/2026 6:29,2026-07-31T12:39:36,1:scheduled,2026-07-31T19:50:53Z
136307715,800552406,scheduled,ACTIVE,S,83,Transformer Upgrade,,CALABASAS,LOS ANGELES,91302,34.13881158,-118.7045132,2026-08-01T08:00:00Z,8/1/2026 12:00,Work is in progress.,Enhancing Reliability,18,PO,35,MOORPARK,7/20/2026 12:55,2026-07-31T12:39:36,1:scheduled,2026-07-31T19:50:53Z
136328170,800554006,scheduled,ACTIVE,S,15,Upgrading Equipment,,CERRITOS,LOS ANGELES,90703,33.88666881,-118.066159,2026-08-07T09:00:00Z,8/7/2026 15:00,Work is in progress.,Enhancing Reliability,6,PO,46,LIGHTHIPE,7/25/2026 5:28,2026-07-31T12:39:36,1:scheduled,2026-07-31T19:50:53Z
136323433,800553612,scheduled,ACTIVE,S,255,Upgrading Equipment,,SANTA ANA,ORANGE,92703,33.73575468,-117.8885351,2026-08-04T22:00:00Z,8/5/2026 4:30,Work is in progress.,Enhancing Reliability,6,PO,29,ELLIS,7/24/2026 8:41,2026-07-31T12:39:36,1:scheduled,2026-07-31T19:50:53Z
136299596,800551797,active,ACTIVE,,12,Pole Upgrade,,WESTMINSTER,ORANGE,92683,33.7655435,-117.984348,2026-07-31T08:00:00Z,7/31/2026 16:00,Work is in progress.,Enhancing Reliability,18,PO,33,VILLA PARK,7/31/2026 8:33,2026-07-31T12:59:29,0:active,2026-07-31T20:06:05Z
136358026,800556255,active,ACTIVE,,11,Equipment Problems,,LA PUENTE,LOS ANGELES,91744,34.03323788,-117.9414741,2026-07-31T10:08:24Z,7/31/2026 15:30,Work is in progress.,Not Available,1,QI,26,MIRA LOMA,7/31/2026 11:38,2026-07-31T12:59:29,0:active,2026-07-31T20:06:05Z
136306688,800552273,active,ACTIVE,,53,Upgrading Equipment,,MONTEREY PARK,LOS ANGELES,91755,34.04644915,-118.1256575,2026-07-31T09:30:00Z,Most up by 07/31/2026 03:00:00 PM,We have completed this repair.,Enhancing Reliability,6,PO,22,MESA,7/31/2026 12:40,2026-07-31T12:59:29,0:active,2026-07-31T20:06:05Z
136358348,800556420,active,ACTIVE,,5,Analyzing Problem,,COMMERCE,LOS ANGELES,90040,34.00060185,-118.1562617,2026-07-31T10:03:01Z,Most up by 07/31/2026 07:00:00 PM,We have notified our repair crews. ,Not Available,3,QI,32,LIGHTHIPE,7/31/2026 12:47,2026-07-31T12:59:29,0:active,2026-07-31T20:06:05Z
136312619,800552685,active,ACTIVE,,101,Upgrading Equipment,,GARDEN GROVE,ORANGE,92845,33.78216509,-118.0388118,2026-07-31T09:16:17Z,7/31/2026 16:00,Work is in progress.,Enhancing Reliability,18,PO,29,VILLA PARK,7/31/2026 9:16,2026-07-31T12:59:29,0:active,2026-07-31T20:06:05Z
136307451,800552404,active,ACTIVE,,120,Pole Upgrade,,LA PUENTE,LOS ANGELES,91744,34.01288174,-117.9347218,2026-07-31T08:00:00Z,7/31/2026 17:00,Work is in progress.,Enhancing Reliability,18,PO,26,MIRA LOMA,7/31/2026 8:25,2026-07-31T12:59:29,0:active,2026-07-31T20:06:05Z
136358352,800556421,active,ACTIVE,,21,Equipment Problems,,LAKE FOREST,ORANGE,92610,33.68643625,-117.6683159,2026-07-31T11:04:01Z,7/31/2026 13:00,Work is in progress.,Not Available,7,QI,43,ELLIS,7/31/2026 12:32,2026-07-31T12:59:29,0:active,2026-07-31T20:06:05Z
136323990,800553658,active,ACTIVE,,2,Pole Upgrade,,BELLFLOWER,LOS ANGELES,90706,33.88008732,-118.1429655,2026-07-31T08:00:00Z,7/31/2026 16:00,Work is in progress.,Enhancing Reliability,18,PO,32,LIGHTHIPE,7/31/2026 8:22,2026-07-31T12:59:29,0:active,2026-07-31T20:06:05Z
136357539,800556235,active,ACTIVE,,92,Equipment Problems,,COSTA MESA,ORANGE,92627,33.63494141,-117.9019107,2026-07-31T08:50:01Z,7/31/2026 15:00,Work is in progress.,Not Available,3,Not Available,33,ELLIS,7/31/2026 12:55,2026-07-31T12:59:29,0:active,2026-07-31T20:06:05Z
136358144,800556369,active,ACTIVE,,115,Analyzing Problem,,BUENA PARK,ORANGE,90620,33.83714526,-117.9962128,2026-07-31T10:16:04Z,Most up by 07/31/2026 03:00:00 PM,We are aware of the problem.,Not Available,1,Not Available,48,VILLA PARK,7/31/2026 12:10,2026-07-31T12:59:29,0:active,2026-07-31T20:06:05Z
136358223,800556311,active,ACTIVE,,14,Analyzing Problem,,LONG BEACH,LOS ANGELES,90805,33.86940909,-118.2032971,2026-07-31T10:22:49Z,7/31/2026 16:00,Work is in progress.,Not Available,1,Not Available,46,LIGHTHIPE,7/31/2026 11:46,2026-07-31T12:59:29,0:active,2026-07-31T20:06:05Z
136356980,800556265,active,ACTIVE,,52,Equipment Problems,,DIAMOND BAR,LOS ANGELES,91765,34.03701425,-117.7954394,2026-07-31T03:02:34Z,7/31/2026 15:00,Work is in progress.,Not Available,1,Not Available,26,MIRA LOMA,7/31/2026 12:47,2026-07-31T12:59:29,0:active,2026-07-31T20:06:05Z
136300590,800552081,active,ACTIVE,,56,Transformer Upgrade,,LAKE LOS ANGELES,LOS ANGELES,93535,34.63310306,-117.8583545,2026-07-31T09:25:59Z,7/31/2026 16:00,Work is in progress.,Enhancing Reliability,6,PO,36,VINCENT,7/31/2026 9:46,2026-07-31T12:59:30,0:active,2026-07-31T20:06:05Z
136357417,800556234,active,ACTIVE,,8,Equipment Problems,,WESTMINSTER,ORANGE,92683,33.7658988,-117.9837158,2026-07-31T08:26:48Z,7/31/2026 14:00,Work is in progress.,Not Available,1,QI,33,VILLA PARK,7/31/2026 12:43,2026-07-31T12:59:30,0:active,2026-07-31T20:06:05Z
136307297,800552403,active,ACTIVE,,13,Pole Upgrade,,GLENDORA,LOS ANGELES,91741,34.13474741,-117.8193494,2026-07-31T08:00:00Z,7/31/2026 14:00,Work is in progress.,Enhancing Reliability,18,PO,26,MIRA LOMA,7/31/2026 8:34,2026-07-31T12:59:30,0:active,2026-07-31T20:06:05Z
136307252,800552216,active,ACTIVE,,0,Pole Upgrade,,Unincorporated Area,ORANGE,92821,33.94641754,-117.8622588,2026-07-31T07:00:00Z,7/31/2026 14:00,Work is in progress.,Enhancing Reliability,18,PO,48,VILLA PARK,7/31/2026 7:10,2026-07-31T12:59:30,0:active,2026-07-31T20:06:05Z
136299437,800551907,active,ACTIVE,,2,Cable Upgrade,,SANTA ANA,ORANGE,92705,33.769945,-117.8377075,2026-07-31T08:00:00Z,Most up by 07/31/2026 02:00:00 PM,We have completed this repair.,Enhancing Reliability,18,PO,29,VILLA PARK,7/31/2026 8:43,2026-07-31T12:59:30,0:active,2026-07-31T20:06:05Z
136357248,800556197,active,ACTIVE,,104,Equipment Problems,,CERRITOS,LOS ANGELES,90703,33.88319306,-118.0702729,2026-07-31T07:22:28Z,7/31/2026 23:00,We have identified the problem and are working to restore your service.,Not Available,1,Not Available,46,LIGHTHIPE,7/31/2026 10:56,2026-07-31T12:59:30,0:active,2026-07-31T20:06:05Z
136308152,800552371,active,ACTIVE,,193,Upgrading Equipment,,COMPTON,LOS ANGELES,90221,33.88399658,-118.2115962,2026-07-31T08:00:00Z,Most up by 07/31/2026 03:30:00 PM,Work is in progress.,Enhancing Reliability,18,PO,32,LIGHTHIPE,7/31/2026 12:47,2026-07-31T12:59:30,0:active,2026-07-31T20:06:05Z
136312255,800552631,active,ACTIVE,,8,Upgrading Equipment,,BELLFLOWER,LOS ANGELES,90706,33.8722072,-118.1088695,2026-07-31T10:00:00Z,7/31/2026 15:00,Work is in progress.,Enhancing Reliability,6,PO,32,LIGHTHIPE,7/31/2026 12:45,2026-07-31T12:59:30,0:active,2026-07-31T20:06:05Z
136299436,800551828,active,ACTIVE,,2,Upgrading Equipment,,PASADENA,LOS ANGELES,91011,34.2226954,-118.1884371,2026-07-31T11:32:05Z,7/31/2026 18:30,Our crews are on the way. ,Enhancing Reliability,6,PO,,,7/31/2026 11:35,2026-07-31T12:59:30,0:active,2026-07-31T20:06:05Z
136312637,800552784,active,ACTIVE,,144,Pole Upgrade,,LA HABRA HEIGHTS,LOS ANGELES,90631,33.96172107,-117.9308329,2026-07-31T09:00:00Z,7/31/2026 15:00,Work is in progress.,Enhancing Reliability,18,PO,48,VILLA PARK,7/31/2026 10:17,2026-07-31T12:59:30,0:active,2026-07-31T20:06:05Z
136323960,800553656,active,ACTIVE,,0,Pole Upgrade,,BELLFLOWER,LOS ANGELES,90706,33.88558447,-118.1428186,2026-07-31T08:00:00Z,7/31/2026 15:00,Work is in progress.,Enhancing Reliability,18,PO,32,LIGHTHIPE,7/31/2026 10:53,2026-07-31T12:59:31,0:active,2026-07-31T20:06:05Z
136323966,800553657,active,ACTIVE,,13,Pole Upgrade,,BELLFLOWER,LOS ANGELES,90706,33.88368935,-118.1427963,2026-07-31T08:00:00Z,7/31/2026 15:00,Work is in progress.,Enhancing Reliability,18,PO,32,LIGHTHIPE,7/31/2026 8:09,2026-07-31T12:59:31,0:active,2026-07-31T20:06:05Z
136358207,800556218,active,ACTIVE,,17,Equipment Problems,,BUENA PARK,ORANGE,90620,33.84256336,-117.9888272,2026-07-31T10:25:02Z,7/31/2026 14:00,Work is in progress.,Not Available,1,QI,48,VILLA PARK,7/31/2026 10:36,2026-07-31T12:59:31,0:active,2026-07-31T20:06:05Z
136299645,800551912,active,ACTIVE,,37,Upgrading Equipment,,BUENA PARK,ORANGE,90620,33.84213493,-117.9879529,2026-07-31T09:31:56Z,7/31/2026 14:00,Work is in progress.,Enhancing Reliability,6,PO,48,VILLA PARK,7/31/2026 10:26,2026-07-31T12:59:31,0:active,2026-07-31T20:06:05Z
136357388,800556304,active,ACTIVE,,28,Equipment Problems,,CULVER CITY,LOS ANGELES,90232,34.01224685,-118.3978082,2026-07-31T08:12:57Z,7/31/2026 12:30,Work is in progress.,Not Available,7,QI,42,EL NIDO,7/31/2026 11:20,2026-07-31T12:59:31,0:active,2026-07-31T20:06:05Z
136357238,800556248,active,ACTIVE,,9,Equipment Problems,,BELLFLOWER,LOS ANGELES,90706,33.88520522,-118.1428036,2026-07-31T07:22:55Z,7/31/2026 15:00,Work is in progress.,Not Available,7,QI,32,LIGHTHIPE,7/31/2026 8:21,2026-07-31T12:59:31,0:active,2026-07-31T20:06:05Z
136299922,800551810,active,ACTIVE,,10,Upgrading Equipment,,INGLEWOOD,LOS ANGELES,90056,33.98166817,-118.3622268,2026-07-31T08:00:00Z,7/31/2026 16:00,Work is in progress.,Enhancing Reliability,6,PO,44,EL NIDO,7/31/2026 12:46,2026-07-31T12:59:31,0:active,2026-07-31T20:06:05Z
136358703,800556461,active,ACTIVE,,34,Equipment Problems,,MONTEREY PARK,LOS ANGELES,91754,34.06103641,-118.1558221,2026-07-31T12:08:01Z,7/31/2026 17:30,Work is in progress.,Not Available,7,QI,22,MESA,7/31/2026 12:52,2026-07-31T12:59:31,0:active,2026-07-31T20:06:05Z
136358625,800556318,active,ACTIVE,,3,Equipment Problems,,ORANGE,ORANGE,92867,33.80367799,-117.8626642,2026-07-31T11:49:31Z,7/31/2026 18:00,Work is in progress.,Not Available,7,QI,29,VILLA PARK,7/31/2026 12:47,2026-07-31T12:59:31,0:active,2026-07-31T20:06:05Z
136328621,800554131,scheduled,ACTIVE,S,85,Pole Upgrade,,GARDEN GROVE,ORANGE,92845,33.79046524,-118.023733,2026-08-05T08:00:00Z,8/5/2026 15:00,Work is in progress.,Enhancing Reliability,18,PO,29,VILLA PARK,7/25/2026 9:00,2026-07-31T12:59:29,1:scheduled,2026-07-31T20:06:05Z
136344097,800555301,scheduled,ACTIVE,S,39,Upgrading Equipment,,LA HABRA HEIGHTS,LOS ANGELES,90631,33.9579514,-117.9614348,2026-08-07T09:00:00Z,8/7/2026 15:00,Work is in progress.,Enhancing Reliability,18,PO,48,VILLA PARK,7/28/2026 17:02,2026-07-31T12:59:29,1:scheduled,2026-07-31T20:06:05Z
136336505,800554479,scheduled,ACTIVE,S,1,Upgrading Equipment,,Unincorporated Area,LOS ANGELES,91301,34.11505,-118.8039062,2026-08-06T08:30:00Z,8/6/2026 9:30,Work is in progress.,Enhancing Reliability,18,PO,35,MOORPARK,7/27/2026 6:59,2026-07-31T12:59:29,1:scheduled,2026-07-31T20:06:05Z
136318052,800553195,scheduled,ACTIVE,S,5,Upgrading Equipment,,LA CANADA FLINTRIDGE,LOS ANGELES,91011,34.21133769,-118.2008708,2026-08-06T08:00:00Z,8/6/2026 16:00,Work is in progress.,Enhancing Reliability,18,PO,27,MESA,7/22/2026 18:04,2026-07-31T12:59:29,1:scheduled,2026-07-31T20:06:05Z
136357611,800556237,scheduled,ACTIVE,S,15,Upgrading Equipment,,LAKEWOOD,LOS ANGELES,90713,33.85731011,-118.1244317,2026-08-11T09:00:00Z,8/11/2026 15:00,Work is in progress.,Enhancing Reliability,6,PO,46,LIGHTHIPE,7/31/2026 8:59,2026-07-31T12:59:29,1:scheduled,2026-07-31T20:06:05Z
136328850,800554137,scheduled,ACTIVE,S,93,Pole Upgrade,,TORRANCE,LOS ANGELES,90505,33.8140158,-118.3731575,2026-08-04T08:00:00Z,8/4/2026 15:00,Work is in progress.,Enhancing Reliability,18,PO,44,EL NIDO,7/25/2026 10:12,2026-07-31T12:59:29,1:scheduled,2026-07-31T20:06:05Z
136354357,800555977,scheduled,ACTIVE,S,28,Transformer Upgrade,,AGOURA HILLS,LOS ANGELES,91301,34.13206743,-118.7252688,2026-08-11T10:00:00Z,8/11/2026 16:00,Work is in progress.,Enhancing Reliability,18,PO,35,MOORPARK,7/30/2026 16:02,2026-07-31T12:59:29,1:scheduled,2026-07-31T20:06:05Z
136358857,800556463,scheduled,ACTIVE,S,3,Upgrading Equipment,,SAN MARINO,LOS ANGELES,91108,34.11820712,-118.1001942,2026-08-10T08:00:00Z,8/10/2026 11:00,Work is in progress.,Enhancing Reliability,6,PO,27,MESA,7/31/2026 12:57,2026-07-31T12:59:29,1:scheduled,2026-07-31T20:06:05Z
136349614,800555694,scheduled,ACTIVE,S,3,Upgrading Equipment,,COSTA MESA,ORANGE,92626,33.67372071,-117.8776947,2026-08-09T09:00:00Z,8/9/2026 14:00,Work is in progress.,Enhancing Reliability,6,PO,33,ELLIS,7/29/2026 17:14,2026-07-31T12:59:29,1:scheduled,2026-07-31T20:06:05Z
136341334,800554965,scheduled,ACTIVE,S,21,Upgrading Equipment,,ARCADIA,LOS ANGELES,91006,34.14054518,-118.0266569,2026-08-08T00:00:00Z,8/8/2026 10:00,Work is in progress.,Enhancing Reliability,6,PO,27,MESA,7/28/2026 7:23,2026-07-31T12:59:29,1:scheduled,2026-07-31T20:06:05Z
136325558,800553950,scheduled,ACTIVE,S,24,Upgrading Equipment,,LONG BEACH,LOS ANGELES,90804,33.77679173,-118.1507197,2026-08-06T09:15:00Z,8/6/2026 14:00,Work is in progress.,Enhancing Reliability,6,PO,46,LIGHTHIPE,7/24/2026 18:00,2026-07-31T12:59:29,1:scheduled,2026-07-31T20:06:05Z
136328193,800554023,scheduled,ACTIVE,S,89,Upgrading Equipment,,AZUSA,LOS ANGELES,91702,34.23969693,-117.8388153,2026-08-03T09:00:00Z,8/3/2026 16:30,Work is in progress.,Enhancing Reliability,6,PO,,,7/25/2026 5:54,2026-07-31T12:59:29,1:scheduled,2026-07-31T20:06:05Z
136354633,800556086,scheduled,ACTIVE,S,23,Upgrading Equipment,,COMMERCE,LOS ANGELES,90040,34.00816689,-118.1610802,2026-08-11T08:00:00Z,8/11/2026 12:00,Work is in progress.,Enhancing Reliability,18,PO,32,LIGHTHIPE,7/30/2026 17:21,2026-07-31T12:59:29,1:scheduled,2026-07-31T20:06:05Z
136317781,800553072,scheduled,ACTIVE,S,1,Upgrading Equipment,,Unincorporated Area,LOS ANGELES,93536,34.77508086,-118.5705604,2026-08-03T08:00:00Z,8/3/2026 16:00,Work is in progress.,Enhancing Reliability,18,PO,36,VINCENT,7/22/2026 16:37,2026-07-31T12:59:29,1:scheduled,2026-07-31T20:06:05Z
136307441,800552422,scheduled,ACTIVE,S,1,Transformer Upgrade,,Unincorporated Area,LOS ANGELES,91302,34.093598,-118.6946087,2026-08-01T12:00:00Z,8/1/2026 16:00,Work is in progress.,Enhancing Reliability,18,PO,35,MOORPARK,7/20/2026 11:41,2026-07-31T12:59:29,1:scheduled,2026-07-31T20:06:05Z
136316883,800552956,scheduled,ACTIVE,S,4,Upgrading Equipment,,SIERRA MADRE,LOS ANGELES,91024,34.1677902,-118.0449766,2026-08-04T08:00:00Z,8/4/2026 15:00,Work is in progress.,Enhancing Reliability,6,PO,27,MESA,7/22/2026 12:43,2026-07-31T12:59:29,1:scheduled,2026-07-31T20:06:05Z
136321020,800553394,scheduled,ACTIVE,S,26,Upgrading Equipment,,PICO RIVERA,LOS ANGELES,90660,33.99379235,-118.0949804,2026-08-04T09:00:00Z,8/4/2026 13:00,Work is in progress.,Enhancing Reliability,6,PO,47,LIGHTHIPE,7/23/2026 13:58,2026-07-31T12:59:29,1:scheduled,2026-07-31T20:06:05Z
136328231,800553937,scheduled,ACTIVE,S,3,Upgrading Equipment,,DUARTE,LOS ANGELES,91010,34.13599463,-117.9635851,2026-08-06T08:00:00Z,8/6/2026 13:00,Work is in progress.,Enhancing Reliability,18,PO,27,MESA,7/25/2026 6:33,2026-07-31T12:59:29,1:scheduled,2026-07-31T20:06:05Z
136323325,800553593,scheduled,ACTIVE,S,148,Upgrading Equipment,,CALABASAS,LOS ANGELES,91302,34.14175234,-118.6197488,2026-08-04T21:00:00Z,8/5/2026 5:00,Work is in progress.,Enhancing Reliability,20,PO,35,MOORPARK,7/30/2026 14:54,2026-07-31T12:59:29,1:scheduled,2026-07-31T20:06:05Z
136354898,800556183,scheduled,ACTIVE,S,27,Pole Upgrade,,WEST HOLLYWOOD,LOS ANGELES,90069,34.08287428,-118.3752506,2026-08-10T23:00:00Z,8/11/2026 11:00,Work is in progress.,Enhancing Reliability,6,PO,42,EL NIDO,7/30/2026 18:52,2026-07-31T12:59:29,1:scheduled,2026-07-31T20:06:05Z
136338444,800554634,scheduled,ACTIVE,S,2,Upgrading Equipment,,BUENA PARK,ORANGE,90620,33.84441724,-118.0287711,2026-08-06T08:00:00Z,8/6/2026 18:30,Work is in progress.,Enhancing Reliability,6,PO,48,VILLA PARK,7/27/2026 13:18,2026-07-31T12:59:29,1:scheduled,2026-07-31T20:06:05Z
136344012,800555172,scheduled,ACTIVE,S,8,Upgrading Equipment,,LA MIRADA,LOS ANGELES,90638,33.88146135,-118.0155489,2026-08-09T21:00:00Z,8/10/2026 6:00,Work is in progress.,Enhancing Reliability,6,PO,47,LIGHTHIPE,7/28/2026 16:25,2026-07-31T12:59:29,1:scheduled,2026-07-31T20:06:05Z
136343889,800555171,scheduled,ACTIVE,S,21,Upgrading Equipment,,HAWTHORNE,LOS ANGELES,90250,33.91041534,-118.3407117,2026-08-12T11:30:00Z,8/12/2026 13:30,Work is in progress.,Enhancing Reliability,20,PO,44,EL NIDO,7/29/2026 6:53,2026-07-31T12:59:29,1:scheduled,2026-07-31T20:06:05Z
136324984,800553699,scheduled,ACTIVE,S,1,Pole Upgrade,,DOWNEY,LOS ANGELES,90241,33.9272081,-118.1119709,2026-08-05T20:00:00Z,8/6/2026 6:00,Work is in progress.,Enhancing Reliability,6,PO,47,LIGHTHIPE,7/24/2026 15:28,2026-07-31T12:59:29,1:scheduled,2026-07-31T20:06:05Z
136349795,800555705,scheduled,ACTIVE,S,35,Upgrading Equipment,,MONTEREY PARK,LOS ANGELES,91755,34.06608745,-118.1092785,2026-08-10T08:00:00Z,8/10/2026 16:00,Work is in progress.,Enhancing Reliability,18,PO,22,MESA,7/29/2026 18:31,2026-07-31T12:59:29,1:scheduled,2026-07-31T20:06:05Z
136325405,800553961,scheduled,ACTIVE,S,1,Upgrading Equipment,,Unincorporated Area,LOS ANGELES,91301,34.12037247,-118.7870711,2026-08-06T11:30:00Z,8/6/2026 12:00,Work is in progress.,Enhancing Reliability,18,PO,35,MOORPARK,7/24/2026 17:19,2026-07-31T12:59:29,1:scheduled,2026-07-31T20:06:05Z
136353941,800556043,scheduled,ACTIVE,S,7,Upgrading Equipment,,TORRANCE,LOS ANGELES,90505,33.81211285,-118.3460533,2026-08-09T20:30:00Z,8/10/2026 4:00,Work is in progress.,Enhancing Reliability,6,PO,44,EL NIDO,7/30/2026 14:24,2026-07-31T12:59:29,1:scheduled,2026-07-31T20:06:05Z
136343210,800555153,scheduled,ACTIVE,S,426,Upgrading Equipment,,LONG BEACH,LOS ANGELES,90810,33.81330115,-118.219291,2026-08-09T09:00:00Z,8/9/2026 14:00,Work is in progress.,Enhancing Reliability,6,PO,46,LIGHTHIPE,7/28/2026 14:09,2026-07-31T12:59:29,1:scheduled,2026-07-31T20:06:05Z
136339293,800554786,scheduled,ACTIVE,S,12,Transformer Upgrade,,CULVER CITY,LOS ANGELES,90232,34.00914774,-118.3913174,2026-08-07T09:30:00Z,8/7/2026 15:30,Work is in progress.,Enhancing Reliability,6,PO,42,EL NIDO,7/27/2026 16:21,2026-07-31T12:59:29,1:scheduled,2026-07-31T20:06:05Z
136325466,800553838,scheduled,ACTIVE,S,82,Pole Upgrade,,CYPRESS,ORANGE,90630,33.80789052,-118.0121504,2026-08-04T09:00:00Z,8/4/2026 17:00,Work is in progress.,Enhancing Reliability,6,PO,48,VILLA PARK,7/24/2026 17:34,2026-07-31T12:59:29,1:scheduled,2026-07-31T20:06:05Z
136317866,800553074,scheduled,ACTIVE,S,1,Pole Upgrade,,Unincorporated Area,LOS ANGELES,91384,34.42884476,-118.690609,2026-08-03T13:00:00Z,8/3/2026 14:00,Work is in progress.,Enhancing Reliability,6,PO,59,SAUGUS,7/22/2026 16:59,2026-07-31T12:59:29,1:scheduled,2026-07-31T20:06:05Z
136358561,800556374,scheduled,ACTIVE,S,80,Transformer Upgrade,,SANTA CLARITA,LOS ANGELES,91355,34.38451256,-118.5550151,2026-08-11T10:00:00Z,8/11/2026 16:00,Work is in progress.,Enhancing Reliability,6,PO,59,SAUGUS,7/31/2026 11:34,2026-07-31T12:59:29,1:scheduled,2026-07-31T20:06:05Z
136349634,800555555,scheduled,ACTIVE,S,683,Cable Upgrade,,LAGUNA WOODS,ORANGE,92653,33.6119456,-117.7497983,2026-08-10T08:00:00Z,8/10/2026 16:00,Work is in progress.,Enhancing Reliability,18,PO,43,ELLIS,7/29/2026 17:27,2026-07-31T12:59:29,1:scheduled,2026-07-31T20:06:05Z
136317805,800553149,scheduled,ACTIVE,S,58,Upgrading Equipment,,Unincorporated Area,LOS ANGELES,93543,34.57617671,-117.9534229,2026-08-03T09:00:00Z,8/3/2026 17:00,Work is in progress.,Enhancing Reliability,6,PO,36,VINCENT,7/22/2026 16:43,2026-07-31T12:59:29,1:scheduled,2026-07-31T20:06:05Z
136342059,800554995,scheduled,ACTIVE,S,40,Transformer Upgrade,,LA HABRA,ORANGE,90631,33.9116404,-117.9563619,2026-08-06T12:00:00Z,8/6/2026 15:30,Work is in progress.,Enhancing Reliability,18,PO,48,VILLA PARK,7/28/2026 10:03,2026-07-31T12:59:29,1:scheduled,2026-07-31T20:06:05Z
136310333,800552620,scheduled,ACTIVE,S,4,Pole Upgrade,,COMMERCE,LOS ANGELES,90040,34.00118304,-118.1583078,2026-08-02T09:00:00Z,8/2/2026 19:00,Work is in progress.,Enhancing Reliability,6,PO,32,LIGHTHIPE,7/21/2026 8:23,2026-07-31T12:59:29,1:scheduled,2026-07-31T20:06:05Z
136348798,800555595,scheduled,ACTIVE,S,36,Upgrading Equipment,,PALOS VERDES ESTATES,LOS ANGELES,90274,33.78383754,-118.3877913,2026-08-03T08:00:00Z,8/3/2026 12:00,Work is in progress.,Enhancing Reliability,18,PO,44,EL NIDO,7/29/2026 13:51,2026-07-31T12:59:29,1:scheduled,2026-07-31T20:06:05Z
136354498,800555979,scheduled,ACTIVE,S,49,Upgrading Equipment,,CARSON,LOS ANGELES,90746,33.86292567,-118.2730232,2026-08-10T09:00:00Z,8/10/2026 15:00,Work is in progress.,Enhancing Reliability,6,PO,32,LIGHTHIPE,7/30/2026 16:35,2026-07-31T12:59:29,1:scheduled,2026-07-31T20:06:05Z
136349334,800555649,scheduled,ACTIVE,S,50,Transformer Upgrade,,SEAL BEACH,ORANGE,90740,33.76701141,-118.0829121,2026-08-10T09:00:00Z,8/10/2026 15:00,Work is in progress.,Enhancing Reliability,6,PO,46,LIGHTHIPE,7/29/2026 16:02,2026-07-31T12:59:29,1:scheduled,2026-07-31T20:06:05Z
136344265,800555251,scheduled,ACTIVE,S,47,Upgrading Equipment,,IRWINDALE,LOS ANGELES,91702,34.12398092,-117.9328636,2026-08-05T22:00:00Z,8/6/2026 3:30,Work is in progress.,Enhancing Reliability,18,PO,27,MESA,7/28/2026 17:38,2026-07-31T12:59:29,1:scheduled,2026-07-31T20:06:05Z
136328219,800553998,scheduled,ACTIVE,S,14,Upgrading Equipment,,WESTMINSTER,ORANGE,92683,33.73995308,-118.0056592,2026-08-04T12:30:00Z,8/4/2026 15:00,Work is in progress.,Enhancing Reliability,6,PO,33,VILLA PARK,7/25/2026 6:24,2026-07-31T12:59:29,1:scheduled,2026-07-31T20:06:05Z
136323485,800553627,scheduled,ACTIVE,S,425,Upgrading Equipment,,CALABASAS,LOS ANGELES,91302,34.14579895,-118.6155726,2026-08-05T21:00:00Z,8/6/2026 5:00,Work is in progress.,Enhancing Reliability,20,PO,35,MOORPARK,7/30/2026 17:50,2026-07-31T12:59:29,1:scheduled,2026-07-31T20:06:05Z
136344209,800555175,scheduled,ACTIVE,S,422,Upgrading Equipment,,YORBA LINDA,ORANGE,92886,33.90556746,-117.8294755,2026-08-07T09:00:00Z,8/7/2026 16:00,Work is in progress.,Enhancing Reliability,6,PO,48,VILLA PARK,7/28/2026 17:14,2026-07-31T12:59:29,1:scheduled,2026-07-31T20:06:05Z
136341941,800555103,scheduled,ACTIVE,S,3,Transformer Upgrade,,CARSON,LOS ANGELES,90810,33.82517108,-118.2326424,2026-08-09T08:00:00Z,8/9/2026 15:00,Work is in progress.,Enhancing Reliability,6,PO,32,LIGHTHIPE,7/28/2026 9:35,2026-07-31T12:59:29,1:scheduled,2026-07-31T20:06:05Z
136354691,800556073,scheduled,ACTIVE,S,152,Upgrading Equipment,,DUARTE,LOS ANGELES,91010,34.14289519,-117.9419591,2026-08-11T10:00:00Z,8/11/2026 13:00,Work is in progress.,Enhancing Reliability,6,PO,27,MESA,7/30/2026 17:47,2026-07-31T12:59:29,1:scheduled,2026-07-31T20:06:05Z
136328223,800553936,scheduled,ACTIVE,S,39,Upgrading Equipment,,Unincorporated Area,LOS ANGELES,90290,34.09715496,-118.5989538,2026-08-07T08:00:00Z,8/7/2026 14:00,Work is in progress.,Enhancing Reliability,6,PO,35,MOORPARK,7/25/2026 6:25,2026-07-31T12:59:29,1:scheduled,2026-07-31T20:06:05Z
136328454,800554163,scheduled,ACTIVE,S,2,Upgrading Equipment,,SOUTH PASADENA,LOS ANGELES,91030,34.11790455,-118.1671991,2026-08-07T09:00:00Z,8/7/2026 14:00,Work is in progress.,Enhancing Reliability,6,PO,27,MESA,7/25/2026 8:08,2026-07-31T12:59:29,1:scheduled,2026-07-31T20:06:05Z
136349298,800555499,scheduled,ACTIVE,S,835,Upgrading Equipment,,WILLOWBROOK,LOS ANGELES,90061,33.91560933,-118.2670459,2026-08-07T22:00:00Z,8/8/2026 6:00,Work is in progress.,Enhancing Reliability,18,PO,32,LIGHTHIPE,7/29/2026 15:51,2026-07-31T12:59:29,1:scheduled,2026-07-31T20:06:05Z
136344151,800555159,scheduled,ACTIVE,S,7,Upgrading Equipment,,Unincorporated Area,LOS ANGELES,91384,34.44208264,-118.6083838,2026-08-07T08:00:00Z,8/7/2026 11:00,Work is in progress.,Enhancing Reliability,18,PO,59,SAUGUS,7/28/2026 17:01,2026-07-31T12:59:29,1:scheduled,2026-07-31T20:06:05Z
136325474,800553907,scheduled,ACTIVE,S,30,Transformer Upgrade,,COMMERCE,LOS ANGELES,90040,33.9774688,-118.1368662,2026-08-01T08:00:00Z,8/1/2026 15:00,Work is in progress.,Enhancing Reliability,6,PO,32,LIGHTHIPE,7/24/2026 17:36,2026-07-31T12:59:29,1:scheduled,2026-07-31T20:06:05Z
136324080,800553763,scheduled,ACTIVE,S,13,Pole Upgrade,,Unincorporated Area,LOS ANGELES,93591,34.58030193,-117.9537278,2026-08-04T08:00:00Z,8/4/2026 19:00,Work is in progress.,Enhancing Reliability,6,PO,36,VINCENT,7/24/2026 11:08,2026-07-31T12:59:29,1:scheduled,2026-07-31T20:06:05Z
136353678,800555928,scheduled,ACTIVE,S,36,Transformer Upgrade,,CALABASAS,LOS ANGELES,91302,34.13251694,-118.6615078,2026-08-11T08:00:00Z,8/11/2026 10:00,Work is in progress.,Enhancing Reliability,18,PO,35,MOORPARK,7/30/2026 13:16,2026-07-31T12:59:29,1:scheduled,2026-07-31T20:06:05Z
136322026,800553526,scheduled,ACTIVE,S,41,Pole Upgrade,,LONG BEACH,LOS ANGELES,90815,33.79713144,-118.142189,2026-08-04T22:00:00Z,8/5/2026 3:00,Work is in progress.,Enhancing Reliability,6,PO,46,LIGHTHIPE,7/23/2026 15:08,2026-07-31T12:59:29,1:scheduled,2026-07-31T20:06:05Z
136344160,800555188,scheduled,ACTIVE,S,2,Transformer Upgrade,,YORBA LINDA,ORANGE,92886,33.89010942,-117.8131706,2026-08-07T21:00:00Z,8/8/2026 1:00,Work is in progress.,Enhancing Reliability,18,PO,48,VILLA PARK,7/28/2026 17:00,2026-07-31T12:59:29,1:scheduled,2026-07-31T20:06:05Z
136317523,800553109,scheduled,ACTIVE,S,80,Transformer Upgrade,,WESTLAKE VILLAGE,LOS ANGELES,91362,34.15157305,-118.7933552,2026-08-03T08:30:00Z,8/3/2026 16:30,Work is in progress.,Enhancing Reliability,18,PO,35,MOORPARK,7/22/2026 15:26,2026-07-31T12:59:29,1:scheduled,2026-07-31T20:06:05Z
136247971,800547785,scheduled,ACTIVE,S,17,Upgrading Equipment,,ARCADIA,LOS ANGELES,91007,34.14514839,-118.0614922,2026-08-06T12:00:00Z,8/6/2026 16:00,Work is in progress.,Enhancing Reliability,20,PO,27,MESA,7/15/2026 15:12,2026-07-31T12:59:29,1:scheduled,2026-07-31T20:06:05Z
136341822,800555067,scheduled,ACTIVE,S,260,Pole Upgrade,,BUENA PARK,ORANGE,90621,33.86317337,-118.0096891,2026-08-06T09:00:00Z,8/6/2026 17:00,Work is in progress.,Enhancing Reliability,6,PO,48,VILLA PARK,7/28/2026 9:22,2026-07-31T12:59:29,1:scheduled,2026-07-31T20:06:05Z
136354676,800556072,scheduled,ACTIVE,S,17,Upgrading Equipment,,LA CANADA FLINTRIDGE,LOS ANGELES,91011,34.22627203,-118.2179548,2026-08-11T09:00:00Z,8/11/2026 16:00,Work is in progress.,Enhancing Reliability,18,PO,27,MESA,7/30/2026 17:38,2026-07-31T12:59:29,1:scheduled,2026-07-31T20:06:05Z
136328844,800554054,scheduled,ACTIVE,S,509,Upgrading Equipment,,SANTA CLARITA,LOS ANGELES,91350,34.45025851,-118.4904379,2026-08-04T10:00:00Z,8/4/2026 15:00,Work is in progress.,Enhancing Reliability,6,PO,59,SAUGUS,7/25/2026 10:06,2026-07-31T12:59:29,1:scheduled,2026-07-31T20:06:05Z
136328861,800554138,scheduled,ACTIVE,S,64,Upgrading Equipment,,COMPTON,LOS ANGELES,90222,33.91060145,-118.2371641,2026-08-10T08:00:00Z,8/10/2026 15:00,Work is in progress.,Enhancing Reliability,18,PO,32,LIGHTHIPE,7/25/2026 10:17,2026-07-31T12:59:29,1:scheduled,2026-07-31T20:06:05Z
136349357,800555625,scheduled,ACTIVE,S,1,Pole Upgrade,,Unincorporated Area,LOS ANGELES,91384,34.47373487,-118.7152507,2026-08-07T12:00:00Z,8/7/2026 15:00,Work is in progress.,Enhancing Reliability,6,PO,59,SAUGUS,7/29/2026 16:16,2026-07-31T12:59:29,1:scheduled,2026-07-31T20:06:05Z
136317001,800552957,scheduled,ACTIVE,S,34,Upgrading Equipment,,EL MONTE,LOS ANGELES,91732,34.07791073,-118.015199,2026-08-04T08:30:00Z,8/4/2026 14:30,Work is in progress.,Enhancing Reliability,6,PO,22,MESA,7/22/2026 13:17,2026-07-31T12:59:29,1:scheduled,2026-07-31T20:06:05Z
136358264,800556400,scheduled,ACTIVE,S,7,Transformer Upgrade,,SANTA CLARITA,LOS ANGELES,91355,34.41909812,-118.5453251,2026-08-11T01:00:00Z,8/11/2026 6:30,Work is in progress.,Enhancing Reliability,6,PO,59,SAUGUS,7/31/2026 10:38,2026-07-31T12:59:29,1:scheduled,2026-07-31T20:06:05Z
136354629,800555957,scheduled,ACTIVE,S,6,Upgrading Equipment,,ARCADIA,LOS ANGELES,91007,34.11156364,-118.0456802,2026-08-06T08:30:00Z,8/6/2026 15:00,Work is in progress.,Enhancing Reliability,6,PO,27,MESA,7/30/2026 17:21,2026-07-31T12:59:29,1:scheduled,2026-07-31T20:06:05Z
136354639,800556058,scheduled,ACTIVE,S,3,Pole Upgrade,,LANCASTER,LOS ANGELES,93535,34.6909357,-118.1280624,2026-08-07T08:30:00Z,8/7/2026 15:00,Work is in progress.,Enhancing Reliability,6,PO,36,VINCENT,7/30/2026 17:23,2026-07-31T12:59:29,1:scheduled,2026-07-31T20:06:05Z
136325006,800553880,scheduled,ACTIVE,S,64,Upgrading Equipment,,LONG BEACH,LOS ANGELES,90802,33.77143516,-118.1822727,2026-08-05T22:00:00Z,8/6/2026 4:00,Work is in progress.,Enhancing Reliability,18,PO,46,LIGHTHIPE,7/24/2026 15:35,2026-07-31T12:59:29,1:scheduled,2026-07-31T20:06:05Z
136358363,800556295,scheduled,ACTIVE,S,13,Pole Upgrade,,Unincorporated Area,LOS ANGELES,93543,34.54827788,-117.9171167,2026-08-10T09:00:00Z,8/10/2026 18:30,Work is in progress.,Enhancing Reliability,6,PO,36,VINCENT,7/31/2026 11:02,2026-07-31T12:59:29,1:scheduled,2026-07-31T20:06:05Z
136321088,800553546,scheduled,ACTIVE,S,37,Upgrading Equipment,,NEWPORT BEACH,ORANGE,92660,33.62521741,-117.9024109,2026-08-03T09:00:00Z,8/3/2026 13:00,Work is in progress.,Enhancing Reliability,6,PO,33,ELLIS,7/23/2026 14:39,2026-07-31T12:59:29,1:scheduled,2026-07-31T20:06:05Z
136355024,800555918,scheduled,ACTIVE,S,13,Upgrading Equipment,,EAST LOS ANGELES,LOS ANGELES,90022,34.02010183,-118.1529305,2026-08-07T20:00:00Z,8/8/2026 8:00,Work is in progress.,Enhancing Reliability,18,PO,22,MESA,7/30/2026 19:34,2026-07-31T12:59:29,1:scheduled,2026-07-31T20:06:05Z
136317077,800553104,scheduled,ACTIVE,S,18,Pole Upgrade,,COMPTON,LOS ANGELES,90220,33.89743042,-118.2481732,2026-08-03T09:00:00Z,8/3/2026 19:00,Work is in progress.,Enhancing Reliability,6,PO,32,LIGHTHIPE,7/22/2026 13:33,2026-07-31T12:59:29,1:scheduled,2026-07-31T20:06:05Z
136339270,800554881,scheduled,ACTIVE,S,6,Pole Upgrade,,LENNOX,LOS ANGELES,90304,33.94307136,-118.369701,2026-08-04T20:30:00Z,8/5/2026 4:30,Work is in progress.,Enhancing Reliability,6,PO,44,EL NIDO,7/27/2026 16:15,2026-07-31T12:59:29,1:scheduled,2026-07-31T20:06:05Z
136328910,800554153,scheduled,ACTIVE,S,26,Upgrading Equipment,,INGLEWOOD,LOS ANGELES,90303,33.93183549,-118.3256027,2026-08-07T21:00:00Z,8/8/2026 5:00,Work is in progress.,Enhancing Reliability,6,PO,44,EL NIDO,7/25/2026 10:30,2026-07-31T12:59:29,1:scheduled,2026-07-31T20:06:05Z
136325450,800553945,scheduled,ACTIVE,S,255,Pole Upgrade,,SANTA ANA,ORANGE,92703,33.73575468,-117.8885351,2026-08-04T08:00:00Z,8/4/2026 16:00,Work is in progress.,Enhancing Reliability,18,PO,29,ELLIS,7/24/2026 17:30,2026-07-31T12:59:29,1:scheduled,2026-07-31T20:06:05Z
136320896,800553505,scheduled,ACTIVE,S,0,Upgrading Equipment,,WESTMINSTER,ORANGE,92683,33.74944862,-117.9998345,2026-08-02T09:00:00Z,8/2/2026 14:00,Work is in progress.,Enhancing Reliability,6,PO,33,VILLA PARK,7/23/2026 13:07,2026-07-31T12:59:29,1:scheduled,2026-07-31T20:06:05Z
136324967,800553842,scheduled,ACTIVE,S,2,Upgrading Equipment,,DOWNEY,LOS ANGELES,90241,33.927631,-118.1138962,2026-08-05T20:00:00Z,8/6/2026 6:00,Work is in progress.,Enhancing Reliability,6,PO,47,LIGHTHIPE,7/24/2026 15:23,2026-07-31T12:59:29,1:scheduled,2026-07-31T20:06:05Z
136348222,800555565,scheduled,ACTIVE,S,5,Transformer Upgrade,,ROLLING HILLS ESTATES,LOS ANGELES,90274,33.78781291,-118.3625644,2026-08-11T09:30:00Z,8/11/2026 15:00,Work is in progress.,Enhancing Reliability,6,PO,44,EL NIDO,7/29/2026 13:02,2026-07-31T12:59:29,1:scheduled,2026-07-31T20:06:05Z
136323418,800553741,scheduled,ACTIVE,S,137,Cable Upgrade,,LANCASTER,LOS ANGELES,93536,34.70182938,-118.2868932,2026-08-03T09:00:00Z,8/3/2026 16:00,Work is in progress.,Enhancing Reliability,6,PO,36,VINCENT,7/24/2026 8:37,2026-07-31T12:59:29,1:scheduled,2026-07-31T20:06:05Z
136323256,800553724,scheduled,ACTIVE,S,2,Upgrading Equipment,,GARDEN GROVE,ORANGE,92841,33.78998494,-118.0036221,2026-08-03T21:00:00Z,8/4/2026 2:00,Work is in progress.,Enhancing Reliability,18,PO,29,VILLA PARK,7/24/2026 8:01,2026-07-31T12:59:29,1:scheduled,2026-07-31T20:06:05Z
136299764,800551857,scheduled,ACTIVE,S,140,Transformer Upgrade,,SANTA ANA,ORANGE,92707,33.70141982,-117.8695297,2026-07-31T15:00:00Z,7/31/2026 19:00,Work is in progress.,Enhancing Reliability,18,PO,29,ELLIS,7/18/2026 9:16,2026-07-31T12:59:29,1:scheduled,2026-07-31T20:06:05Z
136328243,800554010,scheduled,ACTIVE,S,1,Upgrading Equipment,,ALTADENA,LOS ANGELES,91001,34.19110266,-118.1232433,2026-08-06T09:00:00Z,8/6/2026 14:00,Work is in progress.,Enhancing Reliability,6,PO,27,MESA,7/25/2026 6:45,2026-07-31T12:59:29,1:scheduled,2026-07-31T20:06:05Z
136328278,800554104,scheduled,ACTIVE,S,14,Upgrading Equipment,,FOUNTAIN VALLEY,ORANGE,92708,33.72696063,-117.9329349,2026-08-05T12:30:00Z,8/5/2026 15:00,Work is in progress.,Enhancing Reliability,6,PO,33,ELLIS,7/25/2026 7:15,2026-07-31T12:59:29,1:scheduled,2026-07-31T20:06:05Z
136317915,800553129,scheduled,ACTIVE,S,3,Pole Upgrade,,Unincorporated Area,LOS ANGELES,93536,34.77453755,-118.5693218,2026-08-04T08:00:00Z,8/4/2026 16:00,Work is in progress.,Enhancing Reliability,18,PO,36,VINCENT,7/22/2026 17:10,2026-07-31T12:59:29,1:scheduled,2026-07-31T20:06:05Z
136358632,800556350,scheduled,ACTIVE,S,2,Upgrading Equipment,,RANCHO PALOS VERDES,LOS ANGELES,90275,33.73848183,-118.322536,2026-08-10T09:00:00Z,8/10/2026 10:30,Work is in progress.,Enhancing Reliability,18,PO,44,EL NIDO,7/31/2026 11:57,2026-07-31T12:59:29,1:scheduled,2026-07-31T20:06:05Z
136344047,800555158,scheduled,ACTIVE,S,2,Upgrading Equipment,,Unincorporated Area,LOS ANGELES,91390,34.4902163,-118.4600319,2026-08-06T09:00:00Z,8/6/2026 15:00,Work is in progress.,Enhancing Reliability,6,PO,59,SAUGUS,7/28/2026 16:38,2026-07-31T12:59:29,1:scheduled,2026-07-31T20:06:05Z
136354161,800556017,scheduled,ACTIVE,S,59,Upgrading Equipment,,INGLEWOOD,LOS ANGELES,90301,33.95679505,-118.3536081,2026-08-10T09:30:00Z,8/10/2026 16:30,Work is in progress.,Enhancing Reliability,6,PO,44,EL NIDO,7/30/2026 15:27,2026-07-31T12:59:29,1:scheduled,2026-07-31T20:06:05Z
136328766,800554150,scheduled,ACTIVE,S,76,Upgrading Equipment,,TORRANCE,LOS ANGELES,90503,33.84428369,-118.3573941,2026-08-03T09:30:00Z,8/3/2026 17:00,Work is in progress.,Enhancing Reliability,6,PO,44,EL NIDO,7/25/2026 9:52,2026-07-31T12:59:29,1:scheduled,2026-07-31T20:06:05Z
136358641,800556317,scheduled,ACTIVE,S,44,Pole Upgrade,,SANTA CLARITA,LOS ANGELES,91355,34.40751641,-118.5666222,2026-08-12T09:00:00Z,8/12/2026 13:00,Work is in progress.,Enhancing Reliability,6,PO,59,SAUGUS,7/31/2026 11:52,2026-07-31T12:59:29,1:scheduled,2026-07-31T20:06:05Z
136325431,800553868,scheduled,ACTIVE,S,2,Upgrading Equipment,,Unincorporated Area,LOS ANGELES,91301,34.1133076,-118.7760379,2026-08-06T13:30:00Z,8/6/2026 14:00,Work is in progress.,Enhancing Reliability,18,PO,35,MOORPARK,7/24/2026 17:24,2026-07-31T12:59:29,1:scheduled,2026-07-31T20:06:05Z
136317994,800553194,scheduled,ACTIVE,S,16,Upgrading Equipment,,LAKEWOOD,LOS ANGELES,90712,33.84137867,-118.1525395,2026-08-01T09:00:00Z,8/1/2026 15:00,Work is in progress.,Enhancing Reliability,6,PO,46,LIGHTHIPE,7/22/2026 17:33,2026-07-31T12:59:29,1:scheduled,2026-07-31T20:06:05Z
136343941,800555229,scheduled,ACTIVE,S,18,Upgrading Equipment,,FOUNTAIN VALLEY,ORANGE,92708,33.71635934,-117.970908,2026-08-07T01:00:00Z,8/7/2026 6:30,Work is in progress.,Enhancing Reliability,6,PO,33,ELLIS,7/28/2026 16:10,2026-07-31T12:59:29,1:scheduled,2026-07-31T20:06:05Z
136300596,800551967,scheduled,ACTIVE,S,154,Upgrading Equipment,,HUNTINGTON BEACH,ORANGE,92646,33.66020884,-117.9838715,2026-08-03T09:00:00Z,8/3/2026 15:00,Work is in progress.,Enhancing Reliability,6,PO,33,ELLIS,7/18/2026 12:22,2026-07-31T12:59:29,1:scheduled,2026-07-31T20:06:05Z
136343943,800555157,scheduled,ACTIVE,S,182,Upgrading Equipment,,PALMDALE,LOS ANGELES,93552,34.57080327,-118.0413464,2026-08-06T09:00:00Z,8/6/2026 15:00,Work is in progress.,Enhancing Reliability,6,PO,36,VINCENT,7/28/2026 16:14,2026-07-31T12:59:29,1:scheduled,2026-07-31T20:06:05Z
136328245,800553938,scheduled,ACTIVE,S,9,Pole Upgrade,,CHARTER OAK,LOS ANGELES,91724,34.09840679,-117.855199,2026-08-04T09:00:00Z,8/4/2026 19:00,Work is in progress.,Enhancing Reliability,6,PO,26,MIRA LOMA,7/25/2026 6:42,2026-07-31T12:59:29,1:scheduled,2026-07-31T20:06:05Z
136337279,800554700,scheduled,ACTIVE,S,7,Upgrading Equipment,,SOUTH EL MONTE,LOS ANGELES,91733,34.05234074,-118.048394,2026-08-05T11:00:00Z,8/5/2026 13:30,Work is in progress.,Enhancing Reliability,6,PO,22,MESA,7/27/2026 9:36,2026-07-31T12:59:29,1:scheduled,2026-07-31T20:06:05Z
136308316,800552373,scheduled,ACTIVE,S,4,Upgrading Equipment,,DOWNEY,LOS ANGELES,90242,33.92311731,-118.151489,2026-07-31T21:00:00Z,8/1/2026 4:00,Work is in progress.,Enhancing Reliability,6,PO,47,LIGHTHIPE,7/20/2026 14:44,2026-07-31T12:59:29,1:scheduled,2026-07-31T20:06:05Z
136325389,800553885,scheduled,ACTIVE,S,15,Upgrading Equipment,,PALOS VERDES ESTATES,LOS ANGELES,90274,33.79735017,-118.3647295,2026-08-03T08:00:00Z,8/3/2026 10:00,Work is in progress.,Enhancing Reliability,18,PO,44,EL NIDO,7/24/2026 17:13,2026-07-31T12:59:29,1:scheduled,2026-07-31T20:06:05Z
136328261,800553939,scheduled,ACTIVE,S,1,Upgrading Equipment,,CALABASAS,LOS ANGELES,91302,34.14237772,-118.7004175,2026-08-07T08:00:00Z,8/7/2026 14:00,Work is in progress.,Enhancing Reliability,6,PO,35,MOORPARK,7/25/2026 6:54,2026-07-31T12:59:29,1:scheduled,2026-07-31T20:06:05Z
136312051,800552710,scheduled,ACTIVE,S,35,Upgrading Equipment,,ALHAMBRA,LOS ANGELES,91801,34.0859853,-118.1240284,2026-08-02T09:00:00Z,8/2/2026 16:00,Work is in progress.,Enhancing Reliability,6,PO,22,MESA,7/21/2026 15:02,2026-07-31T12:59:29,1:scheduled,2026-07-31T20:06:05Z
136328862,800554204,scheduled,ACTIVE,S,16,Pole Upgrade,,SANTA MONICA,LOS ANGELES,90405,34.00777169,-118.4730362,2026-08-06T08:30:00Z,8/6/2026 17:30,Work is in progress.,Enhancing Reliability,6,PO,42,EL NIDO,7/25/2026 10:15,2026-07-31T12:59:29,1:scheduled,2026-07-31T20:06:05Z
136325479,800553946,scheduled,ACTIVE,S,21,Upgrading Equipment,,SANTA ANA,ORANGE,92704,33.71986342,-117.9063215,2026-08-04T09:00:00Z,8/4/2026 16:00,Work is in progress.,Enhancing Reliability,6,PO,29,ELLIS,7/24/2026 17:37,2026-07-31T12:59:29,1:scheduled,2026-07-31T20:06:05Z
136324788,800553827,scheduled,ACTIVE,S,116,Pole Upgrade,,ROWLAND HEIGHTS,LOS ANGELES,91748,33.98968711,-117.8995236,2026-08-03T08:00:00Z,8/3/2026 16:00,Work is in progress.,Enhancing Reliability,18,PO,26,MIRA LOMA,7/24/2026 14:24,2026-07-31T12:59:29,1:scheduled,2026-07-31T20:06:05Z
136354538,800556141,scheduled,ACTIVE,S,33,Upgrading Equipment,,COMPTON,LOS ANGELES,90221,33.90147585,-118.2063701,2026-08-11T08:00:00Z,8/11/2026 12:00,Work is in progress.,Enhancing Reliability,18,PO,32,LIGHTHIPE,7/30/2026 16:44,2026-07-31T12:59:29,1:scheduled,2026-07-31T20:06:05Z
136328682,800554187,scheduled,ACTIVE,S,1,Transformer Upgrade,,IRVINE,ORANGE,92618,33.66578857,-117.7876401,2026-08-05T13:00:00Z,8/5/2026 15:30,Work is in progress.,Enhancing Reliability,18,PO,43,ELLIS,7/25/2026 9:16,2026-07-31T12:59:29,1:scheduled,2026-07-31T20:06:05Z
136347682,800555418,scheduled,ACTIVE,S,101,Upgrading Equipment,,TEMPLE CITY,LOS ANGELES,91780,34.11095399,-118.0730495,2026-08-10T09:00:00Z,8/10/2026 16:30,Work is in progress.,Enhancing Reliability,18,PO,27,MESA,7/29/2026 10:36,2026-07-31T12:59:29,1:scheduled,2026-07-31T20:06:05Z
136342912,800555150,scheduled,ACTIVE,S,6,Upgrading Equipment,,MONROVIA,LOS ANGELES,91016,34.15484402,-118.007105,2026-08-04T09:30:00Z,8/4/2026 14:00,Work is in progress.,Enhancing Reliability,6,PO,27,MESA,7/28/2026 12:51,2026-07-31T12:59:29,1:scheduled,2026-07-31T20:06:05Z
136358322,800556386,scheduled,ACTIVE,S,4,Pole Upgrade,,SANTA CLARITA,LOS ANGELES,91321,34.37948795,-118.4964697,2026-08-11T08:30:00Z,8/11/2026 15:30,Work is in progress.,Enhancing Reliability,6,PO,59,SAUGUS,7/31/2026 10:51,2026-07-31T12:59:29,1:scheduled,2026-07-31T20:06:05Z
136354806,800556181,scheduled,ACTIVE,S,1,Upgrading Equipment,,HAWTHORNE,LOS ANGELES,90250,33.92289562,-118.3336244,2026-08-10T09:00:00Z,8/10/2026 16:00,Work is in progress.,Enhancing Reliability,6,PO,44,EL NIDO,7/30/2026 18:12,2026-07-31T12:59:29,1:scheduled,2026-07-31T20:06:05Z
136352687,800555776,scheduled,ACTIVE,S,1,Upgrading Equipment,,SANTA FE SPRINGS,LOS ANGELES,90670,33.94656785,-118.0669886,2026-08-11T04:00:00Z,8/11/2026 6:00,Work is in progress.,Enhancing Reliability,6,PO,47,LIGHTHIPE,7/30/2026 9:13,2026-07-31T12:59:29,1:scheduled,2026-07-31T20:06:05Z
136347742,800555452,scheduled,ACTIVE,S,19,Upgrading Equipment,,ROSEMEAD,LOS ANGELES,91770,34.05797209,-118.1046686,2026-08-11T08:30:00Z,8/11/2026 13:30,Work is in progress.,Enhancing Reliability,6,PO,22,MESA,7/29/2026 10:44,2026-07-31T12:59:29,1:scheduled,2026-07-31T20:06:05Z
136328262,800554029,scheduled,ACTIVE,S,7,Upgrading Equipment,,NEWPORT BEACH,ORANGE,92660,33.62437551,-117.8657592,2026-08-05T12:30:00Z,8/5/2026 15:30,Work is in progress.,Enhancing Reliability,6,PO,33,ELLIS,7/25/2026 7:02,2026-07-31T12:59:29,1:scheduled,2026-07-31T20:06:05Z
136336991,800554516,scheduled,ACTIVE,S,2,Upgrading Equipment,,BELLFLOWER,LOS ANGELES,90706,33.87428414,-118.1272763,2026-08-04T09:00:00Z,8/4/2026 15:15,Work is in progress.,Enhancing Reliability,6,PO,32,LIGHTHIPE,7/27/2026 8:40,2026-07-31T12:59:29,1:scheduled,2026-07-31T20:06:05Z
136339156,800554639,scheduled,ACTIVE,S,19,Upgrading Equipment,,Unincorporated Area,LOS ANGELES,90290,34.07462526,-118.6279987,2026-08-07T08:00:00Z,8/7/2026 16:00,Work is in progress.,Enhancing Reliability,18,PO,35,MOORPARK,7/27/2026 15:45,2026-07-31T12:59:30,1:scheduled,2026-07-31T20:06:05Z
136339144,800554657,scheduled,ACTIVE,S,3,Upgrading Equipment,,Unincorporated Area,LOS ANGELES,90290,34.07623226,-118.6178571,2026-08-07T08:00:00Z,8/7/2026 16:00,Work is in progress.,Enhancing Reliability,18,PO,35,MOORPARK,7/27/2026 15:41,2026-07-31T12:59:30,1:scheduled,2026-07-31T20:06:05Z
136325566,800553911,scheduled,ACTIVE,S,30,Upgrading Equipment,,MONTEBELLO,LOS ANGELES,90640,34.0261416,-118.1383909,2026-08-06T07:00:00Z,8/6/2026 17:00,Work is in progress.,Enhancing Reliability,14,PO,22,MESA,7/25/2026 4:56,2026-07-31T12:59:30,1:scheduled,2026-07-31T20:06:05Z
136354665,800555914,scheduled,ACTIVE,S,70,Upgrading Equipment,,ALHAMBRA,LOS ANGELES,91801,34.10390601,-118.130235,2026-08-11T08:00:00Z,8/11/2026 16:00,Work is in progress.,Enhancing Reliability,18,PO,22,MESA,7/30/2026 17:35,2026-07-31T12:59:30,1:scheduled,2026-07-31T20:06:05Z
136328253,800554012,scheduled,ACTIVE,S,19,Upgrading Equipment,,MAYFLOWER VILLAGE,LOS ANGELES,91006,34.11052557,-118.0130018,2026-08-06T13:00:00Z,8/6/2026 16:00,Work is in progress.,Enhancing Reliability,18,PO,27,MESA,7/25/2026 6:53,2026-07-31T12:59:30,1:scheduled,2026-07-31T20:06:05Z
136354345,800556065,scheduled,ACTIVE,S,41,Pole Upgrade,,LA PUENTE,LOS ANGELES,91744,34.02547885,-117.945087,2026-08-10T08:00:00Z,8/10/2026 16:00,Work is in progress.,Enhancing Reliability,18,PO,26,MIRA LOMA,7/30/2026 15:59,2026-07-31T12:59:30,1:scheduled,2026-07-31T20:06:05Z
136354660,800556143,scheduled,ACTIVE,S,30,Transformer Upgrade,,SAN DIMAS,LOS ANGELES,91773,34.12196472,-117.8082564,2026-08-10T09:00:00Z,8/10/2026 15:00,Work is in progress.,Enhancing Reliability,6,PO,26,MIRA LOMA,7/30/2026 17:30,2026-07-31T12:59:30,1:scheduled,2026-07-31T20:06:05Z
136328225,800554063,scheduled,ACTIVE,S,23,Transformer Upgrade,,PLACENTIA,ORANGE,92870,33.86854751,-117.8314997,2026-08-05T08:00:00Z,8/5/2026 11:00,Work is in progress.,Enhancing Reliability,18,PO,48,VILLA PARK,7/25/2026 6:38,2026-07-31T12:59:30,1:scheduled,2026-07-31T20:06:05Z
136299776,800551892,scheduled,ACTIVE,S,2,Upgrading Equipment,,IRVINE,ORANGE,92614,33.69546017,-117.8617122,2026-08-01T08:00:00Z,8/1/2026 15:00,Work is in progress.,Enhancing Reliability,6,PO,43,ELLIS,7/18/2026 9:19,2026-07-31T12:59:30,1:scheduled,2026-07-31T20:06:05Z
136323196,800553592,scheduled,ACTIVE,S,5,Upgrading Equipment,,ORANGE,ORANGE,92868,33.7853559,-117.8894843,2026-08-03T19:30:00Z,8/3/2026 22:30,Work is in progress.,Enhancing Reliability,6,PO,29,VILLA PARK,7/24/2026 7:23,2026-07-31T12:59:30,1:scheduled,2026-07-31T20:06:05Z
136278650,800550286,scheduled,ACTIVE,S,2,Upgrading Equipment,,ARCADIA,LOS ANGELES,91006,34.10301641,-118.0087889,2026-08-07T08:00:00Z,8/7/2026 12:00,Work is in progress.,Enhancing Reliability,6,PO,27,MESA,7/14/2026 10:58,2026-07-31T12:59:30,1:scheduled,2026-07-31T20:06:05Z
136354171,800555995,scheduled,ACTIVE,S,15,Pole Upgrade,,INDUSTRY,LOS ANGELES,91748,33.99301544,-117.9041804,2026-08-05T04:30:00Z,8/5/2026 15:00,Work is in progress.,Enhancing Reliability,18,PO,26,MIRA LOMA,7/30/2026 15:17,2026-07-31T12:59:30,1:scheduled,2026-07-31T20:06:05Z
136310580,800552606,scheduled,ACTIVE,S,8,Upgrading Equipment,,MONTEREY PARK,LOS ANGELES,91755,34.03943959,-118.105901,2026-08-01T08:00:00Z,8/1/2026 14:00,Work is in progress.,Enhancing Reliability,18,PO,22,MESA,7/21/2026 9:03,2026-07-31T12:59:30,1:scheduled,2026-07-31T20:06:05Z
136338073,800554652,scheduled,ACTIVE,S,16,Upgrading Equipment,,INGLEWOOD,LOS ANGELES,90305,33.95859389,-118.3227475,2026-08-07T10:00:00Z,8/7/2026 16:30,Work is in progress.,Enhancing Reliability,6,PO,44,EL NIDO,7/27/2026 12:01,2026-07-31T12:59:30,1:scheduled,2026-07-31T20:06:05Z
136328348,800554106,scheduled,ACTIVE,S,39,Pole Upgrade,,Unincorporated Area,LOS ANGELES,93543,34.57443132,-117.9646733,2026-08-05T10:00:00Z,8/5/2026 19:00,Work is in progress.,Enhancing Reliability,6,PO,36,VINCENT,7/25/2026 7:28,2026-07-31T12:59:30,1:scheduled,2026-07-31T20:06:05Z
136344234,800555190,scheduled,ACTIVE,S,26,Transformer Upgrade,,HUNTINGTON BEACH,ORANGE,92649,33.7125713,-118.0448671,2026-08-07T09:00:00Z,8/7/2026 13:00,Work is in progress.,Enhancing Reliability,6,PO,33,VILLA PARK,7/28/2026 17:21,2026-07-31T12:59:30,1:scheduled,2026-07-31T20:06:05Z
136328271,800554120,scheduled,ACTIVE,S,32,Pole Upgrade,,LA PUENTE,LOS ANGELES,91744,34.03539412,-117.9421693,2026-08-04T09:15:00Z,8/4/2026 15:00,Work is in progress.,Enhancing Reliability,6,PO,26,MIRA LOMA,7/25/2026 7:02,2026-07-31T12:59:30,1:scheduled,2026-07-31T20:06:05Z
136314379,800552697,scheduled,ACTIVE,S,272,Upgrading Equipment,,MONTEREY PARK,LOS ANGELES,91755,34.04821613,-118.1253894,2026-08-03T10:00:00Z,8/3/2026 15:00,Work is in progress.,Enhancing Reliability,6,PO,22,MESA,7/22/2026 7:09,2026-07-31T12:59:30,1:scheduled,2026-07-31T20:06:05Z
136337117,800554556,scheduled,ACTIVE,S,36,Pole Upgrade,,HAWTHORNE,LOS ANGELES,90250,33.90814325,-118.3515623,2026-08-03T08:00:00Z,8/3/2026 11:00,Work is in progress.,Enhancing Reliability,18,PO,44,EL NIDO,7/27/2026 9:10,2026-07-31T12:59:30,1:scheduled,2026-07-31T20:06:05Z
136353384,800555945,scheduled,ACTIVE,S,1,Upgrading Equipment,,FULLERTON,ORANGE,92833,33.88810721,-117.9425669,2026-08-10T09:00:00Z,8/10/2026 16:00,Work is in progress.,Enhancing Reliability,6,PO,48,VILLA PARK,7/30/2026 12:00,2026-07-31T12:59:30,1:scheduled,2026-07-31T20:06:05Z
136328462,800554108,scheduled,ACTIVE,S,15,Upgrading Equipment,,PICO RIVERA,LOS ANGELES,90660,33.99375799,-118.0932249,2026-08-07T09:00:00Z,8/7/2026 13:00,Work is in progress.,Enhancing Reliability,6,PO,47,LIGHTHIPE,7/25/2026 8:12,2026-07-31T12:59:30,1:scheduled,2026-07-31T20:06:05Z
136312665,800552686,scheduled,ACTIVE,S,104,Cable Upgrade,,BUENA PARK,ORANGE,90620,33.83989924,-117.9952055,2026-07-31T23:00:00Z,8/1/2026 6:30,Work is in progress.,Enhancing Reliability,18,PO,48,VILLA PARK,7/21/2026 18:22,2026-07-31T12:59:30,1:scheduled,2026-07-31T20:06:05Z
136341407,800554967,scheduled,ACTIVE,S,15,Upgrading Equipment,,MONTEREY PARK,LOS ANGELES,91755,34.0453556,-118.1025147,2026-08-10T08:30:00Z,8/10/2026 14:00,Work is in progress.,Enhancing Reliability,6,PO,22,MESA,7/28/2026 7:59,2026-07-31T12:59:30,1:scheduled,2026-07-31T20:06:05Z
136296252,800551558,scheduled,ACTIVE,S,26,Upgrading Equipment,,MONTEREY PARK,LOS ANGELES,91755,34.06450715,-118.1119444,2026-08-04T09:00:00Z,8/4/2026 18:30,Work is in progress.,Enhancing Reliability,14,PO,22,MESA,7/29/2026 14:19,2026-07-31T12:59:30,1:scheduled,2026-07-31T20:06:05Z
136328212,800554009,scheduled,ACTIVE,S,11,Upgrading Equipment,,NEWPORT BEACH,ORANGE,92625,33.60526308,-117.8704354,2026-08-04T12:30:00Z,8/4/2026 15:30,Work is in progress.,Enhancing Reliability,6,PO,33,ELLIS,7/25/2026 6:14,2026-07-31T12:59:30,1:scheduled,2026-07-31T20:06:05Z
136353881,800555934,scheduled,ACTIVE,S,81,Upgrading Equipment,,SANTA MONICA,LOS ANGELES,90404,34.01328832,-118.4832824,2026-08-09T09:00:00Z,8/9/2026 17:00,Work is in progress.,Enhancing Reliability,6,PO,42,EL NIDO,7/30/2026 14:11,2026-07-31T12:59:30,1:scheduled,2026-07-31T20:06:05Z
136314447,800552898,scheduled,ACTIVE,S,16,Upgrading Equipment,,MONTEREY PARK,LOS ANGELES,91755,34.06187842,-118.1213904,2026-08-04T00:00:00Z,8/4/2026 8:00,Work is in progress.,Enhancing Reliability,6,PO,22,MESA,7/25/2026 7:28,2026-07-31T12:59:30,1:scheduled,2026-07-31T20:06:05Z
136328222,800553979,scheduled,ACTIVE,S,8,Upgrading Equipment,,LA CANADA FLINTRIDGE,LOS ANGELES,91011,34.20430114,-118.1817758,2026-08-06T08:00:00Z,8/6/2026 16:00,Work is in progress.,Enhancing Reliability,18,PO,27,MESA,7/25/2026 6:26,2026-07-31T12:59:30,1:scheduled,2026-07-31T20:06:05Z
136325548,800553949,scheduled,ACTIVE,S,3,Transformer Upgrade,,CUDAHY,LOS ANGELES,90201,33.96578144,-118.1923681,2026-08-06T09:00:00Z,8/6/2026 18:00,Work is in progress.,Enhancing Reliability,6,PO,32,LIGHTHIPE,7/24/2026 17:57,2026-07-31T12:59:30,1:scheduled,2026-07-31T20:06:05Z
136348882,800555645,scheduled,ACTIVE,S,43,Upgrading Equipment,,RANCHO PALOS VERDES,LOS ANGELES,90275,33.78290036,-118.386786,2026-08-03T08:00:00Z,8/3/2026 12:00,Work is in progress.,Enhancing Reliability,18,PO,44,EL NIDO,7/29/2026 14:04,2026-07-31T12:59:30,1:scheduled,2026-07-31T20:06:05Z
136344144,800555212,scheduled,ACTIVE,S,57,Upgrading Equipment,,SANTA ANA,ORANGE,92706,33.77602339,-117.8722866,2026-08-07T21:00:00Z,8/8/2026 1:00,Work is in progress.,Enhancing Reliability,18,PO,29,VILLA PARK,7/28/2026 16:57,2026-07-31T12:59:30,1:scheduled,2026-07-31T20:06:05Z
136349469,800555690,scheduled,ACTIVE,S,73,Upgrading Equipment,,IRVINE,ORANGE,92602,33.72158327,-117.7908643,2026-08-08T08:00:00Z,8/8/2026 15:00,Work is in progress.,Enhancing Reliability,6,PO,43,ELLIS,7/29/2026 16:50,2026-07-31T12:59:30,1:scheduled,2026-07-31T20:06:05Z
136328489,800554128,scheduled,ACTIVE,S,1,Upgrading Equipment,,LANCASTER,LOS ANGELES,93535,34.6702734,-118.0625641,2026-08-05T12:00:00Z,8/5/2026 18:30,Work is in progress.,Enhancing Reliability,6,PO,36,VINCENT,7/25/2026 8:20,2026-07-31T12:59:30,1:scheduled,2026-07-31T20:06:05Z
136343858,800555225,scheduled,ACTIVE,S,122,Upgrading Equipment,,VIEW PARK-WINDSOR HILLS,LOS ANGELES,90043,33.98985103,-118.3553094,2026-08-12T08:00:00Z,8/12/2026 10:30,Work is in progress.,Enhancing Reliability,20,PO,44,EL NIDO,7/29/2026 6:50,2026-07-31T12:59:30,1:scheduled,2026-07-31T20:06:05Z
136300609,800551954,scheduled,ACTIVE,S,53,Upgrading Equipment,,GARDEN GROVE,ORANGE,92845,33.77716562,-118.0391821,2026-08-03T08:00:00Z,8/3/2026 15:00,Work is in progress.,Enhancing Reliability,18,PO,29,VILLA PARK,7/18/2026 12:28,2026-07-31T12:59:30,1:scheduled,2026-07-31T20:06:05Z
136328752,800554202,scheduled,ACTIVE,S,2,Upgrading Equipment,,Unincorporated Area,LOS ANGELES,91302,34.14156762,-118.7041182,2026-08-05T22:00:00Z,8/6/2026 5:00,Work is in progress.,Enhancing Reliability,6,PO,35,MOORPARK,7/25/2026 9:35,2026-07-31T12:59:30,1:scheduled,2026-07-31T20:06:05Z
136352829,800555816,scheduled,ACTIVE,S,1,Upgrading Equipment,,NEWPORT BEACH,ORANGE,92660,33.64245359,-117.8671646,2026-08-10T09:00:00Z,8/10/2026 11:00,Work is in progress.,Enhancing Reliability,6,PO,33,ELLIS,7/30/2026 9:43,2026-07-31T12:59:30,1:scheduled,2026-07-31T20:06:05Z
136202942,800544860,scheduled,ACTIVE,S,1,Transformer Upgrade,,GARDENA,LOS ANGELES,90249,33.89112479,-118.3157992,2026-08-03T08:00:00Z,8/3/2026 12:00,Work is in progress.,Enhancing Reliability,20,PO,44,EL NIDO,7/10/2026 7:29,2026-07-31T12:59:30,1:scheduled,2026-07-31T20:06:05Z
136310937,800552497,scheduled,ACTIVE,S,2,Upgrading Equipment,,Unincorporated Area,LOS ANGELES,91384,34.45036276,-118.5993263,2026-08-05T05:00:00Z,10/2/2026 16:00,Work is in progress.,Enhancing Reliability,14,PO,59,SAUGUS,7/22/2026 6:49,2026-07-31T12:59:30,1:scheduled,2026-07-31T20:06:05Z
136352296,800555828,scheduled,ACTIVE,S,130,Upgrading Equipment,,SANTA CLARITA,LOS ANGELES,91355,34.4042273,-118.5579251,2026-08-10T09:00:00Z,8/10/2026 15:00,Work is in progress.,Enhancing Reliability,6,PO,59,SAUGUS,7/30/2026 7:50,2026-07-31T12:59:30,1:scheduled,2026-07-31T20:06:05Z
136341205,800554947,scheduled,ACTIVE,S,14,Transformer Upgrade,,ROWLAND HEIGHTS,LOS ANGELES,91748,33.99542001,-117.8828353,2026-08-09T01:00:00Z,8/9/2026 7:00,Work is in progress.,Enhancing Reliability,6,PO,26,MIRA LOMA,7/28/2026 5:54,2026-07-31T12:59:30,1:scheduled,2026-07-31T20:06:05Z
136352242,800555734,scheduled,ACTIVE,S,3,Upgrading Equipment,,ARCADIA,LOS ANGELES,91006,34.14282886,-118.0295332,2026-08-11T08:00:00Z,8/11/2026 15:00,Work is in progress.,Enhancing Reliability,18,PO,27,MESA,7/30/2026 7:25,2026-07-31T12:59:30,1:scheduled,2026-07-31T20:06:05Z
136314405,800552913,scheduled,ACTIVE,S,19,Upgrading Equipment,,MONROVIA,LOS ANGELES,91016,34.15166131,-118.0102787,2026-08-03T22:00:00Z,8/4/2026 6:30,Work is in progress.,Enhancing Reliability,18,PO,27,MESA,7/22/2026 7:17,2026-07-31T12:59:30,1:scheduled,2026-07-31T20:06:05Z
136354675,800555959,scheduled,ACTIVE,S,53,Transformer Upgrade,,LA VERNE,LOS ANGELES,91750,34.1327931,-117.7774199,2026-08-10T09:00:00Z,8/10/2026 15:00,Work is in progress.,Enhancing Reliability,6,PO,26,MIRA LOMA,7/30/2026 17:38,2026-07-31T12:59:30,1:scheduled,2026-07-31T20:06:05Z
136328479,800554145,scheduled,ACTIVE,S,1,Upgrading Equipment,,Unincorporated Area,LOS ANGELES,90601,34.0235945,-118.0360875,2026-08-08T08:00:00Z,8/8/2026 15:00,Work is in progress.,Enhancing Reliability,6,PO,22,MESA,7/25/2026 8:20,2026-07-31T12:59:30,1:scheduled,2026-07-31T20:06:05Z
136325398,800553960,scheduled,ACTIVE,S,61,Transformer Upgrade,,PALMDALE,LOS ANGELES,93552,34.56891643,-118.0481432,2026-08-10T09:00:00Z,8/10/2026 15:00,Work is in progress.,Enhancing Reliability,14,PO,36,VINCENT,7/29/2026 17:17,2026-07-31T12:59:30,1:scheduled,2026-07-31T20:06:05Z
136344187,800555283,scheduled,ACTIVE,S,129,Upgrading Equipment,,SANTA ANA,ORANGE,92704,33.69767168,-117.8947289,2026-08-07T09:00:00Z,8/7/2026 15:00,Work is in progress.,Enhancing Reliability,6,PO,29,ELLIS,7/28/2026 17:06,2026-07-31T12:59:30,1:scheduled,2026-07-31T20:06:05Z
136343875,800555226,scheduled,ACTIVE,S,6,Transformer Upgrade,,DEL AIRE,LOS ANGELES,90045,33.92904523,-118.3769087,2026-08-06T09:30:00Z,8/6/2026 15:00,Work is in progress.,Enhancing Reliability,6,PO,44,EL NIDO,7/28/2026 15:48,2026-07-31T12:59:30,1:scheduled,2026-07-31T20:06:05Z
136339595,800554825,scheduled,ACTIVE,S,2,Pole Upgrade,,VAL VERDE,LOS ANGELES,91384,34.44720586,-118.6640893,2026-08-06T09:00:00Z,8/6/2026 16:00,Work is in progress.,Enhancing Reliability,6,PO,59,SAUGUS,7/27/2026 18:07,2026-07-31T12:59:30,1:scheduled,2026-07-31T20:06:05Z
136328827,800554203,scheduled,ACTIVE,S,1,Pole Upgrade,,EL SEGUNDO,LOS ANGELES,90245,33.92378593,-118.3928821,2026-08-03T21:30:00Z,8/4/2026 4:30,Work is in progress.,Enhancing Reliability,6,PO,44,EL NIDO,7/25/2026 10:01,2026-07-31T12:59:30,1:scheduled,2026-07-31T20:06:05Z
136353020,800555886,scheduled,ACTIVE,S,2,Transformer Upgrade,,Unincorporated Area,LOS ANGELES,93536,34.7007823,-118.2617108,2026-08-06T08:00:00Z,8/6/2026 15:00,Work is in progress.,Enhancing Reliability,6,PO,36,VINCENT,7/30/2026 10:27,2026-07-31T12:59:30,1:scheduled,2026-07-31T20:06:05Z
136357889,800556344,scheduled,ACTIVE,S,38,Pole Upgrade,,Unincorporated Area,LOS ANGELES,93543,34.57443132,-117.9646733,2026-08-11T08:00:00Z,8/11/2026 16:00,Work is in progress.,Enhancing Reliability,6,PO,36,VINCENT,7/31/2026 9:51,2026-07-31T12:59:30,1:scheduled,2026-07-31T20:06:05Z
136348704,800555605,scheduled,ACTIVE,S,0,Pole Upgrade,,LA VERNE,LOS ANGELES,91750,34.10507925,-117.7683166,2026-08-04T09:00:00Z,8/4/2026 15:00,Work is in progress.,Enhancing Reliability,6,PO,26,MIRA LOMA,7/29/2026 13:18,2026-07-31T12:59:30,1:scheduled,2026-07-31T20:06:05Z
136312599,800552735,scheduled,ACTIVE,S,231,Upgrading Equipment,,WEST COVINA,LOS ANGELES,91791,34.07013862,-117.8937259,2026-08-01T22:00:00Z,8/2/2026 5:00,Work is in progress.,Enhancing Reliability,18,PO,26,MIRA LOMA,7/21/2026 17:56,2026-07-31T12:59:30,1:scheduled,2026-07-31T20:06:05Z
136352774,800555882,scheduled,ACTIVE,S,21,Pole Upgrade,,SOUTH WHITTIER,LOS ANGELES,90604,33.92781392,-118.0119502,2026-08-10T05:00:00Z,8/10/2026 18:30,Work is in progress.,Enhancing Reliability,6,PO,48,VILLA PARK,7/30/2026 9:34,2026-07-31T12:59:30,1:scheduled,2026-07-31T20:06:05Z
136341250,800554948,scheduled,ACTIVE,S,28,Upgrading Equipment,,ALTADENA,LOS ANGELES,91001,34.18238547,-118.1463208,2026-08-10T12:00:00Z,8/10/2026 16:00,Work is in progress.,Enhancing Reliability,20,PO,27,MESA,7/29/2026 14:24,2026-07-31T12:59:30,1:scheduled,2026-07-31T20:06:05Z
136348209,800555583,scheduled,ACTIVE,S,9,Transformer Upgrade,,SANTA CLARITA,LOS ANGELES,91387,34.38800863,-118.411105,2026-08-07T09:00:00Z,8/7/2026 14:00,Work is in progress.,Enhancing Reliability,6,PO,59,SAUGUS,7/29/2026 12:14,2026-07-31T12:59:30,1:scheduled,2026-07-31T20:06:05Z
136325763,800553952,scheduled,ACTIVE,S,61,Upgrading Equipment,,LA CRESCENTA-MONTROSE,LOS ANGELES,91214,34.23781108,-118.2287946,2026-08-05T09:00:00Z,8/5/2026 18:30,Work is in progress.,Enhancing Reliability,6,PO,27,MESA,7/24/2026 19:09,2026-07-31T12:59:30,1:scheduled,2026-07-31T20:06:05Z
136358177,800556217,scheduled,ACTIVE,S,81,Upgrading Equipment,,MANHATTAN BEACH,LOS ANGELES,90266,33.88143431,-118.3943232,2026-08-07T22:00:00Z,8/8/2026 6:00,Work is in progress.,Enhancing Reliability,6,PO,44,EL NIDO,7/31/2026 10:26,2026-07-31T12:59:30,1:scheduled,2026-07-31T20:06:05Z
136255354,800548295,scheduled,ACTIVE,S,0,Transformer Upgrade,,Unincorporated Area,LOS ANGELES,90265,34.04416646,-118.5700743,2026-08-06T09:30:00Z,8/6/2026 17:00,Work is in progress.,Enhancing Reliability,14,PO,35,MOORPARK,7/21/2026 12:33,2026-07-31T12:59:30,1:scheduled,2026-07-31T20:06:05Z
136328437,800554066,scheduled,ACTIVE,S,39,Pole Upgrade,,LA PUENTE,LOS ANGELES,91744,34.03645066,-117.9646501,2026-08-07T08:00:00Z,8/7/2026 18:00,Work is in progress.,Enhancing Reliability,18,PO,26,MIRA LOMA,7/25/2026 8:04,2026-07-31T12:59:30,1:scheduled,2026-07-31T20:06:05Z
136337813,800554693,scheduled,ACTIVE,S,0,Transformer Upgrade,,BEVERLY HILLS,LOS ANGELES,90210,34.08736616,-118.4112551,2026-08-04T09:30:00Z,8/4/2026 16:00,Work is in progress.,Enhancing Reliability,6,PO,42,EL NIDO,7/27/2026 10:54,2026-07-31T12:59:30,1:scheduled,2026-07-31T20:06:05Z
136325568,800553872,scheduled,ACTIVE,S,38,Upgrading Equipment,,SEAL BEACH,ORANGE,90740,33.76137699,-118.0782458,2026-08-06T22:00:00Z,8/7/2026 4:00,Work is in progress.,Enhancing Reliability,6,PO,46,LIGHTHIPE,7/24/2026 18:06,2026-07-31T12:59:30,1:scheduled,2026-07-31T20:06:05Z
136316363,800552876,scheduled,ACTIVE,S,10,Upgrading Equipment,,INGLEWOOD,LOS ANGELES,90301,33.96264075,-118.356982,2026-08-02T21:00:00Z,8/3/2026 1:00,Work is in progress.,Enhancing Reliability,6,PO,44,EL NIDO,7/22/2026 11:14,2026-07-31T12:59:30,1:scheduled,2026-07-31T20:06:05Z
136002244,800534248,scheduled,ACTIVE,S,97,Upgrading Equipment,,LAKEWOOD,LOS ANGELES,90715,33.8368287,-118.0871747,2026-08-03T01:00:00Z,8/3/2026 8:00,Work is in progress.,Enhancing Reliability,14,PO,46,LIGHTHIPE,7/10/2026 8:16,2026-07-31T12:59:30,1:scheduled,2026-07-31T20:06:05Z
136349028,800555682,scheduled,ACTIVE,S,17,Upgrading Equipment,,FLORENCE-GRAHAM,LOS ANGELES,90002,33.95496158,-118.2355334,2026-08-10T09:00:00Z,8/10/2026 15:00,Work is in progress.,Enhancing Reliability,6,PO,32,LIGHTHIPE,7/29/2026 14:47,2026-07-31T12:59:30,1:scheduled,2026-07-31T20:06:05Z
136344072,800555281,scheduled,ACTIVE,S,35,Upgrading Equipment,,FULLERTON,ORANGE,92833,33.8939339,-117.9484701,2026-08-07T09:00:00Z,8/7/2026 16:00,Work is in progress.,Enhancing Reliability,6,PO,48,VILLA PARK,7/28/2026 16:45,2026-07-31T12:59:30,1:scheduled,2026-07-31T20:06:05Z
136328173,800553975,scheduled,ACTIVE,S,2,Upgrading Equipment,,HUNTINGTON PARK,LOS ANGELES,90058,33.99115735,-118.2279883,2026-08-07T10:00:00Z,8/7/2026 18:00,Work is in progress.,Enhancing Reliability,6,PO,32,LIGHTHIPE,7/25/2026 5:33,2026-07-31T12:59:30,1:scheduled,2026-07-31T20:06:05Z
136348161,800555456,scheduled,ACTIVE,S,16,Pole Upgrade,,LANCASTER,LOS ANGELES,93534,34.69277666,-118.1314044,2026-08-06T17:00:00Z,8/6/2026 22:00,Work is in progress.,Enhancing Reliability,6,PO,36,VINCENT,7/29/2026 12:04,2026-07-31T12:59:30,1:scheduled,2026-07-31T20:06:05Z
136320552,800553404,scheduled,ACTIVE,S,1,Upgrading Equipment,,YORBA LINDA,ORANGE,92886,33.89045615,-117.8140499,2026-08-01T09:00:00Z,8/1/2026 16:00,Work is in progress.,Enhancing Reliability,6,PO,48,VILLA PARK,7/23/2026 11:20,2026-07-31T12:59:30,1:scheduled,2026-07-31T20:06:05Z
136349441,800555667,scheduled,ACTIVE,S,46,Pole Upgrade,,SANTA ANA,ORANGE,92705,33.76636762,-117.8340199,2026-08-06T08:00:00Z,8/6/2026 16:00,Work is in progress.,Enhancing Reliability,18,PO,29,VILLA PARK,7/29/2026 16:40,2026-07-31T12:59:30,1:scheduled,2026-07-31T20:06:05Z
136328428,800554032,scheduled,ACTIVE,S,65,Pole Upgrade,,LA PUENTE,LOS ANGELES,91744,34.01334896,-117.9340657,2026-08-07T08:00:00Z,8/7/2026 17:00,Work is in progress.,Enhancing Reliability,18,PO,26,MIRA LOMA,7/25/2026 8:01,2026-07-31T12:59:30,1:scheduled,2026-07-31T20:06:05Z
136342596,800555113,scheduled,ACTIVE,S,4,Upgrading Equipment,,Unincorporated Area,LOS ANGELES,91301,34.10301717,-118.7207613,2026-08-03T17:00:00Z,8/4/2026 1:30,Work is in progress.,Enhancing Reliability,18,PO,35,MOORPARK,7/28/2026 12:01,2026-07-31T12:59:30,1:scheduled,2026-07-31T20:06:05Z
136339497,800554715,scheduled,ACTIVE,S,4,Pole Upgrade,,LANCASTER,LOS ANGELES,93534,34.64586129,-118.168716,2026-08-05T00:30:00Z,8/5/2026 11:00,Work is in progress.,Enhancing Reliability,6,PO,36,VINCENT,7/27/2026 17:26,2026-07-31T12:59:30,1:scheduled,2026-07-31T20:06:05Z
136299546,800551851,scheduled,ACTIVE,S,0,Upgrading Equipment,,SOUTH PASADENA,LOS ANGELES,91030,34.10488257,-118.1455766,2026-08-03T08:00:00Z,8/3/2026 10:00,Work is in progress.,Enhancing Reliability,18,PO,27,MESA,7/18/2026 8:18,2026-07-31T12:59:30,1:scheduled,2026-07-31T20:06:05Z
136347655,800555398,scheduled,ACTIVE,S,61,Upgrading Equipment,,MONROVIA,LOS ANGELES,91016,34.15200051,-117.9881984,2026-08-10T08:30:00Z,8/10/2026 16:30,Work is in progress.,Enhancing Reliability,18,PO,27,MESA,7/29/2026 10:30,2026-07-31T12:59:30,1:scheduled,2026-07-31T20:06:05Z
136311432,800552596,scheduled,ACTIVE,S,22,Pole Upgrade,,COVINA,LOS ANGELES,91723,34.07972608,-117.8886699,2026-08-02T08:00:00Z,8/2/2026 15:00,Work is in progress.,Enhancing Reliability,6,PO,26,MIRA LOMA,7/21/2026 11:58,2026-07-31T12:59:30,1:scheduled,2026-07-31T20:06:05Z
136357639,800556239,scheduled,ACTIVE,S,1,Transformer Upgrade,,LONG BEACH,LOS ANGELES,90803,33.76368142,-118.1161752,2026-08-11T09:30:00Z,8/11/2026 13:00,Work is in progress.,Enhancing Reliability,6,PO,46,LIGHTHIPE,7/31/2026 9:04,2026-07-31T12:59:30,1:scheduled,2026-07-31T20:06:05Z
136325493,800553925,scheduled,ACTIVE,S,50,Pole Upgrade,,BUENA PARK,ORANGE,90620,33.84982791,-118.0105616,2026-08-03T21:00:00Z,8/4/2026 3:00,Work is in progress.,Enhancing Reliability,18,PO,48,VILLA PARK,7/24/2026 17:43,2026-07-31T12:59:30,1:scheduled,2026-07-31T20:06:05Z
136317637,800553184,scheduled,ACTIVE,S,17,Upgrading Equipment,,GLENDORA,LOS ANGELES,91741,34.1322976,-117.8215397,2026-08-03T08:00:00Z,8/3/2026 15:30,Work is in progress.,Enhancing Reliability,18,PO,26,MIRA LOMA,7/22/2026 15:53,2026-07-31T12:59:30,1:scheduled,2026-07-31T20:06:05Z
136299745,800551928,scheduled,ACTIVE,S,317,Upgrading Equipment,,LAKE LOS ANGELES,LOS ANGELES,93535,34.62308267,-117.8515447,2026-08-13T09:00:00Z,8/13/2026 14:00,Work is in progress.,Enhancing Reliability,14,PO,36,VINCENT,7/30/2026 13:41,2026-07-31T12:59:30,1:scheduled,2026-07-31T20:06:05Z
136324923,800553793,scheduled,ACTIVE,S,0,Upgrading Equipment,,SANTA FE SPRINGS,LOS ANGELES,90670,33.94359895,-118.0551139,2026-08-01T08:00:00Z,8/1/2026 13:00,Work is in progress.,Enhancing Reliability,6,PO,47,LIGHTHIPE,7/24/2026 15:09,2026-07-31T12:59:30,1:scheduled,2026-07-31T20:06:05Z
136316229,800553035,scheduled,ACTIVE,S,15,Upgrading Equipment,,BALDWIN PARK,LOS ANGELES,91706,34.10235219,-117.9562249,2026-08-04T08:00:00Z,8/4/2026 14:00,Work is in progress.,Enhancing Reliability,18,PO,27,MESA,7/22/2026 10:35,2026-07-31T12:59:30,1:scheduled,2026-07-31T20:06:05Z
136308865,800552418,scheduled,ACTIVE,S,11,Pole Upgrade,,POMONA,LOS ANGELES,91766,34.05783773,-117.7565761,2026-07-31T18:00:00Z,8/1/2026 4:00,Work is in progress.,Enhancing Reliability,6,PO,26,MIRA LOMA,7/20/2026 17:52,2026-07-31T12:59:30,1:scheduled,2026-07-31T20:06:05Z
136353674,800555948,scheduled,ACTIVE,S,99,Upgrading Equipment,,HUNTINGTON BEACH,ORANGE,92646,33.65288831,-117.9783951,2026-08-10T10:00:00Z,8/10/2026 14:00,Work is in progress.,Enhancing Reliability,6,PO,33,ELLIS,7/30/2026 13:23,2026-07-31T12:59:30,1:scheduled,2026-07-31T20:06:05Z
136316176,800552973,scheduled,ACTIVE,S,20,Upgrading Equipment,,SIERRA MADRE,LOS ANGELES,91024,34.16222235,-118.0647586,2026-08-04T01:30:00Z,8/4/2026 6:30,Work is in progress.,Enhancing Reliability,18,PO,27,MESA,7/22/2026 10:26,2026-07-31T12:59:30,1:scheduled,2026-07-31T20:06:05Z
136325562,800553815,scheduled,ACTIVE,S,8,Transformer Upgrade,,SANTA FE SPRINGS,LOS ANGELES,90670,33.91613254,-118.0448573,2026-08-06T01:00:00Z,8/6/2026 6:00,Work is in progress.,Enhancing Reliability,6,PO,47,LIGHTHIPE,7/24/2026 18:03,2026-07-31T12:59:30,1:scheduled,2026-07-31T20:06:05Z
136317762,800553148,scheduled,ACTIVE,S,1,Upgrading Equipment,,STANTON,ORANGE,90680,33.80673803,-117.9906668,2026-08-03T07:30:00Z,8/3/2026 16:00,Work is in progress.,Enhancing Reliability,6,PO,48,VILLA PARK,7/22/2026 16:34,2026-07-31T12:59:30,1:scheduled,2026-07-31T20:06:05Z
136349055,800555684,scheduled,ACTIVE,S,0,Upgrading Equipment,,GARDEN GROVE,ORANGE,92841,33.79803057,-118.0032841,2026-07-31T23:00:00Z,8/1/2026 5:00,Work is in progress.,Enhancing Reliability,6,PO,29,VILLA PARK,7/29/2026 14:59,2026-07-31T12:59:30,1:scheduled,2026-07-31T20:06:05Z
136321999,800553511,scheduled,ACTIVE,S,27,Upgrading Equipment,,SANTA ANA,ORANGE,92706,33.75645897,-117.8706567,2026-08-03T09:00:00Z,8/3/2026 13:00,Work is in progress.,Enhancing Reliability,6,PO,29,VILLA PARK,7/23/2026 14:58,2026-07-31T12:59:30,1:scheduled,2026-07-31T20:06:05Z
136328459,800554164,scheduled,ACTIVE,S,24,Pole Upgrade,,VALINDA,LOS ANGELES,91744,34.04911928,-117.9409802,2026-08-08T08:00:00Z,8/8/2026 16:00,Work is in progress.,Enhancing Reliability,6,PO,26,MIRA LOMA,7/25/2026 8:11,2026-07-31T12:59:30,1:scheduled,2026-07-31T20:06:05Z
136317032,800552978,scheduled,ACTIVE,S,1,Upgrading Equipment,,CARSON,LOS ANGELES,90810,33.83818575,-118.2351044,2026-08-03T15:00:00Z,8/3/2026 18:00,Work is in progress.,Enhancing Reliability,14,PO,32,LIGHTHIPE,7/23/2026 9:24,2026-07-31T12:59:30,1:scheduled,2026-07-31T20:06:05Z
136336605,800554510,scheduled,ACTIVE,S,24,Pole Upgrade,,RANCHO PALOS VERDES,LOS ANGELES,90275,33.78533572,-118.382555,2026-08-04T08:30:00Z,8/4/2026 16:00,Work is in progress.,Enhancing Reliability,18,PO,44,EL NIDO,7/27/2026 7:59,2026-07-31T12:59:30,1:scheduled,2026-07-31T20:06:05Z
136325515,800553886,scheduled,ACTIVE,S,31,Pole Upgrade,,LONG BEACH,LOS ANGELES,90805,33.87607604,-118.1961774,2026-08-06T09:00:00Z,8/6/2026 14:30,Work is in progress.,Enhancing Reliability,6,PO,46,LIGHTHIPE,7/24/2026 17:47,2026-07-31T12:59:30,1:scheduled,2026-07-31T20:06:05Z
136328891,800554114,scheduled,ACTIVE,S,63,Upgrading Equipment,,BELLFLOWER,LOS ANGELES,90706,33.8785164,-118.1279621,2026-08-10T09:00:00Z,8/10/2026 16:00,Work is in progress.,Enhancing Reliability,6,PO,32,LIGHTHIPE,7/25/2026 10:28,2026-07-31T12:59:30,1:scheduled,2026-07-31T20:06:05Z
136319512,800553288,scheduled,ACTIVE,S,134,Upgrading Equipment,,CALABASAS,LOS ANGELES,91302,34.15755395,-118.6967379,2026-08-04T08:00:00Z,8/4/2026 14:00,Work is in progress.,Enhancing Reliability,18,PO,35,MOORPARK,7/23/2026 15:46,2026-07-31T12:59:30,1:scheduled,2026-07-31T20:06:05Z
136349752,800555668,scheduled,ACTIVE,S,409,Upgrading Equipment,,SOUTH EL MONTE,LOS ANGELES,91733,34.04567158,-118.0503738,2026-08-06T22:00:00Z,8/7/2026 6:30,Work is in progress.,Enhancing Reliability,18,PO,22,MESA,7/29/2026 18:15,2026-07-31T12:59:30,1:scheduled,2026-07-31T20:06:05Z
136338482,800554698,scheduled,ACTIVE,S,147,Upgrading Equipment,,LA HABRA,ORANGE,90631,33.9272655,-117.9569626,2026-08-06T09:00:00Z,8/6/2026 15:00,Work is in progress.,Enhancing Reliability,6,PO,48,VILLA PARK,7/27/2026 13:25,2026-07-31T12:59:30,1:scheduled,2026-07-31T20:06:05Z
136353892,800555899,scheduled,ACTIVE,S,5,Upgrading Equipment,,MALIBU,LOS ANGELES,90265,34.0427901,-118.9139633,2026-08-11T08:00:00Z,8/11/2026 13:00,Work is in progress.,Enhancing Reliability,18,PO,35,MOORPARK,7/30/2026 14:05,2026-07-31T12:59:30,1:scheduled,2026-07-31T20:06:05Z
136324505,800553803,scheduled,ACTIVE,S,79,Upgrading Equipment,,ARCADIA,LOS ANGELES,91006,34.17374058,-118.0218276,2026-08-04T08:00:00Z,8/4/2026 14:00,Work is in progress.,Enhancing Reliability,18,PO,27,MESA,7/24/2026 13:10,2026-07-31T12:59:30,1:scheduled,2026-07-31T20:06:05Z
136321077,800553397,scheduled,ACTIVE,S,24,Upgrading Equipment,,LAKEWOOD,LOS ANGELES,90713,33.8634572,-118.1104667,2026-08-04T09:00:00Z,8/4/2026 15:15,Work is in progress.,Enhancing Reliability,6,PO,46,LIGHTHIPE,7/23/2026 14:25,2026-07-31T12:59:30,1:scheduled,2026-07-31T20:06:05Z
136328183,800554008,scheduled,ACTIVE,S,77,Pole Upgrade,,LONG BEACH,LOS ANGELES,90805,33.87055,-118.1806371,2026-08-08T09:00:00Z,8/8/2026 16:00,Work is in progress.,Enhancing Reliability,6,PO,46,LIGHTHIPE,7/25/2026 5:50,2026-07-31T12:59:30,1:scheduled,2026-07-31T20:06:05Z
136325372,800553835,scheduled,ACTIVE,S,505,Upgrading Equipment,,HAWTHORNE,LOS ANGELES,90250,33.9050099,-118.3745712,2026-08-03T08:00:00Z,8/3/2026 16:00,Work is in progress.,Enhancing Reliability,18,PO,44,EL NIDO,7/24/2026 17:09,2026-07-31T12:59:30,1:scheduled,2026-07-31T20:06:05Z
136354673,800556105,scheduled,ACTIVE,S,12,Upgrading Equipment,,LONG BEACH,LOS ANGELES,90807,33.83777868,-118.1898062,2026-08-11T09:00:00Z,8/11/2026 11:00,Work is in progress.,Enhancing Reliability,6,PO,46,LIGHTHIPE,7/30/2026 17:36,2026-07-31T12:59:30,1:scheduled,2026-07-31T20:06:05Z
136339649,800554769,scheduled,ACTIVE,S,7,Upgrading Equipment,,GARDEN GROVE,ORANGE,92843,33.74984432,-117.9424282,2026-08-05T08:00:00Z,8/5/2026 15:00,Work is in progress.,Enhancing Reliability,18,PO,29,VILLA PARK,7/27/2026 18:19,2026-07-31T12:59:30,1:scheduled,2026-07-31T20:06:05Z
136341420,800554985,scheduled,ACTIVE,S,53,Pole Upgrade,,EL SEGUNDO,LOS ANGELES,90245,33.92245755,-118.4115352,2026-08-03T08:00:00Z,8/3/2026 15:00,Work is in progress.,Enhancing Reliability,18,PO,44,EL NIDO,7/28/2026 8:07,2026-07-31T12:59:30,1:scheduled,2026-07-31T20:06:05Z
136349519,800555576,scheduled,ACTIVE,S,597,Upgrading Equipment,,IRVINE,ORANGE,92612,33.64953804,-117.8256227,2026-08-08T08:30:00Z,8/8/2026 18:30,Work is in progress.,Enhancing Reliability,6,PO,43,ELLIS,7/29/2026 17:05,2026-07-31T12:59:30,1:scheduled,2026-07-31T20:06:05Z
136343331,800555205,scheduled,ACTIVE,S,34,Upgrading Equipment,,LONG BEACH,LOS ANGELES,90804,33.78291317,-118.1606925,2026-08-09T09:00:00Z,8/9/2026 15:00,Work is in progress.,Enhancing Reliability,6,PO,46,LIGHTHIPE,7/28/2026 14:36,2026-07-31T12:59:30,1:scheduled,2026-07-31T20:06:05Z
136352910,800555779,scheduled,ACTIVE,S,76,Upgrading Equipment,,COSTA MESA,ORANGE,92627,33.65240983,-117.9042265,2026-08-10T09:00:00Z,8/10/2026 10:30,Work is in progress.,Enhancing Reliability,6,PO,33,ELLIS,7/30/2026 10:12,2026-07-31T12:59:30,1:scheduled,2026-07-31T20:06:05Z
136344194,800555174,scheduled,ACTIVE,S,144,Transformer Upgrade,,NEWPORT BEACH,ORANGE,92663,33.62567206,-117.9107512,2026-08-07T09:30:00Z,8/7/2026 14:00,Work is in progress.,Enhancing Reliability,6,PO,33,ELLIS,7/28/2026 17:08,2026-07-31T12:59:30,1:scheduled,2026-07-31T20:06:05Z
136341342,800555024,scheduled,ACTIVE,S,90,Upgrading Equipment,,ROSEMEAD,LOS ANGELES,91770,34.06022284,-118.0826617,2026-08-08T09:00:00Z,8/8/2026 16:00,Work is in progress.,Enhancing Reliability,6,PO,22,MESA,7/28/2026 7:27,2026-07-31T12:59:30,1:scheduled,2026-07-31T20:06:05Z
136344210,800555320,scheduled,ACTIVE,S,2,Cable Upgrade,,HUNTINGTON BEACH,ORANGE,92647,33.74514438,-118.0263877,2026-08-08T07:30:00Z,8/8/2026 13:00,Work is in progress.,Enhancing Reliability,6,PO,33,VILLA PARK,7/28/2026 17:15,2026-07-31T12:59:30,1:scheduled,2026-07-31T20:06:05Z
136341287,800554950,scheduled,ACTIVE,S,60,Upgrading Equipment,,LA CANADA FLINTRIDGE,LOS ANGELES,91011,34.18233441,-118.1795009,2026-08-06T17:30:00Z,8/7/2026 6:30,Work is in progress.,Enhancing Reliability,18,PO,27,MESA,7/28/2026 6:48,2026-07-31T12:59:30,1:scheduled,2026-07-31T20:06:05Z
136308892,800552541,scheduled,ACTIVE,S,11,Pole Upgrade,,Unincorporated Area,LOS ANGELES,93543,34.55949521,-117.9520773,2026-08-01T09:00:00Z,8/1/2026 18:30,Work is in progress.,Enhancing Reliability,6,PO,36,VINCENT,7/20/2026 18:06,2026-07-31T12:59:30,1:scheduled,2026-07-31T20:06:05Z
136354735,800555916,scheduled,ACTIVE,S,6,Cable Upgrade,,TORRANCE,LOS ANGELES,90277,33.80430631,-118.3876104,2026-08-10T09:30:00Z,8/10/2026 15:00,Work is in progress.,Enhancing Reliability,6,PO,44,EL NIDO,7/30/2026 18:05,2026-07-31T12:59:30,1:scheduled,2026-07-31T20:06:05Z
136321008,800553435,scheduled,ACTIVE,S,212,Pole Upgrade,,LONG BEACH,LOS ANGELES,90815,33.80392259,-118.1313968,2026-08-04T09:00:00Z,8/4/2026 15:00,Work is in progress.,Enhancing Reliability,6,PO,46,LIGHTHIPE,7/23/2026 13:50,2026-07-31T12:59:30,1:scheduled,2026-07-31T20:06:05Z
136321007,800553508,scheduled,ACTIVE,S,4,Upgrading Equipment,,LA HABRA HEIGHTS,LOS ANGELES,90631,33.95639769,-117.93762,2026-08-03T09:00:00Z,8/3/2026 16:30,Work is in progress.,Enhancing Reliability,6,PO,48,VILLA PARK,7/23/2026 13:56,2026-07-31T12:59:30,1:scheduled,2026-07-31T20:06:05Z
136328735,800554149,scheduled,ACTIVE,S,16,Pole Upgrade,,GLENDORA,LOS ANGELES,91741,34.15305006,-117.8656341,2026-08-05T08:00:00Z,8/5/2026 17:00,Work is in progress.,Enhancing Reliability,18,PO,26,MIRA LOMA,7/25/2026 9:27,2026-07-31T12:59:30,1:scheduled,2026-07-31T20:06:05Z
136325503,800553980,scheduled,ACTIVE,S,263,Upgrading Equipment,,LAGUNA WOODS,ORANGE,92653,33.61043065,-117.7391979,2026-08-07T01:30:00Z,8/7/2026 6:30,Work is in progress.,Enhancing Reliability,14,PO,43,ELLIS,7/31/2026 9:29,2026-07-31T12:59:30,1:scheduled,2026-07-31T20:06:05Z
136343103,800555096,scheduled,ACTIVE,S,77,Upgrading Equipment,,NORWALK,LOS ANGELES,90650,33.91807827,-118.067941,2026-08-07T22:00:00Z,8/8/2026 5:00,Work is in progress.,Enhancing Reliability,6,PO,47,LIGHTHIPE,7/28/2026 13:38,2026-07-31T12:59:30,1:scheduled,2026-07-31T20:06:05Z
136317790,800553164,scheduled,ACTIVE,S,3,Cable Upgrade,,NEWPORT BEACH,ORANGE,92660,33.61996204,-117.8781363,2026-08-01T09:00:00Z,8/1/2026 12:00,Work is in progress.,Enhancing Reliability,6,PO,33,ELLIS,7/22/2026 16:43,2026-07-31T12:59:30,1:scheduled,2026-07-31T20:06:05Z
136264194,800549244,scheduled,ACTIVE,S,3,Pole Upgrade,,Unincorporated Area,LOS ANGELES,93552,34.57557192,-117.9715347,2026-08-07T08:00:00Z,8/7/2026 17:00,Work is in progress.,Enhancing Reliability,14,PO,36,VINCENT,7/18/2026 12:34,2026-07-31T12:59:30,1:scheduled,2026-07-31T20:06:05Z
136341838,800555018,scheduled,ACTIVE,S,1,Pole Upgrade,,DOWNEY,LOS ANGELES,90241,33.9272081,-118.1119709,2026-08-06T20:00:00Z,8/7/2026 7:00,Work is in progress.,Enhancing Reliability,6,PO,47,LIGHTHIPE,7/28/2026 9:19,2026-07-31T12:59:30,1:scheduled,2026-07-31T20:06:05Z
136347435,800555413,scheduled,ACTIVE,S,0,Upgrading Equipment,,BALDWIN PARK,LOS ANGELES,91706,34.10109157,-117.9454966,2026-08-06T09:30:00Z,8/6/2026 14:00,Work is in progress.,Enhancing Reliability,6,PO,27,MESA,7/29/2026 9:48,2026-07-31T12:59:30,1:scheduled,2026-07-31T20:06:05Z
136355044,800556112,scheduled,ACTIVE,S,76,Upgrading Equipment,,EAST LOS ANGELES,LOS ANGELES,90022,34.02220846,-118.1528971,2026-08-07T20:00:00Z,8/8/2026 8:00,Work is in progress.,Enhancing Reliability,18,PO,22,MESA,7/30/2026 19:37,2026-07-31T12:59:30,1:scheduled,2026-07-31T20:06:05Z
136320987,800553523,scheduled,ACTIVE,S,9,Upgrading Equipment,,SIGNAL HILL,LOS ANGELES,90755,33.80498943,-118.168295,2026-08-04T04:00:00Z,8/4/2026 6:00,Work is in progress.,Enhancing Reliability,6,PO,46,LIGHTHIPE,7/23/2026 13:46,2026-07-31T12:59:30,1:scheduled,2026-07-31T20:06:05Z
136328601,800554200,scheduled,ACTIVE,S,162,Pole Upgrade,,ORANGE,ORANGE,92867,33.81202505,-117.8332468,2026-08-04T21:00:00Z,8/5/2026 3:00,Work is in progress.,Enhancing Reliability,18,PO,29,VILLA PARK,7/25/2026 8:52,2026-07-31T12:59:30,1:scheduled,2026-07-31T20:06:05Z
136328901,800554205,scheduled,ACTIVE,S,301,Upgrading Equipment,,WEST HOLLYWOOD,LOS ANGELES,90046,34.09620621,-118.3623496,2026-08-08T09:00:00Z,8/8/2026 16:00,Work is in progress.,Enhancing Reliability,6,PO,42,EL NIDO,7/25/2026 10:28,2026-07-31T12:59:30,1:scheduled,2026-07-31T20:06:05Z
136325151,800553864,scheduled,ACTIVE,S,3,Transformer Upgrade,,Unincorporated Area,LOS ANGELES,91750,34.12948621,-117.7480022,2026-08-04T08:00:00Z,8/4/2026 11:00,Work is in progress.,Enhancing Reliability,18,PO,26,MIRA LOMA,7/24/2026 16:22,2026-07-31T12:59:30,1:scheduled,2026-07-31T20:06:05Z
136354650,800555913,scheduled,ACTIVE,S,43,Upgrading Equipment,,CARSON,LOS ANGELES,90745,33.81821179,-118.2821965,2026-08-11T09:00:00Z,8/11/2026 18:00,Work is in progress.,Enhancing Reliability,6,PO,32,LIGHTHIPE,7/30/2026 17:27,2026-07-31T12:59:30,1:scheduled,2026-07-31T20:06:05Z
136317014,800553140,scheduled,ACTIVE,S,44,Upgrading Equipment,,DOWNEY,LOS ANGELES,90242,33.92260989,-118.1215806,2026-08-03T09:00:00Z,8/3/2026 18:00,Work is in progress.,Enhancing Reliability,6,PO,47,LIGHTHIPE,7/22/2026 13:20,2026-07-31T12:59:30,1:scheduled,2026-07-31T20:06:05Z
136316993,800553124,scheduled,ACTIVE,S,19,Pole Upgrade,,FLORENCE-GRAHAM,LOS ANGELES,90001,33.97184186,-118.251472,2026-08-03T08:00:00Z,8/3/2026 14:00,Work is in progress.,Enhancing Reliability,18,PO,32,LIGHTHIPE,7/22/2026 13:16,2026-07-31T12:59:30,1:scheduled,2026-07-31T20:06:05Z
136283305,800550534,scheduled,ACTIVE,S,30,Upgrading Equipment,,LA CANADA FLINTRIDGE,LOS ANGELES,91011,34.20949945,-118.1870753,2026-08-10T08:00:00Z,8/10/2026 16:00,Work is in progress.,Enhancing Reliability,18,PO,27,MESA,7/15/2026 9:56,2026-07-31T12:59:30,1:scheduled,2026-07-31T20:06:05Z
136328178,800553934,scheduled,ACTIVE,S,1,Upgrading Equipment,,PARAMOUNT,LOS ANGELES,90723,33.88491971,-118.1671431,2026-08-08T08:00:00Z,8/8/2026 18:00,Work is in progress.,Enhancing Reliability,6,PO,32,LIGHTHIPE,7/25/2026 5:44,2026-07-31T12:59:30,1:scheduled,2026-07-31T20:06:05Z
136251381,800548200,scheduled,ACTIVE,S,62,Pole Upgrade,,LA HABRA HEIGHTS,LOS ANGELES,90631,33.95854186,-117.9517014,2026-08-10T09:00:00Z,8/10/2026 15:00,Work is in progress.,Enhancing Reliability,20,PO,48,VILLA PARK,7/27/2026 7:26,2026-07-31T12:59:30,1:scheduled,2026-07-31T20:06:05Z
136354456,800556070,scheduled,ACTIVE,S,70,Pole Upgrade,,ORANGE,ORANGE,92866,33.78533883,-117.8452814,2026-08-10T09:30:00Z,8/10/2026 16:00,Work is in progress.,Enhancing Reliability,18,PO,29,VILLA PARK,7/30/2026 16:30,2026-07-31T12:59:30,1:scheduled,2026-07-31T20:06:05Z
136328493,800554184,scheduled,ACTIVE,S,35,Cable Upgrade,,WEST COVINA,LOS ANGELES,91791,34.07057005,-117.8931056,2026-08-06T08:30:00Z,8/6/2026 16:30,Work is in progress.,Enhancing Reliability,18,PO,26,MIRA LOMA,7/25/2026 8:22,2026-07-31T12:59:30,1:scheduled,2026-07-31T20:06:05Z
136347600,800555471,scheduled,ACTIVE,S,5,Pole Upgrade,,LITTLEROCK,LOS ANGELES,93543,34.52530435,-117.9731599,2026-08-06T09:00:00Z,8/6/2026 17:00,Work is in progress.,Enhancing Reliability,6,PO,36,VINCENT,7/29/2026 10:19,2026-07-31T12:59:30,1:scheduled,2026-07-31T20:06:05Z
136328207,800554025,scheduled,ACTIVE,S,119,Upgrading Equipment,,EL MONTE,LOS ANGELES,91733,34.05865241,-118.0328333,2026-08-06T08:00:00Z,8/6/2026 16:30,Work is in progress.,Enhancing Reliability,18,PO,22,MESA,7/25/2026 6:07,2026-07-31T12:59:30,1:scheduled,2026-07-31T20:06:05Z
136347996,800555561,scheduled,ACTIVE,S,27,Pole Upgrade,,QUARTZ HILL,LOS ANGELES,93536,34.67182731,-118.2209793,2026-08-06T08:30:00Z,8/6/2026 16:30,Work is in progress.,Enhancing Reliability,6,PO,36,VINCENT,7/29/2026 11:52,2026-07-31T12:59:30,1:scheduled,2026-07-31T20:06:05Z
136321993,800553547,scheduled,ACTIVE,S,35,Cable Upgrade,,CARSON,LOS ANGELES,90746,33.84925597,-118.2558135,2026-08-04T09:00:00Z,8/4/2026 17:00,Work is in progress.,Enhancing Reliability,6,PO,32,LIGHTHIPE,7/23/2026 14:46,2026-07-31T12:59:30,1:scheduled,2026-07-31T20:06:05Z
136328451,800554034,scheduled,ACTIVE,S,28,Upgrading Equipment,,HACIENDA HEIGHTS,LOS ANGELES,91745,34.01299714,-117.964451,2026-08-07T09:00:00Z,8/7/2026 15:00,Work is in progress.,Enhancing Reliability,6,PO,26,MIRA LOMA,7/25/2026 8:08,2026-07-31T12:59:30,1:scheduled,2026-07-31T20:06:05Z
136341800,800554969,scheduled,ACTIVE,S,2,Upgrading Equipment,,DOWNEY,LOS ANGELES,90241,33.927631,-118.1138962,2026-08-06T20:00:00Z,8/7/2026 7:00,Work is in progress.,Enhancing Reliability,6,PO,47,LIGHTHIPE,7/28/2026 9:10,2026-07-31T12:59:30,1:scheduled,2026-07-31T20:06:05Z
136255499,800548483,scheduled,ACTIVE,S,18,Upgrading Equipment,,CERRITOS,LOS ANGELES,90703,33.86906003,-118.0366769,2026-08-13T09:00:00Z,8/13/2026 15:00,Work is in progress.,Enhancing Reliability,14,PO,46,LIGHTHIPE,7/23/2026 8:47,2026-07-31T12:59:30,1:scheduled,2026-07-31T20:06:05Z
136338028,800554709,scheduled,ACTIVE,S,41,Pole Upgrade,,INGLEWOOD,LOS ANGELES,90302,33.97706279,-118.3391895,2026-08-06T09:30:00Z,8/6/2026 17:00,Work is in progress.,Enhancing Reliability,6,PO,44,EL NIDO,7/27/2026 11:48,2026-07-31T12:59:30,1:scheduled,2026-07-31T20:06:05Z
136325519,800553981,scheduled,ACTIVE,S,49,Upgrading Equipment,,SEAL BEACH,ORANGE,90740,33.77557887,-118.0564333,2026-08-04T12:00:00Z,8/4/2026 14:30,Work is in progress.,Enhancing Reliability,6,PO,33,VILLA PARK,7/24/2026 17:49,2026-07-31T12:59:30,1:scheduled,2026-07-31T20:06:05Z
136349272,800555665,scheduled,ACTIVE,S,271,Upgrading Equipment,,WILLOWBROOK,LOS ANGELES,90059,33.92167968,-118.2694709,2026-08-08T05:00:00Z,8/8/2026 6:00,Work is in progress.,Enhancing Reliability,18,PO,32,LIGHTHIPE,7/29/2026 15:45,2026-07-31T12:59:30,1:scheduled,2026-07-31T20:06:05Z
136328281,800554121,scheduled,ACTIVE,S,42,Upgrading Equipment,,TEMPLE CITY,LOS ANGELES,91780,34.10691336,-118.0528997,2026-08-07T00:00:00Z,8/7/2026 7:00,Work is in progress.,Enhancing Reliability,6,PO,27,MESA,7/25/2026 7:09,2026-07-31T12:59:30,1:scheduled,2026-07-31T20:06:05Z
136328465,800554182,scheduled,ACTIVE,S,18,Upgrading Equipment,,COVINA,LOS ANGELES,91723,34.08894885,-117.8910227,2026-08-06T01:00:00Z,8/6/2026 5:00,Work is in progress.,Enhancing Reliability,6,PO,26,MIRA LOMA,7/25/2026 8:14,2026-07-31T12:59:30,1:scheduled,2026-07-31T20:06:05Z
136354320,800556030,scheduled,ACTIVE,S,207,Pole Upgrade,,Unincorporated Area,LOS ANGELES,91724,34.07679952,-117.8505175,2026-08-10T08:00:00Z,8/10/2026 15:00,Work is in progress.,Enhancing Reliability,18,PO,26,MIRA LOMA,7/30/2026 15:54,2026-07-31T12:59:30,1:scheduled,2026-07-31T20:06:05Z
136343047,800555116,scheduled,ACTIVE,S,15,Upgrading Equipment,,GARDEN GROVE,ORANGE,92844,33.7687941,-117.9827472,2026-08-03T08:00:00Z,8/3/2026 12:00,Work is in progress.,Enhancing Reliability,18,PO,29,VILLA PARK,7/28/2026 13:25,2026-07-31T12:59:30,1:scheduled,2026-07-31T20:06:05Z
136323313,800553610,scheduled,ACTIVE,S,9,Pole Upgrade,,CALABASAS,LOS ANGELES,91302,34.13878608,-118.6233463,2026-08-04T21:00:00Z,8/5/2026 5:00,Work is in progress.,Enhancing Reliability,20,PO,35,MOORPARK,7/30/2026 14:55,2026-07-31T12:59:30,1:scheduled,2026-07-31T20:06:05Z
136349254,800555574,scheduled,ACTIVE,S,429,Upgrading Equipment,,SANTA ANA,ORANGE,92706,33.77111927,-117.9031743,2026-08-06T00:30:00Z,8/6/2026 4:30,Work is in progress.,Enhancing Reliability,6,PO,29,ELLIS,7/29/2026 15:42,2026-07-31T12:59:31,1:scheduled,2026-07-31T20:06:05Z
136328715,800554169,scheduled,ACTIVE,S,0,Pole Upgrade,,Unincorporated Area,LOS ANGELES,93543,34.43580408,-117.9313028,2026-08-05T16:00:00Z,8/5/2026 17:00,Work is in progress.,Enhancing Reliability,18,PO,36,VINCENT,7/25/2026 9:18,2026-07-31T12:59:31,1:scheduled,2026-07-31T20:06:05Z
136328478,800554036,scheduled,ACTIVE,S,2,Pole Upgrade,,WEST COVINA,LOS ANGELES,91791,34.05572167,-117.9132152,2026-08-06T08:00:00Z,8/6/2026 16:00,Work is in progress.,Enhancing Reliability,6,PO,26,MIRA LOMA,7/25/2026 8:18,2026-07-31T12:59:31,1:scheduled,2026-07-31T20:06:05Z
136328890,800554055,scheduled,ACTIVE,S,21,Upgrading Equipment,,BEVERLY HILLS,LOS ANGELES,90211,34.0640191,-118.3859941,2026-08-04T09:00:00Z,8/4/2026 17:00,Work is in progress.,Enhancing Reliability,6,PO,42,EL NIDO,7/25/2026 10:29,2026-07-31T12:59:31,1:scheduled,2026-07-31T20:06:05Z
136354015,800556006,scheduled,ACTIVE,S,17,Pole Upgrade,,TORRANCE,LOS ANGELES,90505,33.81854249,-118.360311,2026-08-10T09:00:00Z,8/10/2026 14:30,Work is in progress.,Enhancing Reliability,18,PO,44,EL NIDO,7/30/2026 14:38,2026-07-31T12:59:31,1:scheduled,2026-07-31T20:06:05Z
136312422,800552820,scheduled,ACTIVE,S,12,Pole Upgrade,,Unincorporated Area,LOS ANGELES,90290,34.1038364,-118.6308419,2026-08-01T08:00:00Z,8/1/2026 16:00,Work is in progress.,Enhancing Reliability,18,PO,35,MOORPARK,7/21/2026 16:48,2026-07-31T12:59:31,1:scheduled,2026-07-31T20:06:05Z
136328420,800554144,scheduled,ACTIVE,S,39,Pole Upgrade,,WEST COVINA,LOS ANGELES,91791,34.07070204,-117.8945607,2026-08-07T08:00:00Z,8/7/2026 16:00,Work is in progress.,Enhancing Reliability,18,PO,26,MIRA LOMA,7/25/2026 7:57,2026-07-31T12:59:31,1:scheduled,2026-07-31T20:06:05Z
136320721,800553503,scheduled,ACTIVE,S,30,Upgrading Equipment,,MONTEBELLO,LOS ANGELES,90640,34.0261416,-118.1383909,2026-08-04T07:00:00Z,8/4/2026 17:00,Work is in progress.,Enhancing Reliability,6,PO,22,MESA,7/23/2026 12:17,2026-07-31T12:59:31,1:scheduled,2026-07-31T20:06:05Z
136288541,800550929,scheduled,ACTIVE,S,113,Cable Upgrade,,WEST HOLLYWOOD,LOS ANGELES,90046,34.09716492,-118.3685656,2026-08-05T20:30:00Z,8/6/2026 5:00,Work is in progress.,Enhancing Reliability,14,PO,42,EL NIDO,7/29/2026 15:39,2026-07-31T12:59:31,1:scheduled,2026-07-31T20:06:05Z
136343038,800555164,scheduled,ACTIVE,S,32,Upgrading Equipment,,LA MIRADA,LOS ANGELES,90638,33.92175389,-118.0047115,2026-08-03T08:00:00Z,8/3/2026 14:00,Work is in progress.,Enhancing Reliability,18,PO,48,VILLA PARK,7/28/2026 13:23,2026-07-31T12:59:31,1:scheduled,2026-07-31T20:06:05Z
136322005,800553409,scheduled,ACTIVE,S,175,Pole Upgrade,,LA VERNE,LOS ANGELES,91750,34.11541977,-117.756123,2026-08-03T08:00:00Z,8/3/2026 17:00,Work is in progress.,Enhancing Reliability,18,PO,26,MIRA LOMA,7/23/2026 14:51,2026-07-31T12:59:31,1:scheduled,2026-07-31T20:06:05Z
136300584,800551988,scheduled,ACTIVE,S,6,Upgrading Equipment,,HUNTINGTON BEACH,ORANGE,92646,33.67649483,-117.979352,2026-08-03T09:00:00Z,8/3/2026 11:00,Work is in progress.,Enhancing Reliability,6,PO,33,ELLIS,7/18/2026 12:18,2026-07-31T12:59:31,1:scheduled,2026-07-31T20:06:05Z
136358304,800556385,scheduled,ACTIVE,S,16,Upgrading Equipment,,BEVERLY HILLS,LOS ANGELES,90211,34.06285484,-118.3859858,2026-08-11T09:00:00Z,8/11/2026 11:00,Work is in progress.,Enhancing Reliability,6,PO,42,EL NIDO,7/31/2026 10:52,2026-07-31T12:59:31,1:scheduled,2026-07-31T20:06:05Z
136354374,800555908,scheduled,ACTIVE,S,12,Pole Upgrade,,POMONA,LOS ANGELES,91767,34.08688077,-117.7457352,2026-08-10T08:00:00Z,8/10/2026 15:00,Work is in progress.,Enhancing Reliability,18,PO,26,MIRA LOMA,7/30/2026 16:05,2026-07-31T12:59:31,1:scheduled,2026-07-31T20:06:05Z
136317930,800553091,scheduled,ACTIVE,S,31,Transformer Upgrade,,AGOURA HILLS,LOS ANGELES,91301,34.14464177,-118.7640351,2026-08-03T21:00:00Z,8/4/2026 3:00,Work is in progress.,Enhancing Reliability,18,PO,35,MOORPARK,7/22/2026 17:15,2026-07-31T12:59:31,1:scheduled,2026-07-31T20:06:05Z
136341318,800554873,scheduled,ACTIVE,S,5,Upgrading Equipment,,ARCADIA,LOS ANGELES,91006,34.15725867,-118.0328166,2026-08-07T09:00:00Z,8/7/2026 16:00,Work is in progress.,Enhancing Reliability,6,PO,27,MESA,7/28/2026 7:15,2026-07-31T12:59:31,1:scheduled,2026-07-31T20:06:05Z
136347782,800555487,scheduled,ACTIVE,S,53,Transformer Upgrade,,LANCASTER,LOS ANGELES,93534,34.66139801,-118.1471403,2026-08-07T09:00:00Z,8/7/2026 13:00,Work is in progress.,Enhancing Reliability,6,PO,36,VINCENT,7/29/2026 10:59,2026-07-31T12:59:31,1:scheduled,2026-07-31T20:06:05Z
136352428,800555773,scheduled,ACTIVE,S,11,Upgrading Equipment,,Unincorporated Area,LOS ANGELES,91384,34.44064333,-118.6076168,2026-08-10T17:30:00Z,8/11/2026 4:30,Work is in progress.,Enhancing Reliability,18,PO,59,SAUGUS,7/30/2026 8:25,2026-07-31T12:59:31,1:scheduled,2026-07-31T20:06:05Z
136343082,800555095,scheduled,ACTIVE,S,8,Upgrading Equipment,,PARAMOUNT,LOS ANGELES,90723,33.88648121,-118.1761171,2026-08-06T09:00:00Z,8/6/2026 15:00,Work is in progress.,Enhancing Reliability,6,PO,32,LIGHTHIPE,7/28/2026 13:32,2026-07-31T12:59:31,1:scheduled,2026-07-31T20:06:05Z
136317873,800553167,scheduled,ACTIVE,S,3,Upgrading Equipment,,SANTA CLARITA,LOS ANGELES,91350,34.42685258,-118.5347947,2026-08-04T00:00:00Z,8/4/2026 4:00,Work is in progress.,Enhancing Reliability,6,PO,59,SAUGUS,7/22/2026 17:02,2026-07-31T12:59:31,1:scheduled,2026-07-31T20:06:05Z
136308499,800552433,scheduled,ACTIVE,S,17,Upgrading Equipment,,FOUNTAIN VALLEY,ORANGE,92708,33.6964226,-117.9491774,2026-08-04T12:00:00Z,8/4/2026 15:00,Work is in progress.,Enhancing Reliability,6,PO,33,ELLIS,7/20/2026 15:35,2026-07-31T12:59:31,1:scheduled,2026-07-31T20:06:05Z
136352199,800555733,scheduled,ACTIVE,S,136,Upgrading Equipment,,GLENDORA,LOS ANGELES,91741,34.13237772,-117.8588673,2026-08-06T08:00:00Z,8/6/2026 15:00,Work is in progress.,Enhancing Reliability,18,PO,26,MIRA LOMA,7/30/2026 6:52,2026-07-31T12:59:31,1:scheduled,2026-07-31T20:06:05Z
136342301,800554997,scheduled,ACTIVE,S,290,Transformer Upgrade,,LA HABRA,ORANGE,90631,33.92076995,-117.9609909,2026-08-07T08:30:00Z,8/7/2026 14:00,Work is in progress.,Enhancing Reliability,18,PO,48,VILLA PARK,7/28/2026 10:57,2026-07-31T12:59:31,1:scheduled,2026-07-31T20:06:05Z
136344200,800555264,scheduled,ACTIVE,S,32,Upgrading Equipment,,WESTMINSTER,ORANGE,92683,33.76958494,-118.0176228,2026-08-07T09:00:00Z,8/7/2026 11:00,Work is in progress.,Enhancing Reliability,6,PO,33,VILLA PARK,7/28/2026 17:11,2026-07-31T12:59:31,1:scheduled,2026-07-31T20:06:05Z
136343997,800555261,scheduled,ACTIVE,S,181,Upgrading Equipment,,PALMDALE,LOS ANGELES,93550,34.58419932,-118.1213768,2026-08-05T10:00:00Z,8/5/2026 18:30,Work is in progress.,Enhancing Reliability,6,PO,36,VINCENT,7/28/2026 16:22,2026-07-31T12:59:31,1:scheduled,2026-07-31T20:06:05Z
136252024,800548096,scheduled,ACTIVE,S,26,Upgrading Equipment,,LA HABRA,ORANGE,90631,33.9208937,-117.9432927,2026-08-02T09:00:00Z,8/2/2026 16:00,Work is in progress.,Enhancing Reliability,14,PO,48,VILLA PARK,7/15/2026 7:13,2026-07-31T12:59:31,1:scheduled,2026-07-31T20:06:05Z
136325113,800553901,scheduled,ACTIVE,S,66,Upgrading Equipment,,WEST COVINA,LOS ANGELES,91791,34.06648441,-117.8937687,2026-08-04T07:30:00Z,8/4/2026 16:00,Work is in progress.,Enhancing Reliability,18,PO,26,MIRA LOMA,7/24/2026 16:06,2026-07-31T12:59:31,1:scheduled,2026-07-31T20:06:05Z
136347158,800555410,scheduled,ACTIVE,S,120,Upgrading Equipment,,Unincorporated Area,LOS ANGELES,93591,34.58453128,-117.9580992,2026-08-06T09:00:00Z,8/6/2026 20:00,Work is in progress.,Enhancing Reliability,6,PO,36,VINCENT,7/29/2026 9:04,2026-07-31T12:59:31,1:scheduled,2026-07-31T20:06:05Z
136317837,800553188,scheduled,ACTIVE,S,2,Pole Upgrade,,Unincorporated Area,LOS ANGELES,91384,34.43062399,-118.6904507,2026-08-03T11:30:00Z,8/3/2026 13:00,Work is in progress.,Enhancing Reliability,6,PO,59,SAUGUS,7/22/2026 16:53,2026-07-31T12:59:31,1:scheduled,2026-07-31T20:06:05Z
136320310,800553422,scheduled,ACTIVE,S,2,Pole Upgrade,,Unincorporated Area,LOS ANGELES,90265,34.04566932,-118.7728852,2026-08-03T08:00:00Z,8/3/2026 14:00,Work is in progress.,Enhancing Reliability,18,PO,35,MOORPARK,7/24/2026 10:19,2026-07-31T12:59:31,1:scheduled,2026-07-31T20:06:05Z
136352384,800555846,scheduled,ACTIVE,S,55,Pole Upgrade,,WESTMINSTER,ORANGE,92683,33.76246723,-117.9872344,2026-08-05T08:30:00Z,8/5/2026 16:00,Work is in progress.,Enhancing Reliability,18,PO,33,VILLA PARK,7/30/2026 8:17,2026-07-31T12:59:31,1:scheduled,2026-07-31T20:06:05Z
136324024,800553801,scheduled,ACTIVE,S,29,Upgrading Equipment,,COMPTON,LOS ANGELES,90222,33.9105936,-118.2362153,2026-08-05T08:00:00Z,8/5/2026 15:00,Work is in progress.,Enhancing Reliability,18,PO,32,LIGHTHIPE,7/24/2026 10:49,2026-07-31T12:59:31,1:scheduled,2026-07-31T20:06:05Z
136210558,800545302,scheduled,ACTIVE,S,2,Pole Upgrade,,HUNTINGTON PARK,LOS ANGELES,90001,33.98818847,-118.2381867,2026-08-01T08:00:00Z,8/1/2026 19:00,Work is in progress.,Enhancing Reliability,14,PO,32,LIGHTHIPE,7/9/2026 13:26,2026-07-31T12:59:31,1:scheduled,2026-07-31T20:06:05Z
136336809,800554680,scheduled,ACTIVE,S,2,Upgrading Equipment,,LA MIRADA,LOS ANGELES,90638,33.90957171,-118.0111988,2026-08-06T08:00:00Z,8/6/2026 11:00,Work is in progress.,Enhancing Reliability,18,PO,48,VILLA PARK,7/27/2026 8:37,2026-07-31T12:59:31,1:scheduled,2026-07-31T20:06:05Z
136336582,800554537,scheduled,ACTIVE,S,22,Pole Upgrade,,RANCHO PALOS VERDES,LOS ANGELES,90275,33.78535609,-118.3814798,2026-08-04T08:30:00Z,8/4/2026 16:00,Work is in progress.,Enhancing Reliability,18,PO,44,EL NIDO,7/27/2026 7:47,2026-07-31T12:59:31,1:scheduled,2026-07-31T20:06:05Z
136215225,800545636,scheduled,ACTIVE,S,7,Upgrading Equipment,,LA CANADA FLINTRIDGE,LOS ANGELES,91011,34.22054297,-118.205469,2026-08-12T08:00:00Z,8/12/2026 16:00,Work is in progress.,Enhancing Reliability,20,PO,27,MESA,7/24/2026 9:55,2026-07-31T12:59:31,1:scheduled,2026-07-31T20:06:05Z
136358714,800556376,scheduled,ACTIVE,S,8,Upgrading Equipment,,BELLFLOWER,LOS ANGELES,90706,33.88391639,-118.1152731,2026-08-12T09:00:00Z,8/12/2026 15:00,Work is in progress.,Enhancing Reliability,6,PO,32,LIGHTHIPE,7/31/2026 12:11,2026-07-31T12:59:31,1:scheduled,2026-07-31T20:06:05Z
136328884,800554220,scheduled,ACTIVE,S,4,Transformer Upgrade,,RANCHO PALOS VERDES,LOS ANGELES,90275,33.78580322,-118.3743079,2026-08-07T09:30:00Z,8/7/2026 16:00,Work is in progress.,Enhancing Reliability,6,PO,44,EL NIDO,7/25/2026 10:23,2026-07-31T12:59:31,1:scheduled,2026-07-31T20:06:05Z
136261877,800548814,scheduled,ACTIVE,S,12,Pole Upgrade,,WESTMINSTER,ORANGE,92683,33.7655435,-117.984348,2026-08-06T08:00:00Z,8/6/2026 17:00,Work is in progress.,Enhancing Reliability,20,PO,33,VILLA PARK,7/20/2026 15:32,2026-07-31T12:59:31,1:scheduled,2026-07-31T20:06:05Z
136323441,800553710,scheduled,ACTIVE,S,2,Transformer Upgrade,,MALIBU,LOS ANGELES,90265,34.01038169,-118.8087911,2026-08-05T12:00:00Z,8/5/2026 15:00,Work is in progress.,Enhancing Reliability,6,PO,35,MOORPARK,7/24/2026 8:42,2026-07-31T12:59:31,1:scheduled,2026-07-31T20:06:05Z
136328339,800554105,scheduled,ACTIVE,S,11,Pole Upgrade,,HUNTINGTON BEACH,ORANGE,92647,33.73658579,-118.0203328,2026-08-06T09:00:00Z,8/6/2026 16:00,Work is in progress.,Enhancing Reliability,6,PO,33,VILLA PARK,7/25/2026 7:27,2026-07-31T12:59:31,1:scheduled,2026-07-31T20:06:05Z
136322019,800553410,scheduled,ACTIVE,S,80,Pole Upgrade,,LA MIRADA,LOS ANGELES,90638,33.90147471,-118.011048,2026-08-04T21:00:00Z,8/5/2026 3:00,Work is in progress.,Enhancing Reliability,18,PO,47,LIGHTHIPE,7/23/2026 15:04,2026-07-31T12:59:31,1:scheduled,2026-07-31T20:06:05Z
136324041,800553733,scheduled,ACTIVE,S,0,Upgrading Equipment,,LONG BEACH,LOS ANGELES,90803,33.76038526,-118.1506967,2026-08-05T13:00:00Z,8/5/2026 15:00,Work is in progress.,Enhancing Reliability,6,PO,46,LIGHTHIPE,7/24/2026 10:53,2026-07-31T12:59:31,1:scheduled,2026-07-31T20:06:05Z
136344182,800555282,scheduled,ACTIVE,S,8,Upgrading Equipment,,TUSTIN,ORANGE,92782,33.72890721,-117.7969947,2026-08-07T21:00:00Z,8/8/2026 4:30,Work is in progress.,Enhancing Reliability,6,PO,29,VILLA PARK,7/28/2026 17:05,2026-07-31T12:59:31,1:scheduled,2026-07-31T20:06:05Z
136317047,800553160,scheduled,ACTIVE,S,16,Upgrading Equipment,,LAKEWOOD,LOS ANGELES,90712,33.85671487,-118.1302985,2026-08-03T09:00:00Z,8/3/2026 15:00,Work is in progress.,Enhancing Reliability,6,PO,46,LIGHTHIPE,7/22/2026 13:26,2026-07-31T12:59:31,1:scheduled,2026-07-31T20:06:05Z
136321052,800553448,scheduled,ACTIVE,S,683,Upgrading Equipment,,LAGUNA WOODS,ORANGE,92653,33.6119456,-117.7497983,2026-08-03T08:00:00Z,8/3/2026 16:00,Work is in progress.,Enhancing Reliability,18,PO,43,ELLIS,7/23/2026 14:16,2026-07-31T12:59:31,1:scheduled,2026-07-31T20:06:05Z
136325029,800553881,scheduled,ACTIVE,S,3,Upgrading Equipment,,LONG BEACH,LOS ANGELES,90807,33.83605212,-118.1891562,2026-08-05T23:00:00Z,8/6/2026 3:00,Work is in progress.,Enhancing Reliability,6,PO,46,LIGHTHIPE,7/24/2026 15:40,2026-07-31T12:59:31,1:scheduled,2026-07-31T20:06:05Z
136328244,800553855,scheduled,ACTIVE,S,9,Upgrading Equipment,,NEWPORT BEACH,ORANGE,92625,33.5984994,-117.8595397,2026-08-05T12:30:00Z,8/5/2026 15:30,Work is in progress.,Enhancing Reliability,6,PO,33,ELLIS,7/25/2026 6:50,2026-07-31T12:59:31,1:scheduled,2026-07-31T20:06:05Z
136316938,800552996,scheduled,ACTIVE,S,22,Pole Upgrade,,FLORENCE-GRAHAM,LOS ANGELES,90001,33.97263544,-118.2509854,2026-08-03T08:00:00Z,8/3/2026 14:00,Work is in progress.,Enhancing Reliability,18,PO,32,LIGHTHIPE,7/22/2026 12:59,2026-07-31T12:59:31,1:scheduled,2026-07-31T20:06:05Z
136344245,800555284,scheduled,ACTIVE,S,169,Upgrading Equipment,,SANTA ANA,ORANGE,92706,33.7753755,-117.8713716,2026-08-08T01:00:00Z,8/8/2026 4:00,Work is in progress.,Enhancing Reliability,18,PO,29,VILLA PARK,7/28/2026 17:25,2026-07-31T12:59:31,1:scheduled,2026-07-31T20:06:05Z
136328829,800554072,scheduled,ACTIVE,S,20,Upgrading Equipment,,Unincorporated Area,LOS ANGELES,91302,34.15257476,-118.6650683,2026-08-07T08:00:00Z,8/7/2026 10:00,Work is in progress.,Enhancing Reliability,18,PO,35,MOORPARK,7/25/2026 10:00,2026-07-31T12:59:31,1:scheduled,2026-07-31T20:06:05Z
136343923,800555139,scheduled,ACTIVE,S,63,Upgrading Equipment,,TORRANCE,LOS ANGELES,90503,33.84843561,-118.3460968,2026-08-07T09:00:00Z,8/7/2026 14:00,Work is in progress.,Enhancing Reliability,6,PO,44,EL NIDO,7/28/2026 16:05,2026-07-31T12:59:31,1:scheduled,2026-07-31T20:06:05Z
136343950,800555210,scheduled,ACTIVE,S,0,Transformer Upgrade,,PALOS VERDES ESTATES,LOS ANGELES,90274,33.79104265,-118.4060172,2026-08-07T09:30:00Z,8/7/2026 15:00,Work is in progress.,Enhancing Reliability,6,PO,44,EL NIDO,7/28/2026 16:12,2026-07-31T12:59:31,1:scheduled,2026-07-31T20:06:05Z
136353174,800556000,scheduled,ACTIVE,S,3,Transformer Upgrade,,Unincorporated Area,LOS ANGELES,91355,34.44640337,-118.6336984,2026-08-08T08:00:00Z,8/8/2026 12:00,Work is in progress.,Enhancing Reliability,6,PO,59,SAUGUS,7/30/2026 10:57,2026-07-31T12:59:31,1:scheduled,2026-07-31T20:06:05Z
136328880,800554074,scheduled,ACTIVE,S,21,Upgrading Equipment,,RANCHO PALOS VERDES,LOS ANGELES,90275,33.73619225,-118.3510731,2026-08-06T09:30:00Z,8/6/2026 16:00,Work is in progress.,Enhancing Reliability,6,PO,44,EL NIDO,7/25/2026 10:21,2026-07-31T12:59:31,1:scheduled,2026-07-31T20:06:05Z
136250576,800548032,scheduled,ACTIVE,S,103,Pole Upgrade,,SAN DIMAS,LOS ANGELES,91773,34.1024412,-117.8113775,2026-08-03T20:00:00Z,8/4/2026 3:00,Work is in progress.,Enhancing Reliability,20,PO,26,MIRA LOMA,7/20/2026 12:31,2026-07-31T12:59:31,1:scheduled,2026-07-31T20:06:05Z
136322045,800553399,scheduled,ACTIVE,S,25,Upgrading Equipment,,ARCADIA,LOS ANGELES,91007,34.10996826,-118.0517336,2026-08-04T08:30:00Z,8/4/2026 12:30,Work is in progress.,Enhancing Reliability,6,PO,27,MESA,7/23/2026 15:19,2026-07-31T12:59:31,1:scheduled,2026-07-31T20:06:05Z
136349292,800555686,scheduled,ACTIVE,S,1,Pole Upgrade,,VAL VERDE,LOS ANGELES,91384,34.44791172,-118.6710681,2026-08-07T11:00:00Z,8/7/2026 12:00,Work is in progress.,Enhancing Reliability,6,PO,59,SAUGUS,7/29/2026 15:49,2026-07-31T12:59:31,1:scheduled,2026-07-31T20:06:05Z
136318033,800553153,scheduled,ACTIVE,S,165,Upgrading Equipment,,EL MONTE,LOS ANGELES,91732,34.05977133,-118.0189228,2026-08-03T21:00:00Z,8/4/2026 6:30,Work is in progress.,Enhancing Reliability,18,PO,22,MESA,7/22/2026 17:55,2026-07-31T12:59:31,1:scheduled,2026-07-31T20:06:05Z
136325442,800553944,scheduled,ACTIVE,S,4,Upgrading Equipment,,Unincorporated Area,LOS ANGELES,91301,34.1131244,-118.7746848,2026-08-06T14:30:00Z,8/6/2026 15:00,Work is in progress.,Enhancing Reliability,18,PO,35,MOORPARK,7/24/2026 17:27,2026-07-31T12:59:31,1:scheduled,2026-07-31T20:06:05Z
136240909,800547179,scheduled,ACTIVE,S,66,Upgrading Equipment,,CLAREMONT,LOS ANGELES,91711,34.09250572,-117.7058495,2026-08-06T08:00:00Z,8/6/2026 13:00,Work is in progress.,Enhancing Reliability,20,PO,26,MIRA LOMA,7/14/2026 13:03,2026-07-31T12:59:31,1:scheduled,2026-07-31T20:06:05Z
136328723,800554051,scheduled,ACTIVE,S,4,Upgrading Equipment,,NEWPORT BEACH,ORANGE,92660,33.61587759,-117.8682633,2026-08-06T01:30:00Z,8/6/2026 7:00,Work is in progress.,Enhancing Reliability,6,PO,33,ELLIS,7/25/2026 9:30,2026-07-31T12:59:31,1:scheduled,2026-07-31T20:06:05Z
136328525,800554069,scheduled,ACTIVE,S,3,Upgrading Equipment,,WEST COVINA,LOS ANGELES,91790,34.0922105,-117.9415812,2026-08-07T18:30:00Z,8/8/2026 6:00,Work is in progress.,Enhancing Reliability,6,PO,26,MIRA LOMA,7/25/2026 8:24,2026-07-31T12:59:31,1:scheduled,2026-07-31T20:06:05Z
136328871,800554139,scheduled,ACTIVE,S,11,Upgrading Equipment,,RANCHO PALOS VERDES,LOS ANGELES,90275,33.78385249,-118.3703259,2026-08-06T09:30:00Z,8/6/2026 17:00,Work is in progress.,Enhancing Reliability,6,PO,44,EL NIDO,7/25/2026 10:18,2026-07-31T12:59:31,1:scheduled,2026-07-31T20:06:05Z
136352743,800555880,scheduled,ACTIVE,S,93,Pole Upgrade,,AVALON,LOS ANGELES,90704,33.34537318,-118.3287448,2026-08-11T08:00:00Z,8/11/2026 16:00,Work is in progress.,Enhancing Reliability,6,PO,,CATALINA,7/30/2026 9:22,2026-07-31T12:59:31,1:scheduled,2026-07-31T20:06:05Z
136320980,800553392,scheduled,ACTIVE,S,9,Upgrading Equipment,,ARTESIA,LOS ANGELES,90701,33.85805747,-118.0773066,2026-08-03T21:00:00Z,8/4/2026 1:00,Work is in progress.,Enhancing Reliability,6,PO,46,LIGHTHIPE,7/23/2026 13:41,2026-07-31T12:59:31,1:scheduled,2026-07-31T20:06:05Z
136347543,800555485,scheduled,ACTIVE,S,52,Upgrading Equipment,,LANCASTER,LOS ANGELES,93535,34.65274199,-118.1141508,2026-08-03T22:00:00Z,8/4/2026 4:00,Work is in progress.,Enhancing Reliability,6,PO,36,VINCENT,7/29/2026 10:10,2026-07-31T12:59:31,1:scheduled,2026-07-31T20:06:05Z
136357798,800556275,scheduled,ACTIVE,S,203,Upgrading Equipment,,AGOURA HILLS,LOS ANGELES,91301,34.14423758,-118.794676,2026-08-12T00:30:00Z,8/12/2026 6:00,Work is in progress.,Enhancing Reliability,6,PO,35,MOORPARK,7/31/2026 9:29,2026-07-31T12:59:31,1:scheduled,2026-07-31T20:06:05Z
136328164,800553974,scheduled,ACTIVE,S,60,Upgrading Equipment,,LOS ALAMITOS,ORANGE,90720,33.79085931,-118.0706217,2026-08-07T09:00:00Z,8/7/2026 16:00,Work is in progress.,Enhancing Reliability,6,PO,46,LIGHTHIPE,7/25/2026 5:24,2026-07-31T12:59:31,1:scheduled,2026-07-31T20:06:05Z
136328235,800554027,scheduled,ACTIVE,S,71,Upgrading Equipment,,Unincorporated Area,LOS ANGELES,91107,34.13891313,-118.107844,2026-08-06T08:30:00Z,8/6/2026 16:00,Work is in progress.,Enhancing Reliability,18,PO,27,MESA,7/25/2026 6:36,2026-07-31T12:59:31,1:scheduled,2026-07-31T20:06:05Z
136325359,800553836,scheduled,ACTIVE,S,12,Upgrading Equipment,,Unincorporated Area,LOS ANGELES,93543,34.57093481,-117.9232375,2026-08-04T09:00:00Z,8/4/2026 18:30,Work is in progress.,Enhancing Reliability,6,PO,36,VINCENT,7/24/2026 17:06,2026-07-31T12:59:31,1:scheduled,2026-07-31T20:06:05Z
136337666,800554722,scheduled,ACTIVE,S,28,Transformer Upgrade,,CULVER CITY,LOS ANGELES,90232,34.01224685,-118.3978082,2026-08-04T09:00:00Z,8/4/2026 14:00,Work is in progress.,Enhancing Reliability,6,PO,42,EL NIDO,7/27/2026 10:18,2026-07-31T12:59:31,1:scheduled,2026-07-31T20:06:05Z
136354621,800556057,scheduled,ACTIVE,S,61,Upgrading Equipment,,LONG BEACH,LOS ANGELES,90806,33.80565224,-118.1876829,2026-08-11T03:00:00Z,8/11/2026 6:00,Work is in progress.,Enhancing Reliability,6,PO,46,LIGHTHIPE,7/30/2026 17:17,2026-07-31T12:59:31,1:scheduled,2026-07-31T20:06:05Z
136341738,800555082,scheduled,ACTIVE,S,7,Upgrading Equipment,,SIERRA MADRE,LOS ANGELES,91024,34.16817273,-118.0460868,2026-08-11T08:00:00Z,8/11/2026 9:00,Work is in progress.,Enhancing Reliability,18,PO,27,MESA,7/28/2026 9:01,2026-07-31T12:59:31,1:scheduled,2026-07-31T20:06:05Z
136349318,800555552,scheduled,ACTIVE,S,7,Upgrading Equipment,,WILLOWBROOK,LOS ANGELES,90059,33.91386274,-118.2647869,2026-08-07T22:00:00Z,8/8/2026 6:00,Work is in progress.,Enhancing Reliability,18,PO,32,LIGHTHIPE,7/29/2026 15:57,2026-07-31T12:59:31,1:scheduled,2026-07-31T20:06:05Z
136352855,800555798,scheduled,ACTIVE,S,1,Cable Upgrade,,SANTA ANA,ORANGE,92706,33.76888369,-117.8843268,2026-08-10T09:00:00Z,8/10/2026 14:00,Work is in progress.,Enhancing Reliability,6,PO,29,ELLIS,7/30/2026 9:52,2026-07-31T12:59:31,1:scheduled,2026-07-31T20:06:05Z
136337919,800554705,scheduled,ACTIVE,S,16,Upgrading Equipment,,HAWTHORNE,LOS ANGELES,90250,33.92968705,-118.3517912,2026-08-04T21:00:00Z,8/5/2026 6:00,Work is in progress.,Enhancing Reliability,6,PO,44,EL NIDO,7/27/2026 11:18,2026-07-31T12:59:31,1:scheduled,2026-07-31T20:06:05Z
136321086,800553545,scheduled,ACTIVE,S,71,Upgrading Equipment,,LONG BEACH,LOS ANGELES,90803,33.761305,-118.1324824,2026-08-04T09:15:00Z,8/4/2026 13:00,Work is in progress.,Enhancing Reliability,6,PO,46,LIGHTHIPE,7/23/2026 14:29,2026-07-31T12:59:31,1:scheduled,2026-07-31T20:06:05Z
136349165,800555572,scheduled,ACTIVE,S,1,Pole Upgrade,,Unincorporated Area,LOS ANGELES,91384,34.43258979,-118.6963066,2026-08-07T09:00:00Z,8/7/2026 10:00,Work is in progress.,Enhancing Reliability,6,PO,59,SAUGUS,7/29/2026 15:20,2026-07-31T12:59:31,1:scheduled,2026-07-31T20:06:05Z
136342548,800555111,scheduled,ACTIVE,S,13,Pole Upgrade,,LANCASTER,LOS ANGELES,93536,34.67755125,-118.178455,2026-08-04T09:00:00Z,8/4/2026 18:30,Work is in progress.,Enhancing Reliability,6,PO,36,VINCENT,7/28/2026 11:47,2026-07-31T12:59:31,1:scheduled,2026-07-31T20:06:05Z
136349263,800555597,scheduled,ACTIVE,S,271,Upgrading Equipment,,WILLOWBROOK,LOS ANGELES,90059,33.92167968,-118.2694709,2026-08-07T22:00:00Z,8/7/2026 23:00,Work is in progress.,Enhancing Reliability,18,PO,32,LIGHTHIPE,7/29/2026 15:42,2026-07-31T12:59:31,1:scheduled,2026-07-31T20:06:05Z
136352302,800555715,scheduled,ACTIVE,S,103,Upgrading Equipment,,ALHAMBRA,LOS ANGELES,91801,34.10675953,-118.1324577,2026-08-11T08:00:00Z,8/11/2026 16:00,Work is in progress.,Enhancing Reliability,18,PO,22,MESA,7/30/2026 7:51,2026-07-31T12:59:31,1:scheduled,2026-07-31T20:06:05Z
136325330,800553867,scheduled,ACTIVE,S,1,Pole Upgrade,,LOS ANGELES,LOS ANGELES,91311,34.27711414,-118.6068765,2026-08-06T09:00:00Z,8/6/2026 13:00,Work is in progress.,Enhancing Reliability,6,PO,,,7/24/2026 16:58,2026-07-31T12:59:31,1:scheduled,2026-07-31T20:06:05Z
136349509,800555693,scheduled,ACTIVE,S,6,Pole Upgrade,,LA VERNE,LOS ANGELES,91750,34.10287859,-117.7626249,2026-08-04T17:00:00Z,8/4/2026 21:00,Work is in progress.,Enhancing Reliability,6,PO,26,MIRA LOMA,7/29/2026 16:58,2026-07-31T12:59:31,1:scheduled,2026-07-31T20:06:05Z
136337972,800554707,scheduled,ACTIVE,S,15,Pole Upgrade,,TORRANCE,LOS ANGELES,90504,33.85885452,-118.3318755,2026-08-05T08:30:00Z,8/5/2026 14:30,Work is in progress.,Enhancing Reliability,18,PO,44,EL NIDO,7/27/2026 11:35,2026-07-31T12:59:31,1:scheduled,2026-07-31T20:06:05Z
136347767,800555356,scheduled,ACTIVE,S,85,Upgrading Equipment,,SIERRA MADRE,LOS ANGELES,91024,34.16932992,-118.0447878,2026-08-11T09:00:00Z,8/11/2026 19:00,Work is in progress.,Enhancing Reliability,6,PO,27,MESA,7/29/2026 10:49,2026-07-31T12:59:31,1:scheduled,2026-07-31T20:06:05Z
136347573,800555524,scheduled,ACTIVE,S,63,Upgrading Equipment,,MONROVIA,LOS ANGELES,91016,34.12825972,-118.0036399,2026-08-10T08:00:00Z,8/10/2026 16:00,Work is in progress.,Enhancing Reliability,18,PO,27,MESA,7/29/2026 10:11,2026-07-31T12:59:31,1:scheduled,2026-07-31T20:06:05Z
136354687,800556128,scheduled,ACTIVE,S,300,Upgrading Equipment,,LONG BEACH,LOS ANGELES,90804,33.79357858,-118.1491087,2026-08-11T09:15:00Z,8/11/2026 13:00,Work is in progress.,Enhancing Reliability,6,PO,46,LIGHTHIPE,7/30/2026 17:44,2026-07-31T12:59:31,1:scheduled,2026-07-31T20:06:05Z
136299520,800551850,scheduled,ACTIVE,S,58,Upgrading Equipment,,WHITTIER,LOS ANGELES,90606,33.98576565,-118.0667289,2026-08-01T09:30:00Z,8/1/2026 17:00,Work is in progress.,Enhancing Reliability,6,PO,22,MESA,7/18/2026 8:09,2026-07-31T12:59:31,1:scheduled,2026-07-31T20:06:05Z
136354662,800556127,scheduled,ACTIVE,S,12,Upgrading Equipment,,LAKEWOOD,LOS ANGELES,90712,33.85688287,-118.1294064,2026-08-11T09:00:00Z,8/11/2026 15:00,Work is in progress.,Enhancing Reliability,6,PO,46,LIGHTHIPE,7/30/2026 17:31,2026-07-31T12:59:31,1:scheduled,2026-07-31T20:06:05Z
136328473,800554165,scheduled,ACTIVE,S,3,Upgrading Equipment,,ALTADENA,LOS ANGELES,91001,34.19163422,-118.1220476,2026-08-07T09:00:00Z,8/7/2026 14:00,Work is in progress.,Enhancing Reliability,6,PO,27,MESA,7/25/2026 8:16,2026-07-31T12:59:31,1:scheduled,2026-07-31T20:06:05Z
136317857,800553189,scheduled,ACTIVE,S,1,Upgrading Equipment,,Unincorporated Area,LOS ANGELES,91384,34.43817543,-118.6905556,2026-08-03T10:00:00Z,8/3/2026 11:30,Work is in progress.,Enhancing Reliability,6,PO,59,SAUGUS,7/22/2026 16:59,2026-07-31T12:59:31,1:scheduled,2026-07-31T20:06:05Z
136354056,800556009,scheduled,ACTIVE,S,14,Upgrading Equipment,,TORRANCE,LOS ANGELES,90503,33.85356397,-118.3662394,2026-08-10T09:00:00Z,8/10/2026 13:00,Work is in progress.,Enhancing Reliability,6,PO,44,EL NIDO,7/30/2026 14:45,2026-07-31T12:59:31,1:scheduled,2026-07-31T20:06:05Z
136349787,800555556,scheduled,ACTIVE,S,95,Upgrading Equipment,,SOUTH EL MONTE,LOS ANGELES,91733,34.0497875,-118.0515204,2026-08-06T22:00:00Z,8/7/2026 6:30,Work is in progress.,Enhancing Reliability,18,PO,22,MESA,7/29/2026 18:27,2026-07-31T12:59:31,1:scheduled,2026-07-31T20:06:05Z
136343167,800555220,scheduled,ACTIVE,S,97,Upgrading Equipment,,FLORENCE-GRAHAM,LOS ANGELES,90001,33.97111054,-118.2544791,2026-08-06T08:00:00Z,8/6/2026 16:00,Work is in progress.,Enhancing Reliability,18,PO,32,LIGHTHIPE,7/28/2026 13:58,2026-07-31T12:59:31,1:scheduled,2026-07-31T20:06:05Z
136312021,800552766,scheduled,ACTIVE,S,7,Upgrading Equipment,,MONTEREY PARK,LOS ANGELES,91755,34.05908053,-118.1125244,2026-08-03T13:00:00Z,8/3/2026 15:00,Work is in progress.,Enhancing Reliability,18,PO,22,MESA,7/21/2026 14:39,2026-07-31T12:59:31,1:scheduled,2026-07-31T20:06:05Z
136337397,800554741,scheduled,ACTIVE,S,75,Upgrading Equipment,,CULVER CITY,LOS ANGELES,90232,34.01817581,-118.389682,2026-08-04T09:00:00Z,8/4/2026 16:00,Work is in progress.,Enhancing Reliability,6,PO,42,EL NIDO,7/27/2026 10:07,2026-07-31T12:59:31,1:scheduled,2026-07-31T20:06:05Z
136328199,800553853,scheduled,ACTIVE,S,1,Upgrading Equipment,,Unincorporated Area,LOS ANGELES,93563,34.20541916,-117.8567034,2026-08-03T09:00:00Z,8/3/2026 16:30,Work is in progress.,Enhancing Reliability,6,PO,27,MESA,7/25/2026 5:59,2026-07-31T12:59:31,1:scheduled,2026-07-31T20:06:05Z
136306249,800552238,scheduled,ACTIVE,S,21,Upgrading Equipment,,TORRANCE,LOS ANGELES,90505,33.82477826,-118.3496501,2026-07-31T21:00:00Z,8/1/2026 7:00,Work is in progress.,Enhancing Reliability,6,PO,44,EL NIDO,7/20/2026 6:29,2026-07-31T12:59:31,1:scheduled,2026-07-31T20:06:05Z
136307715,800552406,scheduled,ACTIVE,S,83,Transformer Upgrade,,CALABASAS,LOS ANGELES,91302,34.13881158,-118.7045132,2026-08-01T08:00:00Z,8/1/2026 12:00,Work is in progress.,Enhancing Reliability,18,PO,35,MOORPARK,7/20/2026 12:55,2026-07-31T12:59:31,1:scheduled,2026-07-31T20:06:05Z
136328170,800554006,scheduled,ACTIVE,S,15,Upgrading Equipment,,CERRITOS,LOS ANGELES,90703,33.88666881,-118.066159,2026-08-07T09:00:00Z,8/7/2026 15:00,Work is in progress.,Enhancing Reliability,6,PO,46,LIGHTHIPE,7/25/2026 5:28,2026-07-31T12:59:31,1:scheduled,2026-07-31T20:06:05Z
136323433,800553612,scheduled,ACTIVE,S,255,Upgrading Equipment,,SANTA ANA,ORANGE,92703,33.73575468,-117.8885351,2026-08-04T22:00:00Z,8/5/2026 4:30,Work is in progress.,Enhancing Reliability,6,PO,29,ELLIS,7/24/2026 8:41,2026-07-31T12:59:31,1:scheduled,2026-07-31T20:06:05Z
136299596,800551797,active,ACTIVE,,12,Pole Upgrade,,WESTMINSTER,ORANGE,92683,33.7655435,-117.984348,2026-07-31T08:00:00Z,7/31/2026 16:00,Work is in progress.,Enhancing Reliability,18,PO,33,VILLA PARK,7/31/2026 8:33,2026-07-31T13:09:34,0:active,2026-07-31T20:20:59Z
136358026,800556255,active,ACTIVE,,11,Equipment Problems,,LA PUENTE,LOS ANGELES,91744,34.03323788,-117.9414741,2026-07-31T10:08:24Z,7/31/2026 15:30,Work is in progress.,Not Available,1,QI,26,MIRA LOMA,7/31/2026 11:38,2026-07-31T13:09:34,0:active,2026-07-31T20:20:59Z
136306688,800552273,active,ACTIVE,,53,Upgrading Equipment,,MONTEREY PARK,LOS ANGELES,91755,34.04644915,-118.1256575,2026-07-31T09:30:00Z,Most up by 07/31/2026 03:00:00 PM,We have completed this repair.,Enhancing Reliability,6,PO,22,MESA,7/31/2026 12:40,2026-07-31T13:09:34,0:active,2026-07-31T20:20:59Z
136358348,800556420,active,ACTIVE,,5,Analyzing Problem,,COMMERCE,LOS ANGELES,90040,34.00060185,-118.1562617,2026-07-31T10:03:01Z,Most up by 07/31/2026 07:00:00 PM,We have notified our repair crews. ,Not Available,3,QI,32,LIGHTHIPE,7/31/2026 13:06,2026-07-31T13:09:34,0:active,2026-07-31T20:20:59Z
136312619,800552685,active,ACTIVE,,101,Upgrading Equipment,,GARDEN GROVE,ORANGE,92845,33.78216509,-118.0388118,2026-07-31T09:16:17Z,7/31/2026 16:00,Work is in progress.,Enhancing Reliability,18,PO,29,VILLA PARK,7/31/2026 9:16,2026-07-31T13:09:34,0:active,2026-07-31T20:20:59Z
136307451,800552404,active,ACTIVE,,120,Pole Upgrade,,LA PUENTE,LOS ANGELES,91744,34.01288174,-117.9347218,2026-07-31T08:00:00Z,7/31/2026 17:00,Work is in progress.,Enhancing Reliability,18,PO,26,MIRA LOMA,7/31/2026 8:25,2026-07-31T13:09:34,0:active,2026-07-31T20:20:59Z
136323990,800553658,active,ACTIVE,,2,Pole Upgrade,,BELLFLOWER,LOS ANGELES,90706,33.88008732,-118.1429655,2026-07-31T08:00:00Z,7/31/2026 16:00,Work is in progress.,Enhancing Reliability,18,PO,32,LIGHTHIPE,7/31/2026 8:22,2026-07-31T13:09:34,0:active,2026-07-31T20:20:59Z
136357539,800556235,active,ACTIVE,,175,Equipment Problems,,COSTA MESA,ORANGE,92627,33.63494141,-117.9019107,2026-07-31T08:50:01Z,7/31/2026 15:00,Work is in progress.,Not Available,3,Not Available,33,ELLIS,7/31/2026 13:03,2026-07-31T13:09:34,0:active,2026-07-31T20:20:59Z
136358144,800556369,active,ACTIVE,,115,Analyzing Problem,,BUENA PARK,ORANGE,90620,33.83714526,-117.9962128,2026-07-31T10:16:04Z,Most up by 07/31/2026 03:00:00 PM,We are aware of the problem.,Not Available,1,Not Available,48,VILLA PARK,7/31/2026 12:10,2026-07-31T13:09:34,0:active,2026-07-31T20:20:59Z
136358223,800556311,active,ACTIVE,,14,Analyzing Problem,,LONG BEACH,LOS ANGELES,90805,33.86940909,-118.2032971,2026-07-31T10:22:49Z,7/31/2026 16:00,Work is in progress.,Not Available,1,Not Available,46,LIGHTHIPE,7/31/2026 11:46,2026-07-31T13:09:35,0:active,2026-07-31T20:20:59Z
136356980,800556265,active,ACTIVE,,52,Equipment Problems,,DIAMOND BAR,LOS ANGELES,91765,34.03701425,-117.7954394,2026-07-31T03:02:34Z,7/31/2026 15:00,Work is in progress.,Not Available,1,Not Available,26,MIRA LOMA,7/31/2026 12:47,2026-07-31T13:09:35,0:active,2026-07-31T20:20:59Z
136300590,800552081,active,ACTIVE,,56,Transformer Upgrade,,LAKE LOS ANGELES,LOS ANGELES,93535,34.63310306,-117.8583545,2026-07-31T09:25:59Z,7/31/2026 16:00,Work is in progress.,Enhancing Reliability,6,PO,36,VINCENT,7/31/2026 9:46,2026-07-31T13:09:35,0:active,2026-07-31T20:20:59Z
136357417,800556234,active,ACTIVE,,8,Equipment Problems,,WESTMINSTER,ORANGE,92683,33.7658988,-117.9837158,2026-07-31T08:26:48Z,7/31/2026 14:00,Work is in progress.,Not Available,1,QI,33,VILLA PARK,7/31/2026 12:43,2026-07-31T13:09:35,0:active,2026-07-31T20:20:59Z
136307297,800552403,active,ACTIVE,,13,Pole Upgrade,,GLENDORA,LOS ANGELES,91741,34.13474741,-117.8193494,2026-07-31T08:00:00Z,7/31/2026 14:00,Work is in progress.,Enhancing Reliability,18,PO,26,MIRA LOMA,7/31/2026 8:34,2026-07-31T13:09:35,0:active,2026-07-31T20:20:59Z
136307252,800552216,active,ACTIVE,,0,Pole Upgrade,,Unincorporated Area,ORANGE,92821,33.94641754,-117.8622588,2026-07-31T07:00:00Z,7/31/2026 14:00,Work is in progress.,Enhancing Reliability,18,PO,48,VILLA PARK,7/31/2026 7:10,2026-07-31T13:09:35,0:active,2026-07-31T20:20:59Z
136299437,800551907,active,ACTIVE,,1,Cable Upgrade,,SANTA ANA,ORANGE,92705,33.769945,-117.8377075,2026-07-31T08:00:00Z,Most up by 07/31/2026 02:00:00 PM,We have completed this repair.,Enhancing Reliability,18,PO,29,VILLA PARK,7/31/2026 12:58,2026-07-31T13:09:35,0:active,2026-07-31T20:20:59Z
136357248,800556197,active,ACTIVE,,104,Equipment Problems,,CERRITOS,LOS ANGELES,90703,33.88319306,-118.0702729,2026-07-31T07:22:28Z,7/31/2026 23:00,We have identified the problem and are working to restore your service.,Not Available,1,Not Available,46,LIGHTHIPE,7/31/2026 10:56,2026-07-31T13:09:35,0:active,2026-07-31T20:20:59Z
136308152,800552371,active,ACTIVE,,193,Upgrading Equipment,,COMPTON,LOS ANGELES,90221,33.88399658,-118.2115962,2026-07-31T08:00:00Z,Most up by 07/31/2026 03:30:00 PM,Work is in progress.,Enhancing Reliability,18,PO,32,LIGHTHIPE,7/31/2026 13:03,2026-07-31T13:09:35,0:active,2026-07-31T20:20:59Z
136312255,800552631,active,ACTIVE,,8,Upgrading Equipment,,BELLFLOWER,LOS ANGELES,90706,33.8722072,-118.1088695,2026-07-31T10:00:00Z,7/31/2026 15:00,Work is in progress.,Enhancing Reliability,6,PO,32,LIGHTHIPE,7/31/2026 12:45,2026-07-31T13:09:36,0:active,2026-07-31T20:20:59Z
136299436,800551828,active,ACTIVE,,2,Upgrading Equipment,,PASADENA,LOS ANGELES,91011,34.2226954,-118.1884371,2026-07-31T11:32:05Z,7/31/2026 18:30,Our crews are on the way. ,Enhancing Reliability,6,PO,,,7/31/2026 11:35,2026-07-31T13:09:36,0:active,2026-07-31T20:20:59Z
136312637,800552784,active,ACTIVE,,144,Pole Upgrade,,LA HABRA HEIGHTS,LOS ANGELES,90631,33.96172107,-117.9308329,2026-07-31T09:00:00Z,7/31/2026 15:00,Work is in progress.,Enhancing Reliability,18,PO,48,VILLA PARK,7/31/2026 10:17,2026-07-31T13:09:36,0:active,2026-07-31T20:20:59Z
136323960,800553656,active,ACTIVE,,0,Pole Upgrade,,BELLFLOWER,LOS ANGELES,90706,33.88558447,-118.1428186,2026-07-31T08:00:00Z,7/31/2026 15:00,Work is in progress.,Enhancing Reliability,18,PO,32,LIGHTHIPE,7/31/2026 10:53,2026-07-31T13:09:36,0:active,2026-07-31T20:20:59Z
136323966,800553657,active,ACTIVE,,13,Pole Upgrade,,BELLFLOWER,LOS ANGELES,90706,33.88368935,-118.1427963,2026-07-31T08:00:00Z,7/31/2026 15:00,Work is in progress.,Enhancing Reliability,18,PO,32,LIGHTHIPE,7/31/2026 8:09,2026-07-31T13:09:36,0:active,2026-07-31T20:20:59Z
136358207,800556218,active,ACTIVE,,17,Equipment Problems,,BUENA PARK,ORANGE,90620,33.84256336,-117.9888272,2026-07-31T10:25:02Z,7/31/2026 14:00,Work is in progress.,Not Available,1,QI,48,VILLA PARK,7/31/2026 10:36,2026-07-31T13:09:36,0:active,2026-07-31T20:20:59Z
136358836,800556462,active,ACTIVE,,22,Analyzing Problem,,PALMDALE,LOS ANGELES,93550,34.58369845,-118.1069034,2026-07-31T12:42:01Z,Most up by 07/31/2026 07:00:00 PM,We are aware of the problem.,Not Available,1,Not Available,36,VINCENT,7/31/2026 13:07,2026-07-31T13:09:36,0:active,2026-07-31T20:20:59Z
136299645,800551912,active,ACTIVE,,37,Upgrading Equipment,,BUENA PARK,ORANGE,90620,33.84213493,-117.9879529,2026-07-31T09:31:56Z,7/31/2026 14:00,Work is in progress.,Enhancing Reliability,6,PO,48,VILLA PARK,7/31/2026 10:26,2026-07-31T13:09:36,0:active,2026-07-31T20:20:59Z
136357238,800556248,active,ACTIVE,,9,Equipment Problems,,BELLFLOWER,LOS ANGELES,90706,33.88520522,-118.1428036,2026-07-31T07:22:55Z,7/31/2026 15:00,Work is in progress.,Not Available,7,QI,32,LIGHTHIPE,7/31/2026 8:21,2026-07-31T13:09:36,0:active,2026-07-31T20:20:59Z
136299922,800551810,active,ACTIVE,,10,Upgrading Equipment,,INGLEWOOD,LOS ANGELES,90056,33.98166817,-118.3622268,2026-07-31T08:00:00Z,7/31/2026 16:00,Work is in progress.,Enhancing Reliability,6,PO,44,EL NIDO,7/31/2026 12:46,2026-07-31T13:09:36,0:active,2026-07-31T20:20:59Z
136358703,800556461,active,ACTIVE,,34,Equipment Problems,,MONTEREY PARK,LOS ANGELES,91754,34.06103641,-118.1558221,2026-07-31T12:08:01Z,7/31/2026 17:30,Work is in progress.,Not Available,7,QI,22,MESA,7/31/2026 13:01,2026-07-31T13:09:37,0:active,2026-07-31T20:20:59Z
136358625,800556318,active,ACTIVE,,3,Equipment Problems,,ORANGE,ORANGE,92867,33.80367799,-117.8626642,2026-07-31T11:49:31Z,7/31/2026 18:00,Work is in progress.,Not Available,7,QI,29,VILLA PARK,7/31/2026 12:47,2026-07-31T13:09:37,0:active,2026-07-31T20:20:59Z
136328621,800554131,scheduled,ACTIVE,S,85,Pole Upgrade,,GARDEN GROVE,ORANGE,92845,33.79046524,-118.023733,2026-08-05T08:00:00Z,8/5/2026 15:00,Work is in progress.,Enhancing Reliability,18,PO,29,VILLA PARK,7/25/2026 9:00,2026-07-31T13:09:34,1:scheduled,2026-07-31T20:20:59Z
136344097,800555301,scheduled,ACTIVE,S,39,Upgrading Equipment,,LA HABRA HEIGHTS,LOS ANGELES,90631,33.9579514,-117.9614348,2026-08-07T09:00:00Z,8/7/2026 15:00,Work is in progress.,Enhancing Reliability,18,PO,48,VILLA PARK,7/28/2026 17:02,2026-07-31T13:09:34,1:scheduled,2026-07-31T20:20:59Z
136336505,800554479,scheduled,ACTIVE,S,1,Upgrading Equipment,,Unincorporated Area,LOS ANGELES,91301,34.11505,-118.8039062,2026-08-06T08:30:00Z,8/6/2026 9:30,Work is in progress.,Enhancing Reliability,18,PO,35,MOORPARK,7/27/2026 6:59,2026-07-31T13:09:34,1:scheduled,2026-07-31T20:20:59Z
136318052,800553195,scheduled,ACTIVE,S,5,Upgrading Equipment,,LA CANADA FLINTRIDGE,LOS ANGELES,91011,34.21133769,-118.2008708,2026-08-06T08:00:00Z,8/6/2026 16:00,Work is in progress.,Enhancing Reliability,18,PO,27,MESA,7/22/2026 18:04,2026-07-31T13:09:34,1:scheduled,2026-07-31T20:20:59Z
136357611,800556237,scheduled,ACTIVE,S,15,Upgrading Equipment,,LAKEWOOD,LOS ANGELES,90713,33.85731011,-118.1244317,2026-08-11T09:00:00Z,8/11/2026 15:00,Work is in progress.,Enhancing Reliability,6,PO,46,LIGHTHIPE,7/31/2026 8:59,2026-07-31T13:09:34,1:scheduled,2026-07-31T20:20:59Z
136328850,800554137,scheduled,ACTIVE,S,93,Pole Upgrade,,TORRANCE,LOS ANGELES,90505,33.8140158,-118.3731575,2026-08-04T08:00:00Z,8/4/2026 15:00,Work is in progress.,Enhancing Reliability,18,PO,44,EL NIDO,7/25/2026 10:12,2026-07-31T13:09:34,1:scheduled,2026-07-31T20:20:59Z
136354357,800555977,scheduled,ACTIVE,S,28,Transformer Upgrade,,AGOURA HILLS,LOS ANGELES,91301,34.13206743,-118.7252688,2026-08-11T10:00:00Z,8/11/2026 16:00,Work is in progress.,Enhancing Reliability,18,PO,35,MOORPARK,7/30/2026 16:02,2026-07-31T13:09:34,1:scheduled,2026-07-31T20:20:59Z
136358857,800556463,scheduled,ACTIVE,S,3,Upgrading Equipment,,SAN MARINO,LOS ANGELES,91108,34.11820712,-118.1001942,2026-08-10T08:00:00Z,8/10/2026 11:00,Work is in progress.,Enhancing Reliability,6,PO,27,MESA,7/31/2026 12:57,2026-07-31T13:09:34,1:scheduled,2026-07-31T20:20:59Z
136349614,800555694,scheduled,ACTIVE,S,3,Upgrading Equipment,,COSTA MESA,ORANGE,92626,33.67372071,-117.8776947,2026-08-09T09:00:00Z,8/9/2026 14:00,Work is in progress.,Enhancing Reliability,6,PO,33,ELLIS,7/29/2026 17:14,2026-07-31T13:09:34,1:scheduled,2026-07-31T20:20:59Z
136341334,800554965,scheduled,ACTIVE,S,21,Upgrading Equipment,,ARCADIA,LOS ANGELES,91006,34.14054518,-118.0266569,2026-08-08T00:00:00Z,8/8/2026 10:00,Work is in progress.,Enhancing Reliability,6,PO,27,MESA,7/28/2026 7:23,2026-07-31T13:09:34,1:scheduled,2026-07-31T20:20:59Z
136325558,800553950,scheduled,ACTIVE,S,24,Upgrading Equipment,,LONG BEACH,LOS ANGELES,90804,33.77679173,-118.1507197,2026-08-06T09:15:00Z,8/6/2026 14:00,Work is in progress.,Enhancing Reliability,6,PO,46,LIGHTHIPE,7/24/2026 18:00,2026-07-31T13:09:34,1:scheduled,2026-07-31T20:20:59Z
136328193,800554023,scheduled,ACTIVE,S,89,Upgrading Equipment,,AZUSA,LOS ANGELES,91702,34.23969693,-117.8388153,2026-08-03T09:00:00Z,8/3/2026 16:30,Work is in progress.,Enhancing Reliability,6,PO,,,7/25/2026 5:54,2026-07-31T13:09:34,1:scheduled,2026-07-31T20:20:59Z
136354633,800556086,scheduled,ACTIVE,S,23,Upgrading Equipment,,COMMERCE,LOS ANGELES,90040,34.00816689,-118.1610802,2026-08-11T08:00:00Z,8/11/2026 12:00,Work is in progress.,Enhancing Reliability,18,PO,32,LIGHTHIPE,7/30/2026 17:21,2026-07-31T13:09:34,1:scheduled,2026-07-31T20:20:59Z
136317781,800553072,scheduled,ACTIVE,S,1,Upgrading Equipment,,Unincorporated Area,LOS ANGELES,93536,34.77508086,-118.5705604,2026-08-03T08:00:00Z,8/3/2026 16:00,Work is in progress.,Enhancing Reliability,18,PO,36,VINCENT,7/22/2026 16:37,2026-07-31T13:09:34,1:scheduled,2026-07-31T20:20:59Z
136307441,800552422,scheduled,ACTIVE,S,1,Transformer Upgrade,,Unincorporated Area,LOS ANGELES,91302,34.093598,-118.6946087,2026-08-01T12:00:00Z,8/1/2026 16:00,Work is in progress.,Enhancing Reliability,18,PO,35,MOORPARK,7/20/2026 11:41,2026-07-31T13:09:34,1:scheduled,2026-07-31T20:20:59Z
136316883,800552956,scheduled,ACTIVE,S,4,Upgrading Equipment,,SIERRA MADRE,LOS ANGELES,91024,34.1677902,-118.0449766,2026-08-04T08:00:00Z,8/4/2026 15:00,Work is in progress.,Enhancing Reliability,6,PO,27,MESA,7/22/2026 12:43,2026-07-31T13:09:34,1:scheduled,2026-07-31T20:20:59Z
136321020,800553394,scheduled,ACTIVE,S,26,Upgrading Equipment,,PICO RIVERA,LOS ANGELES,90660,33.99379235,-118.0949804,2026-08-04T09:00:00Z,8/4/2026 13:00,Work is in progress.,Enhancing Reliability,6,PO,47,LIGHTHIPE,7/23/2026 13:58,2026-07-31T13:09:34,1:scheduled,2026-07-31T20:20:59Z
136328231,800553937,scheduled,ACTIVE,S,3,Upgrading Equipment,,DUARTE,LOS ANGELES,91010,34.13599463,-117.9635851,2026-08-06T08:00:00Z,8/6/2026 13:00,Work is in progress.,Enhancing Reliability,18,PO,27,MESA,7/25/2026 6:33,2026-07-31T13:09:34,1:scheduled,2026-07-31T20:20:59Z
136323325,800553593,scheduled,ACTIVE,S,148,Upgrading Equipment,,CALABASAS,LOS ANGELES,91302,34.14175234,-118.6197488,2026-08-04T21:00:00Z,8/5/2026 5:00,Work is in progress.,Enhancing Reliability,20,PO,35,MOORPARK,7/30/2026 14:54,2026-07-31T13:09:34,1:scheduled,2026-07-31T20:20:59Z
136354898,800556183,scheduled,ACTIVE,S,27,Pole Upgrade,,WEST HOLLYWOOD,LOS ANGELES,90069,34.08287428,-118.3752506,2026-08-10T23:00:00Z,8/11/2026 11:00,Work is in progress.,Enhancing Reliability,6,PO,42,EL NIDO,7/30/2026 18:52,2026-07-31T13:09:34,1:scheduled,2026-07-31T20:20:59Z
136338444,800554634,scheduled,ACTIVE,S,2,Upgrading Equipment,,BUENA PARK,ORANGE,90620,33.84441724,-118.0287711,2026-08-06T08:00:00Z,8/6/2026 18:30,Work is in progress.,Enhancing Reliability,6,PO,48,VILLA PARK,7/27/2026 13:18,2026-07-31T13:09:34,1:scheduled,2026-07-31T20:20:59Z
136344012,800555172,scheduled,ACTIVE,S,8,Upgrading Equipment,,LA MIRADA,LOS ANGELES,90638,33.88146135,-118.0155489,2026-08-09T21:00:00Z,8/10/2026 6:00,Work is in progress.,Enhancing Reliability,6,PO,47,LIGHTHIPE,7/28/2026 16:25,2026-07-31T13:09:34,1:scheduled,2026-07-31T20:20:59Z
136343889,800555171,scheduled,ACTIVE,S,21,Upgrading Equipment,,HAWTHORNE,LOS ANGELES,90250,33.91041534,-118.3407117,2026-08-12T11:30:00Z,8/12/2026 13:30,Work is in progress.,Enhancing Reliability,20,PO,44,EL NIDO,7/29/2026 6:53,2026-07-31T13:09:34,1:scheduled,2026-07-31T20:20:59Z
136324984,800553699,scheduled,ACTIVE,S,1,Pole Upgrade,,DOWNEY,LOS ANGELES,90241,33.9272081,-118.1119709,2026-08-05T20:00:00Z,8/6/2026 6:00,Work is in progress.,Enhancing Reliability,6,PO,47,LIGHTHIPE,7/24/2026 15:28,2026-07-31T13:09:34,1:scheduled,2026-07-31T20:20:59Z
136349795,800555705,scheduled,ACTIVE,S,35,Upgrading Equipment,,MONTEREY PARK,LOS ANGELES,91755,34.06608745,-118.1092785,2026-08-10T08:00:00Z,8/10/2026 16:00,Work is in progress.,Enhancing Reliability,18,PO,22,MESA,7/29/2026 18:31,2026-07-31T13:09:34,1:scheduled,2026-07-31T20:20:59Z
136325405,800553961,scheduled,ACTIVE,S,1,Upgrading Equipment,,Unincorporated Area,LOS ANGELES,91301,34.12037247,-118.7870711,2026-08-06T11:30:00Z,8/6/2026 12:00,Work is in progress.,Enhancing Reliability,18,PO,35,MOORPARK,7/24/2026 17:19,2026-07-31T13:09:34,1:scheduled,2026-07-31T20:20:59Z
136353941,800556043,scheduled,ACTIVE,S,7,Upgrading Equipment,,TORRANCE,LOS ANGELES,90505,33.81211285,-118.3460533,2026-08-09T20:30:00Z,8/10/2026 4:00,Work is in progress.,Enhancing Reliability,6,PO,44,EL NIDO,7/30/2026 14:24,2026-07-31T13:09:34,1:scheduled,2026-07-31T20:20:59Z
136343210,800555153,scheduled,ACTIVE,S,426,Upgrading Equipment,,LONG BEACH,LOS ANGELES,90810,33.81330115,-118.219291,2026-08-09T09:00:00Z,8/9/2026 14:00,Work is in progress.,Enhancing Reliability,6,PO,46,LIGHTHIPE,7/28/2026 14:09,2026-07-31T13:09:34,1:scheduled,2026-07-31T20:20:59Z
136339293,800554786,scheduled,ACTIVE,S,12,Transformer Upgrade,,CULVER CITY,LOS ANGELES,90232,34.00914774,-118.3913174,2026-08-07T09:30:00Z,8/7/2026 15:30,Work is in progress.,Enhancing Reliability,6,PO,42,EL NIDO,7/27/2026 16:21,2026-07-31T13:09:34,1:scheduled,2026-07-31T20:20:59Z
136325466,800553838,scheduled,ACTIVE,S,82,Pole Upgrade,,CYPRESS,ORANGE,90630,33.80789052,-118.0121504,2026-08-04T09:00:00Z,8/4/2026 17:00,Work is in progress.,Enhancing Reliability,6,PO,48,VILLA PARK,7/24/2026 17:34,2026-07-31T13:09:34,1:scheduled,2026-07-31T20:20:59Z
136317866,800553074,scheduled,ACTIVE,S,1,Pole Upgrade,,Unincorporated Area,LOS ANGELES,91384,34.42884476,-118.690609,2026-08-03T13:00:00Z,8/3/2026 14:00,Work is in progress.,Enhancing Reliability,6,PO,59,SAUGUS,7/22/2026 16:59,2026-07-31T13:09:34,1:scheduled,2026-07-31T20:20:59Z
136358561,800556374,scheduled,ACTIVE,S,80,Transformer Upgrade,,SANTA CLARITA,LOS ANGELES,91355,34.38451256,-118.5550151,2026-08-11T10:00:00Z,8/11/2026 16:00,Work is in progress.,Enhancing Reliability,6,PO,59,SAUGUS,7/31/2026 11:34,2026-07-31T13:09:34,1:scheduled,2026-07-31T20:20:59Z
136349634,800555555,scheduled,ACTIVE,S,683,Cable Upgrade,,LAGUNA WOODS,ORANGE,92653,33.6119456,-117.7497983,2026-08-10T08:00:00Z,8/10/2026 16:00,Work is in progress.,Enhancing Reliability,18,PO,43,ELLIS,7/29/2026 17:27,2026-07-31T13:09:34,1:scheduled,2026-07-31T20:20:59Z
136317805,800553149,scheduled,ACTIVE,S,58,Upgrading Equipment,,Unincorporated Area,LOS ANGELES,93543,34.57617671,-117.9534229,2026-08-03T09:00:00Z,8/3/2026 17:00,Work is in progress.,Enhancing Reliability,6,PO,36,VINCENT,7/22/2026 16:43,2026-07-31T13:09:34,1:scheduled,2026-07-31T20:20:59Z
136342059,800554995,scheduled,ACTIVE,S,40,Transformer Upgrade,,LA HABRA,ORANGE,90631,33.9116404,-117.9563619,2026-08-06T12:00:00Z,8/6/2026 15:30,Work is in progress.,Enhancing Reliability,18,PO,48,VILLA PARK,7/28/2026 10:03,2026-07-31T13:09:34,1:scheduled,2026-07-31T20:20:59Z
136310333,800552620,scheduled,ACTIVE,S,4,Pole Upgrade,,COMMERCE,LOS ANGELES,90040,34.00118304,-118.1583078,2026-08-02T09:00:00Z,8/2/2026 19:00,Work is in progress.,Enhancing Reliability,6,PO,32,LIGHTHIPE,7/21/2026 8:23,2026-07-31T13:09:34,1:scheduled,2026-07-31T20:20:59Z
136348798,800555595,scheduled,ACTIVE,S,36,Upgrading Equipment,,PALOS VERDES ESTATES,LOS ANGELES,90274,33.78383754,-118.3877913,2026-08-03T08:00:00Z,8/3/2026 12:00,Work is in progress.,Enhancing Reliability,18,PO,44,EL NIDO,7/29/2026 13:51,2026-07-31T13:09:34,1:scheduled,2026-07-31T20:20:59Z
136354498,800555979,scheduled,ACTIVE,S,49,Upgrading Equipment,,CARSON,LOS ANGELES,90746,33.86292567,-118.2730232,2026-08-10T09:00:00Z,8/10/2026 15:00,Work is in progress.,Enhancing Reliability,6,PO,32,LIGHTHIPE,7/30/2026 16:35,2026-07-31T13:09:34,1:scheduled,2026-07-31T20:20:59Z
136349334,800555649,scheduled,ACTIVE,S,50,Transformer Upgrade,,SEAL BEACH,ORANGE,90740,33.76701141,-118.0829121,2026-08-10T09:00:00Z,8/10/2026 15:00,Work is in progress.,Enhancing Reliability,6,PO,46,LIGHTHIPE,7/29/2026 16:02,2026-07-31T13:09:34,1:scheduled,2026-07-31T20:20:59Z
136344265,800555251,scheduled,ACTIVE,S,47,Upgrading Equipment,,IRWINDALE,LOS ANGELES,91702,34.12398092,-117.9328636,2026-08-05T22:00:00Z,8/6/2026 3:30,Work is in progress.,Enhancing Reliability,18,PO,27,MESA,7/28/2026 17:38,2026-07-31T13:09:34,1:scheduled,2026-07-31T20:20:59Z
136328219,800553998,scheduled,ACTIVE,S,14,Upgrading Equipment,,WESTMINSTER,ORANGE,92683,33.73995308,-118.0056592,2026-08-04T12:30:00Z,8/4/2026 15:00,Work is in progress.,Enhancing Reliability,6,PO,33,VILLA PARK,7/25/2026 6:24,2026-07-31T13:09:34,1:scheduled,2026-07-31T20:20:59Z
136323485,800553627,scheduled,ACTIVE,S,425,Upgrading Equipment,,CALABASAS,LOS ANGELES,91302,34.14579895,-118.6155726,2026-08-05T21:00:00Z,8/6/2026 5:00,Work is in progress.,Enhancing Reliability,20,PO,35,MOORPARK,7/30/2026 17:50,2026-07-31T13:09:34,1:scheduled,2026-07-31T20:20:59Z
136344209,800555175,scheduled,ACTIVE,S,422,Upgrading Equipment,,YORBA LINDA,ORANGE,92886,33.90556746,-117.8294755,2026-08-07T09:00:00Z,8/7/2026 16:00,Work is in progress.,Enhancing Reliability,6,PO,48,VILLA PARK,7/28/2026 17:14,2026-07-31T13:09:34,1:scheduled,2026-07-31T20:20:59Z
136341941,800555103,scheduled,ACTIVE,S,3,Transformer Upgrade,,CARSON,LOS ANGELES,90810,33.82517108,-118.2326424,2026-08-09T08:00:00Z,8/9/2026 15:00,Work is in progress.,Enhancing Reliability,6,PO,32,LIGHTHIPE,7/28/2026 9:35,2026-07-31T13:09:34,1:scheduled,2026-07-31T20:20:59Z
136354691,800556073,scheduled,ACTIVE,S,152,Upgrading Equipment,,DUARTE,LOS ANGELES,91010,34.14289519,-117.9419591,2026-08-11T10:00:00Z,8/11/2026 13:00,Work is in progress.,Enhancing Reliability,6,PO,27,MESA,7/30/2026 17:47,2026-07-31T13:09:34,1:scheduled,2026-07-31T20:20:59Z
136328223,800553936,scheduled,ACTIVE,S,39,Upgrading Equipment,,Unincorporated Area,LOS ANGELES,90290,34.09715496,-118.5989538,2026-08-07T08:00:00Z,8/7/2026 14:00,Work is in progress.,Enhancing Reliability,6,PO,35,MOORPARK,7/25/2026 6:25,2026-07-31T13:09:34,1:scheduled,2026-07-31T20:20:59Z
136328454,800554163,scheduled,ACTIVE,S,2,Upgrading Equipment,,SOUTH PASADENA,LOS ANGELES,91030,34.11790455,-118.1671991,2026-08-07T09:00:00Z,8/7/2026 14:00,Work is in progress.,Enhancing Reliability,6,PO,27,MESA,7/25/2026 8:08,2026-07-31T13:09:34,1:scheduled,2026-07-31T20:20:59Z
136349298,800555499,scheduled,ACTIVE,S,835,Upgrading Equipment,,WILLOWBROOK,LOS ANGELES,90061,33.91560933,-118.2670459,2026-08-07T22:00:00Z,8/8/2026 6:00,Work is in progress.,Enhancing Reliability,18,PO,32,LIGHTHIPE,7/29/2026 15:51,2026-07-31T13:09:34,1:scheduled,2026-07-31T20:20:59Z
136344151,800555159,scheduled,ACTIVE,S,7,Upgrading Equipment,,Unincorporated Area,LOS ANGELES,91384,34.44208264,-118.6083838,2026-08-07T08:00:00Z,8/7/2026 11:00,Work is in progress.,Enhancing Reliability,18,PO,59,SAUGUS,7/28/2026 17:01,2026-07-31T13:09:34,1:scheduled,2026-07-31T20:20:59Z
136325474,800553907,scheduled,ACTIVE,S,30,Transformer Upgrade,,COMMERCE,LOS ANGELES,90040,33.9774688,-118.1368662,2026-08-01T08:00:00Z,8/1/2026 15:00,Work is in progress.,Enhancing Reliability,6,PO,32,LIGHTHIPE,7/24/2026 17:36,2026-07-31T13:09:34,1:scheduled,2026-07-31T20:20:59Z
136324080,800553763,scheduled,ACTIVE,S,13,Pole Upgrade,,Unincorporated Area,LOS ANGELES,93591,34.58030193,-117.9537278,2026-08-04T08:00:00Z,8/4/2026 19:00,Work is in progress.,Enhancing Reliability,6,PO,36,VINCENT,7/24/2026 11:08,2026-07-31T13:09:34,1:scheduled,2026-07-31T20:20:59Z
136353678,800555928,scheduled,ACTIVE,S,36,Transformer Upgrade,,CALABASAS,LOS ANGELES,91302,34.13251694,-118.6615078,2026-08-11T08:00:00Z,8/11/2026 10:00,Work is in progress.,Enhancing Reliability,18,PO,35,MOORPARK,7/30/2026 13:16,2026-07-31T13:09:34,1:scheduled,2026-07-31T20:20:59Z
136322026,800553526,scheduled,ACTIVE,S,41,Pole Upgrade,,LONG BEACH,LOS ANGELES,90815,33.79713144,-118.142189,2026-08-04T22:00:00Z,8/5/2026 3:00,Work is in progress.,Enhancing Reliability,6,PO,46,LIGHTHIPE,7/23/2026 15:08,2026-07-31T13:09:34,1:scheduled,2026-07-31T20:20:59Z
136344160,800555188,scheduled,ACTIVE,S,2,Transformer Upgrade,,YORBA LINDA,ORANGE,92886,33.89010942,-117.8131706,2026-08-07T21:00:00Z,8/8/2026 1:00,Work is in progress.,Enhancing Reliability,18,PO,48,VILLA PARK,7/28/2026 17:00,2026-07-31T13:09:34,1:scheduled,2026-07-31T20:20:59Z
136317523,800553109,scheduled,ACTIVE,S,80,Transformer Upgrade,,WESTLAKE VILLAGE,LOS ANGELES,91362,34.15157305,-118.7933552,2026-08-03T08:30:00Z,8/3/2026 16:30,Work is in progress.,Enhancing Reliability,18,PO,35,MOORPARK,7/22/2026 15:26,2026-07-31T13:09:34,1:scheduled,2026-07-31T20:20:59Z
136247971,800547785,scheduled,ACTIVE,S,17,Upgrading Equipment,,ARCADIA,LOS ANGELES,91007,34.14514839,-118.0614922,2026-08-06T12:00:00Z,8/6/2026 16:00,Work is in progress.,Enhancing Reliability,20,PO,27,MESA,7/15/2026 15:12,2026-07-31T13:09:34,1:scheduled,2026-07-31T20:20:59Z
136341822,800555067,scheduled,ACTIVE,S,260,Pole Upgrade,,BUENA PARK,ORANGE,90621,33.86317337,-118.0096891,2026-08-06T09:00:00Z,8/6/2026 17:00,Work is in progress.,Enhancing Reliability,6,PO,48,VILLA PARK,7/28/2026 9:22,2026-07-31T13:09:34,1:scheduled,2026-07-31T20:20:59Z
136354676,800556072,scheduled,ACTIVE,S,17,Upgrading Equipment,,LA CANADA FLINTRIDGE,LOS ANGELES,91011,34.22627203,-118.2179548,2026-08-11T09:00:00Z,8/11/2026 16:00,Work is in progress.,Enhancing Reliability,18,PO,27,MESA,7/30/2026 17:38,2026-07-31T13:09:34,1:scheduled,2026-07-31T20:20:59Z
136328844,800554054,scheduled,ACTIVE,S,509,Upgrading Equipment,,SANTA CLARITA,LOS ANGELES,91350,34.45025851,-118.4904379,2026-08-04T10:00:00Z,8/4/2026 15:00,Work is in progress.,Enhancing Reliability,6,PO,59,SAUGUS,7/25/2026 10:06,2026-07-31T13:09:34,1:scheduled,2026-07-31T20:20:59Z
136328861,800554138,scheduled,ACTIVE,S,64,Upgrading Equipment,,COMPTON,LOS ANGELES,90222,33.91060145,-118.2371641,2026-08-10T08:00:00Z,8/10/2026 15:00,Work is in progress.,Enhancing Reliability,18,PO,32,LIGHTHIPE,7/25/2026 10:17,2026-07-31T13:09:34,1:scheduled,2026-07-31T20:20:59Z
136349357,800555625,scheduled,ACTIVE,S,1,Pole Upgrade,,Unincorporated Area,LOS ANGELES,91384,34.47373487,-118.7152507,2026-08-07T12:00:00Z,8/7/2026 15:00,Work is in progress.,Enhancing Reliability,6,PO,59,SAUGUS,7/29/2026 16:16,2026-07-31T13:09:34,1:scheduled,2026-07-31T20:20:59Z
136317001,800552957,scheduled,ACTIVE,S,34,Upgrading Equipment,,EL MONTE,LOS ANGELES,91732,34.07791073,-118.015199,2026-08-04T08:30:00Z,8/4/2026 14:30,Work is in progress.,Enhancing Reliability,6,PO,22,MESA,7/22/2026 13:17,2026-07-31T13:09:34,1:scheduled,2026-07-31T20:20:59Z
136358264,800556400,scheduled,ACTIVE,S,7,Transformer Upgrade,,SANTA CLARITA,LOS ANGELES,91355,34.41909812,-118.5453251,2026-08-11T01:00:00Z,8/11/2026 6:30,Work is in progress.,Enhancing Reliability,6,PO,59,SAUGUS,7/31/2026 10:38,2026-07-31T13:09:34,1:scheduled,2026-07-31T20:20:59Z
136354629,800555957,scheduled,ACTIVE,S,6,Upgrading Equipment,,ARCADIA,LOS ANGELES,91007,34.11156364,-118.0456802,2026-08-06T08:30:00Z,8/6/2026 15:00,Work is in progress.,Enhancing Reliability,6,PO,27,MESA,7/30/2026 17:21,2026-07-31T13:09:34,1:scheduled,2026-07-31T20:20:59Z
136354639,800556058,scheduled,ACTIVE,S,3,Pole Upgrade,,LANCASTER,LOS ANGELES,93535,34.6909357,-118.1280624,2026-08-07T08:30:00Z,8/7/2026 15:00,Work is in progress.,Enhancing Reliability,6,PO,36,VINCENT,7/30/2026 17:23,2026-07-31T13:09:34,1:scheduled,2026-07-31T20:20:59Z
136325006,800553880,scheduled,ACTIVE,S,64,Upgrading Equipment,,LONG BEACH,LOS ANGELES,90802,33.77143516,-118.1822727,2026-08-05T22:00:00Z,8/6/2026 4:00,Work is in progress.,Enhancing Reliability,18,PO,46,LIGHTHIPE,7/24/2026 15:35,2026-07-31T13:09:34,1:scheduled,2026-07-31T20:20:59Z
136358363,800556295,scheduled,ACTIVE,S,13,Pole Upgrade,,Unincorporated Area,LOS ANGELES,93543,34.54827788,-117.9171167,2026-08-10T09:00:00Z,8/10/2026 18:30,Work is in progress.,Enhancing Reliability,6,PO,36,VINCENT,7/31/2026 11:02,2026-07-31T13:09:34,1:scheduled,2026-07-31T20:20:59Z
136321088,800553546,scheduled,ACTIVE,S,37,Upgrading Equipment,,NEWPORT BEACH,ORANGE,92660,33.62521741,-117.9024109,2026-08-03T09:00:00Z,8/3/2026 13:00,Work is in progress.,Enhancing Reliability,6,PO,33,ELLIS,7/23/2026 14:39,2026-07-31T13:09:34,1:scheduled,2026-07-31T20:20:59Z
136355024,800555918,scheduled,ACTIVE,S,13,Upgrading Equipment,,EAST LOS ANGELES,LOS ANGELES,90022,34.02010183,-118.1529305,2026-08-07T20:00:00Z,8/8/2026 8:00,Work is in progress.,Enhancing Reliability,18,PO,22,MESA,7/30/2026 19:34,2026-07-31T13:09:34,1:scheduled,2026-07-31T20:20:59Z
136317077,800553104,scheduled,ACTIVE,S,18,Pole Upgrade,,COMPTON,LOS ANGELES,90220,33.89743042,-118.2481732,2026-08-03T09:00:00Z,8/3/2026 19:00,Work is in progress.,Enhancing Reliability,6,PO,32,LIGHTHIPE,7/22/2026 13:33,2026-07-31T13:09:34,1:scheduled,2026-07-31T20:20:59Z
136339270,800554881,scheduled,ACTIVE,S,6,Pole Upgrade,,LENNOX,LOS ANGELES,90304,33.94307136,-118.369701,2026-08-04T20:30:00Z,8/5/2026 4:30,Work is in progress.,Enhancing Reliability,6,PO,44,EL NIDO,7/27/2026 16:15,2026-07-31T13:09:34,1:scheduled,2026-07-31T20:20:59Z
136328910,800554153,scheduled,ACTIVE,S,26,Upgrading Equipment,,INGLEWOOD,LOS ANGELES,90303,33.93183549,-118.3256027,2026-08-07T21:00:00Z,8/8/2026 5:00,Work is in progress.,Enhancing Reliability,6,PO,44,EL NIDO,7/25/2026 10:30,2026-07-31T13:09:34,1:scheduled,2026-07-31T20:20:59Z
136325450,800553945,scheduled,ACTIVE,S,255,Pole Upgrade,,SANTA ANA,ORANGE,92703,33.73575468,-117.8885351,2026-08-04T08:00:00Z,8/4/2026 16:00,Work is in progress.,Enhancing Reliability,18,PO,29,ELLIS,7/24/2026 17:30,2026-07-31T13:09:34,1:scheduled,2026-07-31T20:20:59Z
136320896,800553505,scheduled,ACTIVE,S,0,Upgrading Equipment,,WESTMINSTER,ORANGE,92683,33.74944862,-117.9998345,2026-08-02T09:00:00Z,8/2/2026 14:00,Work is in progress.,Enhancing Reliability,6,PO,33,VILLA PARK,7/23/2026 13:07,2026-07-31T13:09:34,1:scheduled,2026-07-31T20:20:59Z
136324967,800553842,scheduled,ACTIVE,S,2,Upgrading Equipment,,DOWNEY,LOS ANGELES,90241,33.927631,-118.1138962,2026-08-05T20:00:00Z,8/6/2026 6:00,Work is in progress.,Enhancing Reliability,6,PO,47,LIGHTHIPE,7/24/2026 15:23,2026-07-31T13:09:34,1:scheduled,2026-07-31T20:20:59Z
136348222,800555565,scheduled,ACTIVE,S,5,Transformer Upgrade,,ROLLING HILLS ESTATES,LOS ANGELES,90274,33.78781291,-118.3625644,2026-08-11T09:30:00Z,8/11/2026 15:00,Work is in progress.,Enhancing Reliability,6,PO,44,EL NIDO,7/29/2026 13:02,2026-07-31T13:09:34,1:scheduled,2026-07-31T20:20:59Z
136323418,800553741,scheduled,ACTIVE,S,137,Cable Upgrade,,LANCASTER,LOS ANGELES,93536,34.70182938,-118.2868932,2026-08-03T09:00:00Z,8/3/2026 16:00,Work is in progress.,Enhancing Reliability,6,PO,36,VINCENT,7/24/2026 8:37,2026-07-31T13:09:34,1:scheduled,2026-07-31T20:20:59Z
136323256,800553724,scheduled,ACTIVE,S,2,Upgrading Equipment,,GARDEN GROVE,ORANGE,92841,33.78998494,-118.0036221,2026-08-03T21:00:00Z,8/4/2026 2:00,Work is in progress.,Enhancing Reliability,18,PO,29,VILLA PARK,7/24/2026 8:01,2026-07-31T13:09:34,1:scheduled,2026-07-31T20:20:59Z
136299764,800551857,scheduled,ACTIVE,S,140,Transformer Upgrade,,SANTA ANA,ORANGE,92707,33.70141982,-117.8695297,2026-07-31T15:00:00Z,7/31/2026 19:00,Work is in progress.,Enhancing Reliability,18,PO,29,ELLIS,7/18/2026 9:16,2026-07-31T13:09:34,1:scheduled,2026-07-31T20:20:59Z
136328243,800554010,scheduled,ACTIVE,S,1,Upgrading Equipment,,ALTADENA,LOS ANGELES,91001,34.19110266,-118.1232433,2026-08-06T09:00:00Z,8/6/2026 14:00,Work is in progress.,Enhancing Reliability,6,PO,27,MESA,7/25/2026 6:45,2026-07-31T13:09:34,1:scheduled,2026-07-31T20:20:59Z
136328278,800554104,scheduled,ACTIVE,S,14,Upgrading Equipment,,FOUNTAIN VALLEY,ORANGE,92708,33.72696063,-117.9329349,2026-08-05T12:30:00Z,8/5/2026 15:00,Work is in progress.,Enhancing Reliability,6,PO,33,ELLIS,7/25/2026 7:15,2026-07-31T13:09:35,1:scheduled,2026-07-31T20:20:59Z
136317915,800553129,scheduled,ACTIVE,S,3,Pole Upgrade,,Unincorporated Area,LOS ANGELES,93536,34.77453755,-118.5693218,2026-08-04T08:00:00Z,8/4/2026 16:00,Work is in progress.,Enhancing Reliability,18,PO,36,VINCENT,7/22/2026 17:10,2026-07-31T13:09:35,1:scheduled,2026-07-31T20:20:59Z
136358632,800556350,scheduled,ACTIVE,S,2,Upgrading Equipment,,RANCHO PALOS VERDES,LOS ANGELES,90275,33.73848183,-118.322536,2026-08-10T09:00:00Z,8/10/2026 10:30,Work is in progress.,Enhancing Reliability,18,PO,44,EL NIDO,7/31/2026 11:57,2026-07-31T13:09:35,1:scheduled,2026-07-31T20:20:59Z
136344047,800555158,scheduled,ACTIVE,S,2,Upgrading Equipment,,Unincorporated Area,LOS ANGELES,91390,34.4902163,-118.4600319,2026-08-06T09:00:00Z,8/6/2026 15:00,Work is in progress.,Enhancing Reliability,6,PO,59,SAUGUS,7/28/2026 16:38,2026-07-31T13:09:35,1:scheduled,2026-07-31T20:20:59Z
136354161,800556017,scheduled,ACTIVE,S,59,Upgrading Equipment,,INGLEWOOD,LOS ANGELES,90301,33.95679505,-118.3536081,2026-08-10T09:30:00Z,8/10/2026 16:30,Work is in progress.,Enhancing Reliability,6,PO,44,EL NIDO,7/30/2026 15:27,2026-07-31T13:09:35,1:scheduled,2026-07-31T20:20:59Z
136328766,800554150,scheduled,ACTIVE,S,76,Upgrading Equipment,,TORRANCE,LOS ANGELES,90503,33.84428369,-118.3573941,2026-08-03T09:30:00Z,8/3/2026 17:00,Work is in progress.,Enhancing Reliability,6,PO,44,EL NIDO,7/25/2026 9:52,2026-07-31T13:09:35,1:scheduled,2026-07-31T20:20:59Z
136358641,800556317,scheduled,ACTIVE,S,44,Pole Upgrade,,SANTA CLARITA,LOS ANGELES,91355,34.40751641,-118.5666222,2026-08-12T09:00:00Z,8/12/2026 13:00,Work is in progress.,Enhancing Reliability,6,PO,59,SAUGUS,7/31/2026 11:52,2026-07-31T13:09:35,1:scheduled,2026-07-31T20:20:59Z
136325431,800553868,scheduled,ACTIVE,S,2,Upgrading Equipment,,Unincorporated Area,LOS ANGELES,91301,34.1133076,-118.7760379,2026-08-06T13:30:00Z,8/6/2026 14:00,Work is in progress.,Enhancing Reliability,18,PO,35,MOORPARK,7/24/2026 17:24,2026-07-31T13:09:35,1:scheduled,2026-07-31T20:20:59Z
136317994,800553194,scheduled,ACTIVE,S,16,Upgrading Equipment,,LAKEWOOD,LOS ANGELES,90712,33.84137867,-118.1525395,2026-08-01T09:00:00Z,8/1/2026 15:00,Work is in progress.,Enhancing Reliability,6,PO,46,LIGHTHIPE,7/22/2026 17:33,2026-07-31T13:09:35,1:scheduled,2026-07-31T20:20:59Z
136343941,800555229,scheduled,ACTIVE,S,18,Upgrading Equipment,,FOUNTAIN VALLEY,ORANGE,92708,33.71635934,-117.970908,2026-08-07T01:00:00Z,8/7/2026 6:30,Work is in progress.,Enhancing Reliability,6,PO,33,ELLIS,7/28/2026 16:10,2026-07-31T13:09:35,1:scheduled,2026-07-31T20:20:59Z
136300596,800551967,scheduled,ACTIVE,S,154,Upgrading Equipment,,HUNTINGTON BEACH,ORANGE,92646,33.66020884,-117.9838715,2026-08-03T09:00:00Z,8/3/2026 15:00,Work is in progress.,Enhancing Reliability,6,PO,33,ELLIS,7/18/2026 12:22,2026-07-31T13:09:35,1:scheduled,2026-07-31T20:20:59Z
136343943,800555157,scheduled,ACTIVE,S,182,Upgrading Equipment,,PALMDALE,LOS ANGELES,93552,34.57080327,-118.0413464,2026-08-06T09:00:00Z,8/6/2026 15:00,Work is in progress.,Enhancing Reliability,6,PO,36,VINCENT,7/28/2026 16:14,2026-07-31T13:09:35,1:scheduled,2026-07-31T20:20:59Z
136328245,800553938,scheduled,ACTIVE,S,9,Pole Upgrade,,CHARTER OAK,LOS ANGELES,91724,34.09840679,-117.855199,2026-08-04T09:00:00Z,8/4/2026 19:00,Work is in progress.,Enhancing Reliability,6,PO,26,MIRA LOMA,7/25/2026 6:42,2026-07-31T13:09:35,1:scheduled,2026-07-31T20:20:59Z
136337279,800554700,scheduled,ACTIVE,S,7,Upgrading Equipment,,SOUTH EL MONTE,LOS ANGELES,91733,34.05234074,-118.048394,2026-08-05T11:00:00Z,8/5/2026 13:30,Work is in progress.,Enhancing Reliability,6,PO,22,MESA,7/27/2026 9:36,2026-07-31T13:09:35,1:scheduled,2026-07-31T20:20:59Z
136308316,800552373,scheduled,ACTIVE,S,4,Upgrading Equipment,,DOWNEY,LOS ANGELES,90242,33.92311731,-118.151489,2026-07-31T21:00:00Z,8/1/2026 4:00,Work is in progress.,Enhancing Reliability,6,PO,47,LIGHTHIPE,7/20/2026 14:44,2026-07-31T13:09:35,1:scheduled,2026-07-31T20:20:59Z
136325389,800553885,scheduled,ACTIVE,S,15,Upgrading Equipment,,PALOS VERDES ESTATES,LOS ANGELES,90274,33.79735017,-118.3647295,2026-08-03T08:00:00Z,8/3/2026 10:00,Work is in progress.,Enhancing Reliability,18,PO,44,EL NIDO,7/24/2026 17:13,2026-07-31T13:09:35,1:scheduled,2026-07-31T20:20:59Z
136328261,800553939,scheduled,ACTIVE,S,1,Upgrading Equipment,,CALABASAS,LOS ANGELES,91302,34.14237772,-118.7004175,2026-08-07T08:00:00Z,8/7/2026 14:00,Work is in progress.,Enhancing Reliability,6,PO,35,MOORPARK,7/25/2026 6:54,2026-07-31T13:09:35,1:scheduled,2026-07-31T20:20:59Z
136312051,800552710,scheduled,ACTIVE,S,35,Upgrading Equipment,,ALHAMBRA,LOS ANGELES,91801,34.0859853,-118.1240284,2026-08-02T09:00:00Z,8/2/2026 16:00,Work is in progress.,Enhancing Reliability,6,PO,22,MESA,7/21/2026 15:02,2026-07-31T13:09:35,1:scheduled,2026-07-31T20:20:59Z
136328862,800554204,scheduled,ACTIVE,S,16,Pole Upgrade,,SANTA MONICA,LOS ANGELES,90405,34.00777169,-118.4730362,2026-08-06T08:30:00Z,8/6/2026 17:30,Work is in progress.,Enhancing Reliability,6,PO,42,EL NIDO,7/25/2026 10:15,2026-07-31T13:09:35,1:scheduled,2026-07-31T20:20:59Z
136325479,800553946,scheduled,ACTIVE,S,21,Upgrading Equipment,,SANTA ANA,ORANGE,92704,33.71986342,-117.9063215,2026-08-04T09:00:00Z,8/4/2026 16:00,Work is in progress.,Enhancing Reliability,6,PO,29,ELLIS,7/24/2026 17:37,2026-07-31T13:09:35,1:scheduled,2026-07-31T20:20:59Z
136324788,800553827,scheduled,ACTIVE,S,116,Pole Upgrade,,ROWLAND HEIGHTS,LOS ANGELES,91748,33.98968711,-117.8995236,2026-08-03T08:00:00Z,8/3/2026 16:00,Work is in progress.,Enhancing Reliability,18,PO,26,MIRA LOMA,7/24/2026 14:24,2026-07-31T13:09:35,1:scheduled,2026-07-31T20:20:59Z
136354538,800556141,scheduled,ACTIVE,S,33,Upgrading Equipment,,COMPTON,LOS ANGELES,90221,33.90147585,-118.2063701,2026-08-11T08:00:00Z,8/11/2026 12:00,Work is in progress.,Enhancing Reliability,18,PO,32,LIGHTHIPE,7/30/2026 16:44,2026-07-31T13:09:35,1:scheduled,2026-07-31T20:20:59Z
136328682,800554187,scheduled,ACTIVE,S,1,Transformer Upgrade,,IRVINE,ORANGE,92618,33.66578857,-117.7876401,2026-08-05T13:00:00Z,8/5/2026 15:30,Work is in progress.,Enhancing Reliability,18,PO,43,ELLIS,7/25/2026 9:16,2026-07-31T13:09:35,1:scheduled,2026-07-31T20:20:59Z
136347682,800555418,scheduled,ACTIVE,S,101,Upgrading Equipment,,TEMPLE CITY,LOS ANGELES,91780,34.11095399,-118.0730495,2026-08-10T09:00:00Z,8/10/2026 16:30,Work is in progress.,Enhancing Reliability,18,PO,27,MESA,7/29/2026 10:36,2026-07-31T13:09:35,1:scheduled,2026-07-31T20:20:59Z
136342912,800555150,scheduled,ACTIVE,S,6,Upgrading Equipment,,MONROVIA,LOS ANGELES,91016,34.15484402,-118.007105,2026-08-04T09:30:00Z,8/4/2026 14:00,Work is in progress.,Enhancing Reliability,6,PO,27,MESA,7/28/2026 12:51,2026-07-31T13:09:35,1:scheduled,2026-07-31T20:20:59Z
136358322,800556386,scheduled,ACTIVE,S,4,Pole Upgrade,,SANTA CLARITA,LOS ANGELES,91321,34.37948795,-118.4964697,2026-08-11T08:30:00Z,8/11/2026 15:30,Work is in progress.,Enhancing Reliability,6,PO,59,SAUGUS,7/31/2026 10:51,2026-07-31T13:09:35,1:scheduled,2026-07-31T20:20:59Z
136354806,800556181,scheduled,ACTIVE,S,1,Upgrading Equipment,,HAWTHORNE,LOS ANGELES,90250,33.92289562,-118.3336244,2026-08-10T09:00:00Z,8/10/2026 16:00,Work is in progress.,Enhancing Reliability,6,PO,44,EL NIDO,7/30/2026 18:12,2026-07-31T13:09:35,1:scheduled,2026-07-31T20:20:59Z
136352687,800555776,scheduled,ACTIVE,S,1,Upgrading Equipment,,SANTA FE SPRINGS,LOS ANGELES,90670,33.94656785,-118.0669886,2026-08-11T04:00:00Z,8/11/2026 6:00,Work is in progress.,Enhancing Reliability,6,PO,47,LIGHTHIPE,7/30/2026 9:13,2026-07-31T13:09:35,1:scheduled,2026-07-31T20:20:59Z
136347742,800555452,scheduled,ACTIVE,S,19,Upgrading Equipment,,ROSEMEAD,LOS ANGELES,91770,34.05797209,-118.1046686,2026-08-11T08:30:00Z,8/11/2026 13:30,Work is in progress.,Enhancing Reliability,6,PO,22,MESA,7/29/2026 10:44,2026-07-31T13:09:35,1:scheduled,2026-07-31T20:20:59Z
136328262,800554029,scheduled,ACTIVE,S,7,Upgrading Equipment,,NEWPORT BEACH,ORANGE,92660,33.62437551,-117.8657592,2026-08-05T12:30:00Z,8/5/2026 15:30,Work is in progress.,Enhancing Reliability,6,PO,33,ELLIS,7/25/2026 7:02,2026-07-31T13:09:35,1:scheduled,2026-07-31T20:20:59Z
136336991,800554516,scheduled,ACTIVE,S,2,Upgrading Equipment,,BELLFLOWER,LOS ANGELES,90706,33.87428414,-118.1272763,2026-08-04T09:00:00Z,8/4/2026 15:15,Work is in progress.,Enhancing Reliability,6,PO,32,LIGHTHIPE,7/27/2026 8:40,2026-07-31T13:09:35,1:scheduled,2026-07-31T20:20:59Z
136339156,800554639,scheduled,ACTIVE,S,19,Upgrading Equipment,,Unincorporated Area,LOS ANGELES,90290,34.07462526,-118.6279987,2026-08-07T08:00:00Z,8/7/2026 16:00,Work is in progress.,Enhancing Reliability,18,PO,35,MOORPARK,7/27/2026 15:45,2026-07-31T13:09:35,1:scheduled,2026-07-31T20:20:59Z
136339144,800554657,scheduled,ACTIVE,S,3,Upgrading Equipment,,Unincorporated Area,LOS ANGELES,90290,34.07623226,-118.6178571,2026-08-07T08:00:00Z,8/7/2026 16:00,Work is in progress.,Enhancing Reliability,18,PO,35,MOORPARK,7/27/2026 15:41,2026-07-31T13:09:35,1:scheduled,2026-07-31T20:20:59Z
136325566,800553911,scheduled,ACTIVE,S,30,Upgrading Equipment,,MONTEBELLO,LOS ANGELES,90640,34.0261416,-118.1383909,2026-08-06T07:00:00Z,8/6/2026 17:00,Work is in progress.,Enhancing Reliability,14,PO,22,MESA,7/25/2026 4:56,2026-07-31T13:09:35,1:scheduled,2026-07-31T20:20:59Z
136354665,800555914,scheduled,ACTIVE,S,70,Upgrading Equipment,,ALHAMBRA,LOS ANGELES,91801,34.10390601,-118.130235,2026-08-11T08:00:00Z,8/11/2026 16:00,Work is in progress.,Enhancing Reliability,18,PO,22,MESA,7/30/2026 17:35,2026-07-31T13:09:35,1:scheduled,2026-07-31T20:20:59Z
136328253,800554012,scheduled,ACTIVE,S,19,Upgrading Equipment,,MAYFLOWER VILLAGE,LOS ANGELES,91006,34.11052557,-118.0130018,2026-08-06T13:00:00Z,8/6/2026 16:00,Work is in progress.,Enhancing Reliability,18,PO,27,MESA,7/25/2026 6:53,2026-07-31T13:09:35,1:scheduled,2026-07-31T20:20:59Z
136354345,800556065,scheduled,ACTIVE,S,41,Pole Upgrade,,LA PUENTE,LOS ANGELES,91744,34.02547885,-117.945087,2026-08-10T08:00:00Z,8/10/2026 16:00,Work is in progress.,Enhancing Reliability,18,PO,26,MIRA LOMA,7/30/2026 15:59,2026-07-31T13:09:35,1:scheduled,2026-07-31T20:20:59Z
136354660,800556143,scheduled,ACTIVE,S,30,Transformer Upgrade,,SAN DIMAS,LOS ANGELES,91773,34.12196472,-117.8082564,2026-08-10T09:00:00Z,8/10/2026 15:00,Work is in progress.,Enhancing Reliability,6,PO,26,MIRA LOMA,7/30/2026 17:30,2026-07-31T13:09:35,1:scheduled,2026-07-31T20:20:59Z
136328225,800554063,scheduled,ACTIVE,S,23,Transformer Upgrade,,PLACENTIA,ORANGE,92870,33.86854751,-117.8314997,2026-08-05T08:00:00Z,8/5/2026 11:00,Work is in progress.,Enhancing Reliability,18,PO,48,VILLA PARK,7/25/2026 6:38,2026-07-31T13:09:35,1:scheduled,2026-07-31T20:20:59Z
136299776,800551892,scheduled,ACTIVE,S,2,Upgrading Equipment,,IRVINE,ORANGE,92614,33.69546017,-117.8617122,2026-08-01T08:00:00Z,8/1/2026 15:00,Work is in progress.,Enhancing Reliability,6,PO,43,ELLIS,7/18/2026 9:19,2026-07-31T13:09:35,1:scheduled,2026-07-31T20:20:59Z
136323196,800553592,scheduled,ACTIVE,S,5,Upgrading Equipment,,ORANGE,ORANGE,92868,33.7853559,-117.8894843,2026-08-03T19:30:00Z,8/3/2026 22:30,Work is in progress.,Enhancing Reliability,6,PO,29,VILLA PARK,7/24/2026 7:23,2026-07-31T13:09:35,1:scheduled,2026-07-31T20:20:59Z
136278650,800550286,scheduled,ACTIVE,S,2,Upgrading Equipment,,ARCADIA,LOS ANGELES,91006,34.10301641,-118.0087889,2026-08-07T08:00:00Z,8/7/2026 12:00,Work is in progress.,Enhancing Reliability,6,PO,27,MESA,7/14/2026 10:58,2026-07-31T13:09:35,1:scheduled,2026-07-31T20:20:59Z
136354171,800555995,scheduled,ACTIVE,S,15,Pole Upgrade,,INDUSTRY,LOS ANGELES,91748,33.99301544,-117.9041804,2026-08-05T04:30:00Z,8/5/2026 15:00,Work is in progress.,Enhancing Reliability,18,PO,26,MIRA LOMA,7/30/2026 15:17,2026-07-31T13:09:35,1:scheduled,2026-07-31T20:20:59Z
136310580,800552606,scheduled,ACTIVE,S,8,Upgrading Equipment,,MONTEREY PARK,LOS ANGELES,91755,34.03943959,-118.105901,2026-08-01T08:00:00Z,8/1/2026 14:00,Work is in progress.,Enhancing Reliability,18,PO,22,MESA,7/21/2026 9:03,2026-07-31T13:09:35,1:scheduled,2026-07-31T20:20:59Z
136338073,800554652,scheduled,ACTIVE,S,16,Upgrading Equipment,,INGLEWOOD,LOS ANGELES,90305,33.95859389,-118.3227475,2026-08-07T10:00:00Z,8/7/2026 16:30,Work is in progress.,Enhancing Reliability,6,PO,44,EL NIDO,7/27/2026 12:01,2026-07-31T13:09:35,1:scheduled,2026-07-31T20:20:59Z
136328348,800554106,scheduled,ACTIVE,S,39,Pole Upgrade,,Unincorporated Area,LOS ANGELES,93543,34.57443132,-117.9646733,2026-08-05T10:00:00Z,8/5/2026 19:00,Work is in progress.,Enhancing Reliability,6,PO,36,VINCENT,7/25/2026 7:28,2026-07-31T13:09:35,1:scheduled,2026-07-31T20:20:59Z
136344234,800555190,scheduled,ACTIVE,S,26,Transformer Upgrade,,HUNTINGTON BEACH,ORANGE,92649,33.7125713,-118.0448671,2026-08-07T09:00:00Z,8/7/2026 13:00,Work is in progress.,Enhancing Reliability,6,PO,33,VILLA PARK,7/28/2026 17:21,2026-07-31T13:09:35,1:scheduled,2026-07-31T20:20:59Z
136328271,800554120,scheduled,ACTIVE,S,32,Pole Upgrade,,LA PUENTE,LOS ANGELES,91744,34.03539412,-117.9421693,2026-08-04T09:15:00Z,8/4/2026 15:00,Work is in progress.,Enhancing Reliability,6,PO,26,MIRA LOMA,7/25/2026 7:02,2026-07-31T13:09:35,1:scheduled,2026-07-31T20:20:59Z
136314379,800552697,scheduled,ACTIVE,S,272,Upgrading Equipment,,MONTEREY PARK,LOS ANGELES,91755,34.04821613,-118.1253894,2026-08-03T10:00:00Z,8/3/2026 15:00,Work is in progress.,Enhancing Reliability,6,PO,22,MESA,7/22/2026 7:09,2026-07-31T13:09:35,1:scheduled,2026-07-31T20:20:59Z
136337117,800554556,scheduled,ACTIVE,S,36,Pole Upgrade,,HAWTHORNE,LOS ANGELES,90250,33.90814325,-118.3515623,2026-08-03T08:00:00Z,8/3/2026 11:00,Work is in progress.,Enhancing Reliability,18,PO,44,EL NIDO,7/27/2026 9:10,2026-07-31T13:09:35,1:scheduled,2026-07-31T20:20:59Z
136353384,800555945,scheduled,ACTIVE,S,1,Upgrading Equipment,,FULLERTON,ORANGE,92833,33.88810721,-117.9425669,2026-08-10T09:00:00Z,8/10/2026 16:00,Work is in progress.,Enhancing Reliability,6,PO,48,VILLA PARK,7/30/2026 12:00,2026-07-31T13:09:35,1:scheduled,2026-07-31T20:20:59Z
136328462,800554108,scheduled,ACTIVE,S,15,Upgrading Equipment,,PICO RIVERA,LOS ANGELES,90660,33.99375799,-118.0932249,2026-08-07T09:00:00Z,8/7/2026 13:00,Work is in progress.,Enhancing Reliability,6,PO,47,LIGHTHIPE,7/25/2026 8:12,2026-07-31T13:09:35,1:scheduled,2026-07-31T20:20:59Z
136312665,800552686,scheduled,ACTIVE,S,104,Cable Upgrade,,BUENA PARK,ORANGE,90620,33.83989924,-117.9952055,2026-07-31T23:00:00Z,8/1/2026 6:30,Work is in progress.,Enhancing Reliability,18,PO,48,VILLA PARK,7/21/2026 18:22,2026-07-31T13:09:35,1:scheduled,2026-07-31T20:20:59Z
136341407,800554967,scheduled,ACTIVE,S,15,Upgrading Equipment,,MONTEREY PARK,LOS ANGELES,91755,34.0453556,-118.1025147,2026-08-10T08:30:00Z,8/10/2026 14:00,Work is in progress.,Enhancing Reliability,6,PO,22,MESA,7/28/2026 7:59,2026-07-31T13:09:35,1:scheduled,2026-07-31T20:20:59Z
136296252,800551558,scheduled,ACTIVE,S,26,Upgrading Equipment,,MONTEREY PARK,LOS ANGELES,91755,34.06450715,-118.1119444,2026-08-04T09:00:00Z,8/4/2026 18:30,Work is in progress.,Enhancing Reliability,14,PO,22,MESA,7/29/2026 14:19,2026-07-31T13:09:35,1:scheduled,2026-07-31T20:20:59Z
136328212,800554009,scheduled,ACTIVE,S,11,Upgrading Equipment,,NEWPORT BEACH,ORANGE,92625,33.60526308,-117.8704354,2026-08-04T12:30:00Z,8/4/2026 15:30,Work is in progress.,Enhancing Reliability,6,PO,33,ELLIS,7/25/2026 6:14,2026-07-31T13:09:35,1:scheduled,2026-07-31T20:20:59Z
136353881,800555934,scheduled,ACTIVE,S,81,Upgrading Equipment,,SANTA MONICA,LOS ANGELES,90404,34.01328832,-118.4832824,2026-08-09T09:00:00Z,8/9/2026 17:00,Work is in progress.,Enhancing Reliability,6,PO,42,EL NIDO,7/30/2026 14:11,2026-07-31T13:09:35,1:scheduled,2026-07-31T20:20:59Z
136314447,800552898,scheduled,ACTIVE,S,16,Upgrading Equipment,,MONTEREY PARK,LOS ANGELES,91755,34.06187842,-118.1213904,2026-08-04T00:00:00Z,8/4/2026 8:00,Work is in progress.,Enhancing Reliability,6,PO,22,MESA,7/25/2026 7:28,2026-07-31T13:09:35,1:scheduled,2026-07-31T20:20:59Z
136328222,800553979,scheduled,ACTIVE,S,8,Upgrading Equipment,,LA CANADA FLINTRIDGE,LOS ANGELES,91011,34.20430114,-118.1817758,2026-08-06T08:00:00Z,8/6/2026 16:00,Work is in progress.,Enhancing Reliability,18,PO,27,MESA,7/25/2026 6:26,2026-07-31T13:09:35,1:scheduled,2026-07-31T20:20:59Z
136325548,800553949,scheduled,ACTIVE,S,3,Transformer Upgrade,,CUDAHY,LOS ANGELES,90201,33.96578144,-118.1923681,2026-08-06T09:00:00Z,8/6/2026 18:00,Work is in progress.,Enhancing Reliability,6,PO,32,LIGHTHIPE,7/24/2026 17:57,2026-07-31T13:09:35,1:scheduled,2026-07-31T20:20:59Z
136348882,800555645,scheduled,ACTIVE,S,43,Upgrading Equipment,,RANCHO PALOS VERDES,LOS ANGELES,90275,33.78290036,-118.386786,2026-08-03T08:00:00Z,8/3/2026 12:00,Work is in progress.,Enhancing Reliability,18,PO,44,EL NIDO,7/29/2026 14:04,2026-07-31T13:09:35,1:scheduled,2026-07-31T20:20:59Z
136344144,800555212,scheduled,ACTIVE,S,57,Upgrading Equipment,,SANTA ANA,ORANGE,92706,33.77602339,-117.8722866,2026-08-07T21:00:00Z,8/8/2026 1:00,Work is in progress.,Enhancing Reliability,18,PO,29,VILLA PARK,7/28/2026 16:57,2026-07-31T13:09:35,1:scheduled,2026-07-31T20:20:59Z
136349469,800555690,scheduled,ACTIVE,S,73,Upgrading Equipment,,IRVINE,ORANGE,92602,33.72158327,-117.7908643,2026-08-08T08:00:00Z,8/8/2026 15:00,Work is in progress.,Enhancing Reliability,6,PO,43,ELLIS,7/29/2026 16:50,2026-07-31T13:09:35,1:scheduled,2026-07-31T20:20:59Z
136328489,800554128,scheduled,ACTIVE,S,1,Upgrading Equipment,,LANCASTER,LOS ANGELES,93535,34.6702734,-118.0625641,2026-08-05T12:00:00Z,8/5/2026 18:30,Work is in progress.,Enhancing Reliability,6,PO,36,VINCENT,7/25/2026 8:20,2026-07-31T13:09:35,1:scheduled,2026-07-31T20:20:59Z
136343858,800555225,scheduled,ACTIVE,S,122,Upgrading Equipment,,VIEW PARK-WINDSOR HILLS,LOS ANGELES,90043,33.98985103,-118.3553094,2026-08-12T08:00:00Z,8/12/2026 10:30,Work is in progress.,Enhancing Reliability,20,PO,44,EL NIDO,7/29/2026 6:50,2026-07-31T13:09:35,1:scheduled,2026-07-31T20:20:59Z
136300609,800551954,scheduled,ACTIVE,S,53,Upgrading Equipment,,GARDEN GROVE,ORANGE,92845,33.77716562,-118.0391821,2026-08-03T08:00:00Z,8/3/2026 15:00,Work is in progress.,Enhancing Reliability,18,PO,29,VILLA PARK,7/18/2026 12:28,2026-07-31T13:09:35,1:scheduled,2026-07-31T20:20:59Z
136328752,800554202,scheduled,ACTIVE,S,2,Upgrading Equipment,,Unincorporated Area,LOS ANGELES,91302,34.14156762,-118.7041182,2026-08-05T22:00:00Z,8/6/2026 5:00,Work is in progress.,Enhancing Reliability,6,PO,35,MOORPARK,7/25/2026 9:35,2026-07-31T13:09:35,1:scheduled,2026-07-31T20:20:59Z
136352829,800555816,scheduled,ACTIVE,S,1,Upgrading Equipment,,NEWPORT BEACH,ORANGE,92660,33.64245359,-117.8671646,2026-08-10T09:00:00Z,8/10/2026 11:00,Work is in progress.,Enhancing Reliability,6,PO,33,ELLIS,7/30/2026 9:43,2026-07-31T13:09:35,1:scheduled,2026-07-31T20:20:59Z
136202942,800544860,scheduled,ACTIVE,S,1,Transformer Upgrade,,GARDENA,LOS ANGELES,90249,33.89112479,-118.3157992,2026-08-03T08:00:00Z,8/3/2026 12:00,Work is in progress.,Enhancing Reliability,20,PO,44,EL NIDO,7/10/2026 7:29,2026-07-31T13:09:35,1:scheduled,2026-07-31T20:20:59Z
136310937,800552497,scheduled,ACTIVE,S,2,Upgrading Equipment,,Unincorporated Area,LOS ANGELES,91384,34.45036276,-118.5993263,2026-08-05T05:00:00Z,10/2/2026 16:00,Work is in progress.,Enhancing Reliability,14,PO,59,SAUGUS,7/22/2026 6:49,2026-07-31T13:09:35,1:scheduled,2026-07-31T20:20:59Z
136352296,800555828,scheduled,ACTIVE,S,130,Upgrading Equipment,,SANTA CLARITA,LOS ANGELES,91355,34.4042273,-118.5579251,2026-08-10T09:00:00Z,8/10/2026 15:00,Work is in progress.,Enhancing Reliability,6,PO,59,SAUGUS,7/30/2026 7:50,2026-07-31T13:09:35,1:scheduled,2026-07-31T20:20:59Z
136341205,800554947,scheduled,ACTIVE,S,14,Transformer Upgrade,,ROWLAND HEIGHTS,LOS ANGELES,91748,33.99542001,-117.8828353,2026-08-09T01:00:00Z,8/9/2026 7:00,Work is in progress.,Enhancing Reliability,6,PO,26,MIRA LOMA,7/28/2026 5:54,2026-07-31T13:09:35,1:scheduled,2026-07-31T20:20:59Z
136352242,800555734,scheduled,ACTIVE,S,3,Upgrading Equipment,,ARCADIA,LOS ANGELES,91006,34.14282886,-118.0295332,2026-08-11T08:00:00Z,8/11/2026 15:00,Work is in progress.,Enhancing Reliability,18,PO,27,MESA,7/30/2026 7:25,2026-07-31T13:09:35,1:scheduled,2026-07-31T20:20:59Z
136314405,800552913,scheduled,ACTIVE,S,19,Upgrading Equipment,,MONROVIA,LOS ANGELES,91016,34.15166131,-118.0102787,2026-08-03T22:00:00Z,8/4/2026 6:30,Work is in progress.,Enhancing Reliability,18,PO,27,MESA,7/22/2026 7:17,2026-07-31T13:09:35,1:scheduled,2026-07-31T20:20:59Z
136354675,800555959,scheduled,ACTIVE,S,53,Transformer Upgrade,,LA VERNE,LOS ANGELES,91750,34.1327931,-117.7774199,2026-08-10T09:00:00Z,8/10/2026 15:00,Work is in progress.,Enhancing Reliability,6,PO,26,MIRA LOMA,7/30/2026 17:38,2026-07-31T13:09:35,1:scheduled,2026-07-31T20:20:59Z
136328479,800554145,scheduled,ACTIVE,S,1,Upgrading Equipment,,Unincorporated Area,LOS ANGELES,90601,34.0235945,-118.0360875,2026-08-08T08:00:00Z,8/8/2026 15:00,Work is in progress.,Enhancing Reliability,6,PO,22,MESA,7/25/2026 8:20,2026-07-31T13:09:35,1:scheduled,2026-07-31T20:20:59Z
136325398,800553960,scheduled,ACTIVE,S,61,Transformer Upgrade,,PALMDALE,LOS ANGELES,93552,34.56891643,-118.0481432,2026-08-10T09:00:00Z,8/10/2026 15:00,Work is in progress.,Enhancing Reliability,14,PO,36,VINCENT,7/29/2026 17:17,2026-07-31T13:09:35,1:scheduled,2026-07-31T20:20:59Z
136344187,800555283,scheduled,ACTIVE,S,129,Upgrading Equipment,,SANTA ANA,ORANGE,92704,33.69767168,-117.8947289,2026-08-07T09:00:00Z,8/7/2026 15:00,Work is in progress.,Enhancing Reliability,6,PO,29,ELLIS,7/28/2026 17:06,2026-07-31T13:09:35,1:scheduled,2026-07-31T20:20:59Z
136343875,800555226,scheduled,ACTIVE,S,6,Transformer Upgrade,,DEL AIRE,LOS ANGELES,90045,33.92904523,-118.3769087,2026-08-06T09:30:00Z,8/6/2026 15:00,Work is in progress.,Enhancing Reliability,6,PO,44,EL NIDO,7/28/2026 15:48,2026-07-31T13:09:35,1:scheduled,2026-07-31T20:20:59Z
136339595,800554825,scheduled,ACTIVE,S,2,Pole Upgrade,,VAL VERDE,LOS ANGELES,91384,34.44720586,-118.6640893,2026-08-06T09:00:00Z,8/6/2026 16:00,Work is in progress.,Enhancing Reliability,6,PO,59,SAUGUS,7/27/2026 18:07,2026-07-31T13:09:35,1:scheduled,2026-07-31T20:20:59Z
136328827,800554203,scheduled,ACTIVE,S,1,Pole Upgrade,,EL SEGUNDO,LOS ANGELES,90245,33.92378593,-118.3928821,2026-08-03T21:30:00Z,8/4/2026 4:30,Work is in progress.,Enhancing Reliability,6,PO,44,EL NIDO,7/25/2026 10:01,2026-07-31T13:09:35,1:scheduled,2026-07-31T20:20:59Z
136353020,800555886,scheduled,ACTIVE,S,2,Transformer Upgrade,,Unincorporated Area,LOS ANGELES,93536,34.7007823,-118.2617108,2026-08-06T08:00:00Z,8/6/2026 15:00,Work is in progress.,Enhancing Reliability,6,PO,36,VINCENT,7/30/2026 10:27,2026-07-31T13:09:35,1:scheduled,2026-07-31T20:20:59Z
136357889,800556344,scheduled,ACTIVE,S,38,Pole Upgrade,,Unincorporated Area,LOS ANGELES,93543,34.57443132,-117.9646733,2026-08-11T08:00:00Z,8/11/2026 16:00,Work is in progress.,Enhancing Reliability,6,PO,36,VINCENT,7/31/2026 9:51,2026-07-31T13:09:35,1:scheduled,2026-07-31T20:20:59Z
136348704,800555605,scheduled,ACTIVE,S,0,Pole Upgrade,,LA VERNE,LOS ANGELES,91750,34.10507925,-117.7683166,2026-08-04T09:00:00Z,8/4/2026 15:00,Work is in progress.,Enhancing Reliability,6,PO,26,MIRA LOMA,7/29/2026 13:18,2026-07-31T13:09:35,1:scheduled,2026-07-31T20:20:59Z
136312599,800552735,scheduled,ACTIVE,S,231,Upgrading Equipment,,WEST COVINA,LOS ANGELES,91791,34.07013862,-117.8937259,2026-08-01T22:00:00Z,8/2/2026 5:00,Work is in progress.,Enhancing Reliability,18,PO,26,MIRA LOMA,7/21/2026 17:56,2026-07-31T13:09:35,1:scheduled,2026-07-31T20:20:59Z
136352774,800555882,scheduled,ACTIVE,S,21,Pole Upgrade,,SOUTH WHITTIER,LOS ANGELES,90604,33.92781392,-118.0119502,2026-08-10T05:00:00Z,8/10/2026 18:30,Work is in progress.,Enhancing Reliability,6,PO,48,VILLA PARK,7/30/2026 9:34,2026-07-31T13:09:35,1:scheduled,2026-07-31T20:20:59Z
136341250,800554948,scheduled,ACTIVE,S,28,Upgrading Equipment,,ALTADENA,LOS ANGELES,91001,34.18238547,-118.1463208,2026-08-10T12:00:00Z,8/10/2026 16:00,Work is in progress.,Enhancing Reliability,20,PO,27,MESA,7/29/2026 14:24,2026-07-31T13:09:35,1:scheduled,2026-07-31T20:20:59Z
136348209,800555583,scheduled,ACTIVE,S,9,Transformer Upgrade,,SANTA CLARITA,LOS ANGELES,91387,34.38800863,-118.411105,2026-08-07T09:00:00Z,8/7/2026 14:00,Work is in progress.,Enhancing Reliability,6,PO,59,SAUGUS,7/29/2026 12:14,2026-07-31T13:09:35,1:scheduled,2026-07-31T20:20:59Z
136325763,800553952,scheduled,ACTIVE,S,61,Upgrading Equipment,,LA CRESCENTA-MONTROSE,LOS ANGELES,91214,34.23781108,-118.2287946,2026-08-05T09:00:00Z,8/5/2026 18:30,Work is in progress.,Enhancing Reliability,6,PO,27,MESA,7/24/2026 19:09,2026-07-31T13:09:35,1:scheduled,2026-07-31T20:20:59Z
136358177,800556217,scheduled,ACTIVE,S,81,Upgrading Equipment,,MANHATTAN BEACH,LOS ANGELES,90266,33.88143431,-118.3943232,2026-08-07T22:00:00Z,8/8/2026 6:00,Work is in progress.,Enhancing Reliability,6,PO,44,EL NIDO,7/31/2026 10:26,2026-07-31T13:09:35,1:scheduled,2026-07-31T20:20:59Z
136255354,800548295,scheduled,ACTIVE,S,0,Transformer Upgrade,,Unincorporated Area,LOS ANGELES,90265,34.04416646,-118.5700743,2026-08-06T09:30:00Z,8/6/2026 17:00,Work is in progress.,Enhancing Reliability,14,PO,35,MOORPARK,7/21/2026 12:33,2026-07-31T13:09:35,1:scheduled,2026-07-31T20:20:59Z
136328437,800554066,scheduled,ACTIVE,S,39,Pole Upgrade,,LA PUENTE,LOS ANGELES,91744,34.03645066,-117.9646501,2026-08-07T08:00:00Z,8/7/2026 18:00,Work is in progress.,Enhancing Reliability,18,PO,26,MIRA LOMA,7/25/2026 8:04,2026-07-31T13:09:35,1:scheduled,2026-07-31T20:20:59Z
136337813,800554693,scheduled,ACTIVE,S,0,Transformer Upgrade,,BEVERLY HILLS,LOS ANGELES,90210,34.08736616,-118.4112551,2026-08-04T09:30:00Z,8/4/2026 16:00,Work is in progress.,Enhancing Reliability,6,PO,42,EL NIDO,7/27/2026 10:54,2026-07-31T13:09:35,1:scheduled,2026-07-31T20:20:59Z
136325568,800553872,scheduled,ACTIVE,S,38,Upgrading Equipment,,SEAL BEACH,ORANGE,90740,33.76137699,-118.0782458,2026-08-06T22:00:00Z,8/7/2026 4:00,Work is in progress.,Enhancing Reliability,6,PO,46,LIGHTHIPE,7/24/2026 18:06,2026-07-31T13:09:35,1:scheduled,2026-07-31T20:20:59Z
136316363,800552876,scheduled,ACTIVE,S,10,Upgrading Equipment,,INGLEWOOD,LOS ANGELES,90301,33.96264075,-118.356982,2026-08-02T21:00:00Z,8/3/2026 1:00,Work is in progress.,Enhancing Reliability,6,PO,44,EL NIDO,7/22/2026 11:14,2026-07-31T13:09:35,1:scheduled,2026-07-31T20:20:59Z
136002244,800534248,scheduled,ACTIVE,S,97,Upgrading Equipment,,LAKEWOOD,LOS ANGELES,90715,33.8368287,-118.0871747,2026-08-03T01:00:00Z,8/3/2026 8:00,Work is in progress.,Enhancing Reliability,14,PO,46,LIGHTHIPE,7/10/2026 8:16,2026-07-31T13:09:35,1:scheduled,2026-07-31T20:20:59Z
136349028,800555682,scheduled,ACTIVE,S,17,Upgrading Equipment,,FLORENCE-GRAHAM,LOS ANGELES,90002,33.95496158,-118.2355334,2026-08-10T09:00:00Z,8/10/2026 15:00,Work is in progress.,Enhancing Reliability,6,PO,32,LIGHTHIPE,7/29/2026 14:47,2026-07-31T13:09:35,1:scheduled,2026-07-31T20:20:59Z
136344072,800555281,scheduled,ACTIVE,S,35,Upgrading Equipment,,FULLERTON,ORANGE,92833,33.8939339,-117.9484701,2026-08-07T09:00:00Z,8/7/2026 16:00,Work is in progress.,Enhancing Reliability,6,PO,48,VILLA PARK,7/28/2026 16:45,2026-07-31T13:09:35,1:scheduled,2026-07-31T20:20:59Z
136328173,800553975,scheduled,ACTIVE,S,2,Upgrading Equipment,,HUNTINGTON PARK,LOS ANGELES,90058,33.99115735,-118.2279883,2026-08-07T10:00:00Z,8/7/2026 18:00,Work is in progress.,Enhancing Reliability,6,PO,32,LIGHTHIPE,7/25/2026 5:33,2026-07-31T13:09:35,1:scheduled,2026-07-31T20:20:59Z
136348161,800555456,scheduled,ACTIVE,S,16,Pole Upgrade,,LANCASTER,LOS ANGELES,93534,34.69277666,-118.1314044,2026-08-06T17:00:00Z,8/6/2026 22:00,Work is in progress.,Enhancing Reliability,6,PO,36,VINCENT,7/29/2026 12:04,2026-07-31T13:09:35,1:scheduled,2026-07-31T20:20:59Z
136320552,800553404,scheduled,ACTIVE,S,1,Upgrading Equipment,,YORBA LINDA,ORANGE,92886,33.89045615,-117.8140499,2026-08-01T09:00:00Z,8/1/2026 16:00,Work is in progress.,Enhancing Reliability,6,PO,48,VILLA PARK,7/23/2026 11:20,2026-07-31T13:09:35,1:scheduled,2026-07-31T20:20:59Z
136349441,800555667,scheduled,ACTIVE,S,46,Pole Upgrade,,SANTA ANA,ORANGE,92705,33.76636762,-117.8340199,2026-08-06T08:00:00Z,8/6/2026 16:00,Work is in progress.,Enhancing Reliability,18,PO,29,VILLA PARK,7/29/2026 16:40,2026-07-31T13:09:35,1:scheduled,2026-07-31T20:20:59Z
136328428,800554032,scheduled,ACTIVE,S,65,Pole Upgrade,,LA PUENTE,LOS ANGELES,91744,34.01334896,-117.9340657,2026-08-07T08:00:00Z,8/7/2026 17:00,Work is in progress.,Enhancing Reliability,18,PO,26,MIRA LOMA,7/25/2026 8:01,2026-07-31T13:09:35,1:scheduled,2026-07-31T20:20:59Z
136342596,800555113,scheduled,ACTIVE,S,4,Upgrading Equipment,,Unincorporated Area,LOS ANGELES,91301,34.10301717,-118.7207613,2026-08-03T17:00:00Z,8/4/2026 1:30,Work is in progress.,Enhancing Reliability,18,PO,35,MOORPARK,7/28/2026 12:01,2026-07-31T13:09:35,1:scheduled,2026-07-31T20:20:59Z
136339497,800554715,scheduled,ACTIVE,S,4,Pole Upgrade,,LANCASTER,LOS ANGELES,93534,34.64586129,-118.168716,2026-08-05T00:30:00Z,8/5/2026 11:00,Work is in progress.,Enhancing Reliability,6,PO,36,VINCENT,7/27/2026 17:26,2026-07-31T13:09:35,1:scheduled,2026-07-31T20:20:59Z
136299546,800551851,scheduled,ACTIVE,S,0,Upgrading Equipment,,SOUTH PASADENA,LOS ANGELES,91030,34.10488257,-118.1455766,2026-08-03T08:00:00Z,8/3/2026 10:00,Work is in progress.,Enhancing Reliability,18,PO,27,MESA,7/18/2026 8:18,2026-07-31T13:09:35,1:scheduled,2026-07-31T20:20:59Z
136347655,800555398,scheduled,ACTIVE,S,61,Upgrading Equipment,,MONROVIA,LOS ANGELES,91016,34.15200051,-117.9881984,2026-08-10T08:30:00Z,8/10/2026 16:30,Work is in progress.,Enhancing Reliability,18,PO,27,MESA,7/29/2026 10:30,2026-07-31T13:09:35,1:scheduled,2026-07-31T20:20:59Z
136311432,800552596,scheduled,ACTIVE,S,22,Pole Upgrade,,COVINA,LOS ANGELES,91723,34.07972608,-117.8886699,2026-08-02T08:00:00Z,8/2/2026 15:00,Work is in progress.,Enhancing Reliability,6,PO,26,MIRA LOMA,7/21/2026 11:58,2026-07-31T13:09:35,1:scheduled,2026-07-31T20:20:59Z
136357639,800556239,scheduled,ACTIVE,S,1,Transformer Upgrade,,LONG BEACH,LOS ANGELES,90803,33.76368142,-118.1161752,2026-08-11T09:30:00Z,8/11/2026 13:00,Work is in progress.,Enhancing Reliability,6,PO,46,LIGHTHIPE,7/31/2026 9:04,2026-07-31T13:09:35,1:scheduled,2026-07-31T20:20:59Z
136325493,800553925,scheduled,ACTIVE,S,50,Pole Upgrade,,BUENA PARK,ORANGE,90620,33.84982791,-118.0105616,2026-08-03T21:00:00Z,8/4/2026 3:00,Work is in progress.,Enhancing Reliability,18,PO,48,VILLA PARK,7/24/2026 17:43,2026-07-31T13:09:35,1:scheduled,2026-07-31T20:20:59Z
136317637,800553184,scheduled,ACTIVE,S,17,Upgrading Equipment,,GLENDORA,LOS ANGELES,91741,34.1322976,-117.8215397,2026-08-03T08:00:00Z,8/3/2026 15:30,Work is in progress.,Enhancing Reliability,18,PO,26,MIRA LOMA,7/22/2026 15:53,2026-07-31T13:09:35,1:scheduled,2026-07-31T20:20:59Z
136299745,800551928,scheduled,ACTIVE,S,317,Upgrading Equipment,,LAKE LOS ANGELES,LOS ANGELES,93535,34.62308267,-117.8515447,2026-08-13T09:00:00Z,8/13/2026 14:00,Work is in progress.,Enhancing Reliability,14,PO,36,VINCENT,7/30/2026 13:41,2026-07-31T13:09:35,1:scheduled,2026-07-31T20:20:59Z
136324923,800553793,scheduled,ACTIVE,S,0,Upgrading Equipment,,SANTA FE SPRINGS,LOS ANGELES,90670,33.94359895,-118.0551139,2026-08-01T08:00:00Z,8/1/2026 13:00,Work is in progress.,Enhancing Reliability,6,PO,47,LIGHTHIPE,7/24/2026 15:09,2026-07-31T13:09:35,1:scheduled,2026-07-31T20:20:59Z
136316229,800553035,scheduled,ACTIVE,S,15,Upgrading Equipment,,BALDWIN PARK,LOS ANGELES,91706,34.10235219,-117.9562249,2026-08-04T08:00:00Z,8/4/2026 14:00,Work is in progress.,Enhancing Reliability,18,PO,27,MESA,7/22/2026 10:35,2026-07-31T13:09:35,1:scheduled,2026-07-31T20:20:59Z
136308865,800552418,scheduled,ACTIVE,S,11,Pole Upgrade,,POMONA,LOS ANGELES,91766,34.05783773,-117.7565761,2026-07-31T18:00:00Z,8/1/2026 4:00,Work is in progress.,Enhancing Reliability,6,PO,26,MIRA LOMA,7/20/2026 17:52,2026-07-31T13:09:35,1:scheduled,2026-07-31T20:20:59Z
136353674,800555948,scheduled,ACTIVE,S,99,Upgrading Equipment,,HUNTINGTON BEACH,ORANGE,92646,33.65288831,-117.9783951,2026-08-10T10:00:00Z,8/10/2026 14:00,Work is in progress.,Enhancing Reliability,6,PO,33,ELLIS,7/30/2026 13:23,2026-07-31T13:09:35,1:scheduled,2026-07-31T20:20:59Z
136316176,800552973,scheduled,ACTIVE,S,20,Upgrading Equipment,,SIERRA MADRE,LOS ANGELES,91024,34.16222235,-118.0647586,2026-08-04T01:30:00Z,8/4/2026 6:30,Work is in progress.,Enhancing Reliability,18,PO,27,MESA,7/22/2026 10:26,2026-07-31T13:09:35,1:scheduled,2026-07-31T20:20:59Z
136325562,800553815,scheduled,ACTIVE,S,8,Transformer Upgrade,,SANTA FE SPRINGS,LOS ANGELES,90670,33.91613254,-118.0448573,2026-08-06T01:00:00Z,8/6/2026 6:00,Work is in progress.,Enhancing Reliability,6,PO,47,LIGHTHIPE,7/24/2026 18:03,2026-07-31T13:09:35,1:scheduled,2026-07-31T20:20:59Z
136317762,800553148,scheduled,ACTIVE,S,1,Upgrading Equipment,,STANTON,ORANGE,90680,33.80673803,-117.9906668,2026-08-03T07:30:00Z,8/3/2026 16:00,Work is in progress.,Enhancing Reliability,6,PO,48,VILLA PARK,7/22/2026 16:34,2026-07-31T13:09:35,1:scheduled,2026-07-31T20:20:59Z
136349055,800555684,scheduled,ACTIVE,S,0,Upgrading Equipment,,GARDEN GROVE,ORANGE,92841,33.79803057,-118.0032841,2026-07-31T23:00:00Z,8/1/2026 5:00,Work is in progress.,Enhancing Reliability,6,PO,29,VILLA PARK,7/29/2026 14:59,2026-07-31T13:09:35,1:scheduled,2026-07-31T20:20:59Z
136321999,800553511,scheduled,ACTIVE,S,27,Upgrading Equipment,,SANTA ANA,ORANGE,92706,33.75645897,-117.8706567,2026-08-03T09:00:00Z,8/3/2026 13:00,Work is in progress.,Enhancing Reliability,6,PO,29,VILLA PARK,7/23/2026 14:58,2026-07-31T13:09:35,1:scheduled,2026-07-31T20:20:59Z
136328459,800554164,scheduled,ACTIVE,S,24,Pole Upgrade,,VALINDA,LOS ANGELES,91744,34.04911928,-117.9409802,2026-08-08T08:00:00Z,8/8/2026 16:00,Work is in progress.,Enhancing Reliability,6,PO,26,MIRA LOMA,7/25/2026 8:11,2026-07-31T13:09:35,1:scheduled,2026-07-31T20:20:59Z
136317032,800552978,scheduled,ACTIVE,S,1,Upgrading Equipment,,CARSON,LOS ANGELES,90810,33.83818575,-118.2351044,2026-08-03T15:00:00Z,8/3/2026 18:00,Work is in progress.,Enhancing Reliability,14,PO,32,LIGHTHIPE,7/23/2026 9:24,2026-07-31T13:09:35,1:scheduled,2026-07-31T20:20:59Z
136336605,800554510,scheduled,ACTIVE,S,24,Pole Upgrade,,RANCHO PALOS VERDES,LOS ANGELES,90275,33.78533572,-118.382555,2026-08-04T08:30:00Z,8/4/2026 16:00,Work is in progress.,Enhancing Reliability,18,PO,44,EL NIDO,7/27/2026 7:59,2026-07-31T13:09:35,1:scheduled,2026-07-31T20:20:59Z
136325515,800553886,scheduled,ACTIVE,S,31,Pole Upgrade,,LONG BEACH,LOS ANGELES,90805,33.87607604,-118.1961774,2026-08-06T09:00:00Z,8/6/2026 14:30,Work is in progress.,Enhancing Reliability,6,PO,46,LIGHTHIPE,7/24/2026 17:47,2026-07-31T13:09:35,1:scheduled,2026-07-31T20:20:59Z
136328891,800554114,scheduled,ACTIVE,S,63,Upgrading Equipment,,BELLFLOWER,LOS ANGELES,90706,33.8785164,-118.1279621,2026-08-10T09:00:00Z,8/10/2026 16:00,Work is in progress.,Enhancing Reliability,6,PO,32,LIGHTHIPE,7/25/2026 10:28,2026-07-31T13:09:35,1:scheduled,2026-07-31T20:20:59Z
136319512,800553288,scheduled,ACTIVE,S,134,Upgrading Equipment,,CALABASAS,LOS ANGELES,91302,34.15755395,-118.6967379,2026-08-04T08:00:00Z,8/4/2026 14:00,Work is in progress.,Enhancing Reliability,18,PO,35,MOORPARK,7/23/2026 15:46,2026-07-31T13:09:35,1:scheduled,2026-07-31T20:20:59Z
136349752,800555668,scheduled,ACTIVE,S,409,Upgrading Equipment,,SOUTH EL MONTE,LOS ANGELES,91733,34.04567158,-118.0503738,2026-08-06T22:00:00Z,8/7/2026 6:30,Work is in progress.,Enhancing Reliability,18,PO,22,MESA,7/29/2026 18:15,2026-07-31T13:09:35,1:scheduled,2026-07-31T20:20:59Z
136338482,800554698,scheduled,ACTIVE,S,147,Upgrading Equipment,,LA HABRA,ORANGE,90631,33.9272655,-117.9569626,2026-08-06T09:00:00Z,8/6/2026 15:00,Work is in progress.,Enhancing Reliability,6,PO,48,VILLA PARK,7/27/2026 13:25,2026-07-31T13:09:35,1:scheduled,2026-07-31T20:20:59Z
136353892,800555899,scheduled,ACTIVE,S,5,Upgrading Equipment,,MALIBU,LOS ANGELES,90265,34.0427901,-118.9139633,2026-08-11T08:00:00Z,8/11/2026 13:00,Work is in progress.,Enhancing Reliability,18,PO,35,MOORPARK,7/30/2026 14:05,2026-07-31T13:09:35,1:scheduled,2026-07-31T20:20:59Z
136324505,800553803,scheduled,ACTIVE,S,79,Upgrading Equipment,,ARCADIA,LOS ANGELES,91006,34.17374058,-118.0218276,2026-08-04T08:00:00Z,8/4/2026 14:00,Work is in progress.,Enhancing Reliability,18,PO,27,MESA,7/24/2026 13:10,2026-07-31T13:09:35,1:scheduled,2026-07-31T20:20:59Z
136321077,800553397,scheduled,ACTIVE,S,24,Upgrading Equipment,,LAKEWOOD,LOS ANGELES,90713,33.8634572,-118.1104667,2026-08-04T09:00:00Z,8/4/2026 15:15,Work is in progress.,Enhancing Reliability,6,PO,46,LIGHTHIPE,7/23/2026 14:25,2026-07-31T13:09:35,1:scheduled,2026-07-31T20:20:59Z
136328183,800554008,scheduled,ACTIVE,S,77,Pole Upgrade,,LONG BEACH,LOS ANGELES,90805,33.87055,-118.1806371,2026-08-08T09:00:00Z,8/8/2026 16:00,Work is in progress.,Enhancing Reliability,6,PO,46,LIGHTHIPE,7/25/2026 5:50,2026-07-31T13:09:35,1:scheduled,2026-07-31T20:20:59Z
136325372,800553835,scheduled,ACTIVE,S,505,Upgrading Equipment,,HAWTHORNE,LOS ANGELES,90250,33.9050099,-118.3745712,2026-08-03T08:00:00Z,8/3/2026 16:00,Work is in progress.,Enhancing Reliability,18,PO,44,EL NIDO,7/24/2026 17:09,2026-07-31T13:09:35,1:scheduled,2026-07-31T20:20:59Z
136354673,800556105,scheduled,ACTIVE,S,12,Upgrading Equipment,,LONG BEACH,LOS ANGELES,90807,33.83777868,-118.1898062,2026-08-11T09:00:00Z,8/11/2026 11:00,Work is in progress.,Enhancing Reliability,6,PO,46,LIGHTHIPE,7/30/2026 17:36,2026-07-31T13:09:35,1:scheduled,2026-07-31T20:20:59Z
136339649,800554769,scheduled,ACTIVE,S,7,Upgrading Equipment,,GARDEN GROVE,ORANGE,92843,33.74984432,-117.9424282,2026-08-05T08:00:00Z,8/5/2026 15:00,Work is in progress.,Enhancing Reliability,18,PO,29,VILLA PARK,7/27/2026 18:19,2026-07-31T13:09:35,1:scheduled,2026-07-31T20:20:59Z
136341420,800554985,scheduled,ACTIVE,S,53,Pole Upgrade,,EL SEGUNDO,LOS ANGELES,90245,33.92245755,-118.4115352,2026-08-03T08:00:00Z,8/3/2026 15:00,Work is in progress.,Enhancing Reliability,18,PO,44,EL NIDO,7/28/2026 8:07,2026-07-31T13:09:35,1:scheduled,2026-07-31T20:20:59Z
136349519,800555576,scheduled,ACTIVE,S,597,Upgrading Equipment,,IRVINE,ORANGE,92612,33.64953804,-117.8256227,2026-08-08T08:30:00Z,8/8/2026 18:30,Work is in progress.,Enhancing Reliability,6,PO,43,ELLIS,7/29/2026 17:05,2026-07-31T13:09:35,1:scheduled,2026-07-31T20:20:59Z
136343331,800555205,scheduled,ACTIVE,S,34,Upgrading Equipment,,LONG BEACH,LOS ANGELES,90804,33.78291317,-118.1606925,2026-08-09T09:00:00Z,8/9/2026 15:00,Work is in progress.,Enhancing Reliability,6,PO,46,LIGHTHIPE,7/28/2026 14:36,2026-07-31T13:09:35,1:scheduled,2026-07-31T20:20:59Z
136352910,800555779,scheduled,ACTIVE,S,76,Upgrading Equipment,,COSTA MESA,ORANGE,92627,33.65240983,-117.9042265,2026-08-10T09:00:00Z,8/10/2026 10:30,Work is in progress.,Enhancing Reliability,6,PO,33,ELLIS,7/30/2026 10:12,2026-07-31T13:09:35,1:scheduled,2026-07-31T20:20:59Z
136344194,800555174,scheduled,ACTIVE,S,144,Transformer Upgrade,,NEWPORT BEACH,ORANGE,92663,33.62567206,-117.9107512,2026-08-07T09:30:00Z,8/7/2026 14:00,Work is in progress.,Enhancing Reliability,6,PO,33,ELLIS,7/28/2026 17:08,2026-07-31T13:09:35,1:scheduled,2026-07-31T20:20:59Z
136341342,800555024,scheduled,ACTIVE,S,90,Upgrading Equipment,,ROSEMEAD,LOS ANGELES,91770,34.06022284,-118.0826617,2026-08-08T09:00:00Z,8/8/2026 16:00,Work is in progress.,Enhancing Reliability,6,PO,22,MESA,7/28/2026 7:27,2026-07-31T13:09:35,1:scheduled,2026-07-31T20:20:59Z
136344210,800555320,scheduled,ACTIVE,S,2,Cable Upgrade,,HUNTINGTON BEACH,ORANGE,92647,33.74514438,-118.0263877,2026-08-08T07:30:00Z,8/8/2026 13:00,Work is in progress.,Enhancing Reliability,6,PO,33,VILLA PARK,7/28/2026 17:15,2026-07-31T13:09:35,1:scheduled,2026-07-31T20:20:59Z
136341287,800554950,scheduled,ACTIVE,S,60,Upgrading Equipment,,LA CANADA FLINTRIDGE,LOS ANGELES,91011,34.18233441,-118.1795009,2026-08-06T17:30:00Z,8/7/2026 6:30,Work is in progress.,Enhancing Reliability,18,PO,27,MESA,7/28/2026 6:48,2026-07-31T13:09:35,1:scheduled,2026-07-31T20:20:59Z
136308892,800552541,scheduled,ACTIVE,S,11,Pole Upgrade,,Unincorporated Area,LOS ANGELES,93543,34.55949521,-117.9520773,2026-08-01T09:00:00Z,8/1/2026 18:30,Work is in progress.,Enhancing Reliability,6,PO,36,VINCENT,7/20/2026 18:06,2026-07-31T13:09:35,1:scheduled,2026-07-31T20:20:59Z
136354735,800555916,scheduled,ACTIVE,S,6,Cable Upgrade,,TORRANCE,LOS ANGELES,90277,33.80430631,-118.3876104,2026-08-10T09:30:00Z,8/10/2026 15:00,Work is in progress.,Enhancing Reliability,6,PO,44,EL NIDO,7/30/2026 18:05,2026-07-31T13:09:35,1:scheduled,2026-07-31T20:20:59Z
136358897,800556445,scheduled,ACTIVE,S,10,Upgrading Equipment,,BALDWIN PARK,LOS ANGELES,91706,34.10184174,-117.9454843,2026-08-06T09:45:00Z,8/6/2026 14:00,Work is in progress.,Enhancing Reliability,6,PO,27,MESA,7/31/2026 13:06,2026-07-31T13:09:35,1:scheduled,2026-07-31T20:20:59Z
136321008,800553435,scheduled,ACTIVE,S,212,Pole Upgrade,,LONG BEACH,LOS ANGELES,90815,33.80392259,-118.1313968,2026-08-04T09:00:00Z,8/4/2026 15:00,Work is in progress.,Enhancing Reliability,6,PO,46,LIGHTHIPE,7/23/2026 13:50,2026-07-31T13:09:35,1:scheduled,2026-07-31T20:20:59Z
136321007,800553508,scheduled,ACTIVE,S,4,Upgrading Equipment,,LA HABRA HEIGHTS,LOS ANGELES,90631,33.95639769,-117.93762,2026-08-03T09:00:00Z,8/3/2026 16:30,Work is in progress.,Enhancing Reliability,6,PO,48,VILLA PARK,7/23/2026 13:56,2026-07-31T13:09:35,1:scheduled,2026-07-31T20:20:59Z
136328735,800554149,scheduled,ACTIVE,S,16,Pole Upgrade,,GLENDORA,LOS ANGELES,91741,34.15305006,-117.8656341,2026-08-05T08:00:00Z,8/5/2026 17:00,Work is in progress.,Enhancing Reliability,18,PO,26,MIRA LOMA,7/25/2026 9:27,2026-07-31T13:09:35,1:scheduled,2026-07-31T20:20:59Z
136325503,800553980,scheduled,ACTIVE,S,263,Upgrading Equipment,,LAGUNA WOODS,ORANGE,92653,33.61043065,-117.7391979,2026-08-07T01:30:00Z,8/7/2026 6:30,Work is in progress.,Enhancing Reliability,14,PO,43,ELLIS,7/31/2026 9:29,2026-07-31T13:09:36,1:scheduled,2026-07-31T20:20:59Z
136343103,800555096,scheduled,ACTIVE,S,77,Upgrading Equipment,,NORWALK,LOS ANGELES,90650,33.91807827,-118.067941,2026-08-07T22:00:00Z,8/8/2026 5:00,Work is in progress.,Enhancing Reliability,6,PO,47,LIGHTHIPE,7/28/2026 13:38,2026-07-31T13:09:36,1:scheduled,2026-07-31T20:20:59Z
136317790,800553164,scheduled,ACTIVE,S,3,Cable Upgrade,,NEWPORT BEACH,ORANGE,92660,33.61996204,-117.8781363,2026-08-01T09:00:00Z,8/1/2026 12:00,Work is in progress.,Enhancing Reliability,6,PO,33,ELLIS,7/22/2026 16:43,2026-07-31T13:09:36,1:scheduled,2026-07-31T20:20:59Z
136264194,800549244,scheduled,ACTIVE,S,3,Pole Upgrade,,Unincorporated Area,LOS ANGELES,93552,34.57557192,-117.9715347,2026-08-07T08:00:00Z,8/7/2026 17:00,Work is in progress.,Enhancing Reliability,14,PO,36,VINCENT,7/18/2026 12:34,2026-07-31T13:09:36,1:scheduled,2026-07-31T20:20:59Z
136341838,800555018,scheduled,ACTIVE,S,1,Pole Upgrade,,DOWNEY,LOS ANGELES,90241,33.9272081,-118.1119709,2026-08-06T20:00:00Z,8/7/2026 7:00,Work is in progress.,Enhancing Reliability,6,PO,47,LIGHTHIPE,7/28/2026 9:19,2026-07-31T13:09:36,1:scheduled,2026-07-31T20:20:59Z
136347435,800555413,scheduled,ACTIVE,S,0,Upgrading Equipment,,BALDWIN PARK,LOS ANGELES,91706,34.10109157,-117.9454966,2026-08-06T09:30:00Z,8/6/2026 14:00,Work is in progress.,Enhancing Reliability,6,PO,27,MESA,7/29/2026 9:48,2026-07-31T13:09:36,1:scheduled,2026-07-31T20:20:59Z
136355044,800556112,scheduled,ACTIVE,S,76,Upgrading Equipment,,EAST LOS ANGELES,LOS ANGELES,90022,34.02220846,-118.1528971,2026-08-07T20:00:00Z,8/8/2026 8:00,Work is in progress.,Enhancing Reliability,18,PO,22,MESA,7/30/2026 19:37,2026-07-31T13:09:36,1:scheduled,2026-07-31T20:20:59Z
136320987,800553523,scheduled,ACTIVE,S,9,Upgrading Equipment,,SIGNAL HILL,LOS ANGELES,90755,33.80498943,-118.168295,2026-08-04T04:00:00Z,8/4/2026 6:00,Work is in progress.,Enhancing Reliability,6,PO,46,LIGHTHIPE,7/23/2026 13:46,2026-07-31T13:09:36,1:scheduled,2026-07-31T20:20:59Z
136328601,800554200,scheduled,ACTIVE,S,162,Pole Upgrade,,ORANGE,ORANGE,92867,33.81202505,-117.8332468,2026-08-04T21:00:00Z,8/5/2026 3:00,Work is in progress.,Enhancing Reliability,18,PO,29,VILLA PARK,7/25/2026 8:52,2026-07-31T13:09:36,1:scheduled,2026-07-31T20:20:59Z
136328901,800554205,scheduled,ACTIVE,S,301,Upgrading Equipment,,WEST HOLLYWOOD,LOS ANGELES,90046,34.09620621,-118.3623496,2026-08-08T09:00:00Z,8/8/2026 16:00,Work is in progress.,Enhancing Reliability,6,PO,42,EL NIDO,7/25/2026 10:28,2026-07-31T13:09:36,1:scheduled,2026-07-31T20:20:59Z
136325151,800553864,scheduled,ACTIVE,S,3,Transformer Upgrade,,Unincorporated Area,LOS ANGELES,91750,34.12948621,-117.7480022,2026-08-04T08:00:00Z,8/4/2026 11:00,Work is in progress.,Enhancing Reliability,18,PO,26,MIRA LOMA,7/24/2026 16:22,2026-07-31T13:09:36,1:scheduled,2026-07-31T20:20:59Z
136354650,800555913,scheduled,ACTIVE,S,43,Upgrading Equipment,,CARSON,LOS ANGELES,90745,33.81821179,-118.2821965,2026-08-11T09:00:00Z,8/11/2026 18:00,Work is in progress.,Enhancing Reliability,6,PO,32,LIGHTHIPE,7/30/2026 17:27,2026-07-31T13:09:36,1:scheduled,2026-07-31T20:20:59Z
136317014,800553140,scheduled,ACTIVE,S,44,Upgrading Equipment,,DOWNEY,LOS ANGELES,90242,33.92260989,-118.1215806,2026-08-03T09:00:00Z,8/3/2026 18:00,Work is in progress.,Enhancing Reliability,6,PO,47,LIGHTHIPE,7/22/2026 13:20,2026-07-31T13:09:36,1:scheduled,2026-07-31T20:20:59Z
136316993,800553124,scheduled,ACTIVE,S,19,Pole Upgrade,,FLORENCE-GRAHAM,LOS ANGELES,90001,33.97184186,-118.251472,2026-08-03T08:00:00Z,8/3/2026 14:00,Work is in progress.,Enhancing Reliability,18,PO,32,LIGHTHIPE,7/22/2026 13:16,2026-07-31T13:09:36,1:scheduled,2026-07-31T20:20:59Z
136283305,800550534,scheduled,ACTIVE,S,30,Upgrading Equipment,,LA CANADA FLINTRIDGE,LOS ANGELES,91011,34.20949945,-118.1870753,2026-08-10T08:00:00Z,8/10/2026 16:00,Work is in progress.,Enhancing Reliability,18,PO,27,MESA,7/15/2026 9:56,2026-07-31T13:09:36,1:scheduled,2026-07-31T20:20:59Z
136328178,800553934,scheduled,ACTIVE,S,1,Upgrading Equipment,,PARAMOUNT,LOS ANGELES,90723,33.88491971,-118.1671431,2026-08-08T08:00:00Z,8/8/2026 18:00,Work is in progress.,Enhancing Reliability,6,PO,32,LIGHTHIPE,7/25/2026 5:44,2026-07-31T13:09:36,1:scheduled,2026-07-31T20:20:59Z
136251381,800548200,scheduled,ACTIVE,S,62,Pole Upgrade,,LA HABRA HEIGHTS,LOS ANGELES,90631,33.95854186,-117.9517014,2026-08-10T09:00:00Z,8/10/2026 15:00,Work is in progress.,Enhancing Reliability,20,PO,48,VILLA PARK,7/27/2026 7:26,2026-07-31T13:09:36,1:scheduled,2026-07-31T20:20:59Z
136354456,800556070,scheduled,ACTIVE,S,70,Pole Upgrade,,ORANGE,ORANGE,92866,33.78533883,-117.8452814,2026-08-10T09:30:00Z,8/10/2026 16:00,Work is in progress.,Enhancing Reliability,18,PO,29,VILLA PARK,7/30/2026 16:30,2026-07-31T13:09:36,1:scheduled,2026-07-31T20:20:59Z
136328493,800554184,scheduled,ACTIVE,S,35,Cable Upgrade,,WEST COVINA,LOS ANGELES,91791,34.07057005,-117.8931056,2026-08-06T08:30:00Z,8/6/2026 16:30,Work is in progress.,Enhancing Reliability,18,PO,26,MIRA LOMA,7/25/2026 8:22,2026-07-31T13:09:36,1:scheduled,2026-07-31T20:20:59Z
136347600,800555471,scheduled,ACTIVE,S,5,Pole Upgrade,,LITTLEROCK,LOS ANGELES,93543,34.52530435,-117.9731599,2026-08-06T09:00:00Z,8/6/2026 17:00,Work is in progress.,Enhancing Reliability,6,PO,36,VINCENT,7/29/2026 10:19,2026-07-31T13:09:36,1:scheduled,2026-07-31T20:20:59Z
136328207,800554025,scheduled,ACTIVE,S,119,Upgrading Equipment,,EL MONTE,LOS ANGELES,91733,34.05865241,-118.0328333,2026-08-06T08:00:00Z,8/6/2026 16:30,Work is in progress.,Enhancing Reliability,18,PO,22,MESA,7/25/2026 6:07,2026-07-31T13:09:36,1:scheduled,2026-07-31T20:20:59Z
136347996,800555561,scheduled,ACTIVE,S,27,Pole Upgrade,,QUARTZ HILL,LOS ANGELES,93536,34.67182731,-118.2209793,2026-08-06T08:30:00Z,8/6/2026 16:30,Work is in progress.,Enhancing Reliability,6,PO,36,VINCENT,7/29/2026 11:52,2026-07-31T13:09:36,1:scheduled,2026-07-31T20:20:59Z
136321993,800553547,scheduled,ACTIVE,S,35,Cable Upgrade,,CARSON,LOS ANGELES,90746,33.84925597,-118.2558135,2026-08-04T09:00:00Z,8/4/2026 17:00,Work is in progress.,Enhancing Reliability,6,PO,32,LIGHTHIPE,7/23/2026 14:46,2026-07-31T13:09:36,1:scheduled,2026-07-31T20:20:59Z
136328451,800554034,scheduled,ACTIVE,S,28,Upgrading Equipment,,HACIENDA HEIGHTS,LOS ANGELES,91745,34.01299714,-117.964451,2026-08-07T09:00:00Z,8/7/2026 15:00,Work is in progress.,Enhancing Reliability,6,PO,26,MIRA LOMA,7/25/2026 8:08,2026-07-31T13:09:36,1:scheduled,2026-07-31T20:20:59Z
136341800,800554969,scheduled,ACTIVE,S,2,Upgrading Equipment,,DOWNEY,LOS ANGELES,90241,33.927631,-118.1138962,2026-08-06T20:00:00Z,8/7/2026 7:00,Work is in progress.,Enhancing Reliability,6,PO,47,LIGHTHIPE,7/28/2026 9:10,2026-07-31T13:09:36,1:scheduled,2026-07-31T20:20:59Z
136255499,800548483,scheduled,ACTIVE,S,18,Upgrading Equipment,,CERRITOS,LOS ANGELES,90703,33.86906003,-118.0366769,2026-08-13T09:00:00Z,8/13/2026 15:00,Work is in progress.,Enhancing Reliability,14,PO,46,LIGHTHIPE,7/23/2026 8:47,2026-07-31T13:09:36,1:scheduled,2026-07-31T20:20:59Z
136338028,800554709,scheduled,ACTIVE,S,41,Pole Upgrade,,INGLEWOOD,LOS ANGELES,90302,33.97706279,-118.3391895,2026-08-06T09:30:00Z,8/6/2026 17:00,Work is in progress.,Enhancing Reliability,6,PO,44,EL NIDO,7/27/2026 11:48,2026-07-31T13:09:36,1:scheduled,2026-07-31T20:20:59Z
136325519,800553981,scheduled,ACTIVE,S,49,Upgrading Equipment,,SEAL BEACH,ORANGE,90740,33.77557887,-118.0564333,2026-08-04T12:00:00Z,8/4/2026 14:30,Work is in progress.,Enhancing Reliability,6,PO,33,VILLA PARK,7/24/2026 17:49,2026-07-31T13:09:36,1:scheduled,2026-07-31T20:20:59Z
136349272,800555665,scheduled,ACTIVE,S,271,Upgrading Equipment,,WILLOWBROOK,LOS ANGELES,90059,33.92167968,-118.2694709,2026-08-08T05:00:00Z,8/8/2026 6:00,Work is in progress.,Enhancing Reliability,18,PO,32,LIGHTHIPE,7/29/2026 15:45,2026-07-31T13:09:36,1:scheduled,2026-07-31T20:20:59Z
136328281,800554121,scheduled,ACTIVE,S,42,Upgrading Equipment,,TEMPLE CITY,LOS ANGELES,91780,34.10691336,-118.0528997,2026-08-07T00:00:00Z,8/7/2026 7:00,Work is in progress.,Enhancing Reliability,6,PO,27,MESA,7/25/2026 7:09,2026-07-31T13:09:36,1:scheduled,2026-07-31T20:20:59Z
136328465,800554182,scheduled,ACTIVE,S,18,Upgrading Equipment,,COVINA,LOS ANGELES,91723,34.08894885,-117.8910227,2026-08-06T01:00:00Z,8/6/2026 5:00,Work is in progress.,Enhancing Reliability,6,PO,26,MIRA LOMA,7/25/2026 8:14,2026-07-31T13:09:36,1:scheduled,2026-07-31T20:20:59Z
136354320,800556030,scheduled,ACTIVE,S,207,Pole Upgrade,,Unincorporated Area,LOS ANGELES,91724,34.07679952,-117.8505175,2026-08-10T08:00:00Z,8/10/2026 15:00,Work is in progress.,Enhancing Reliability,18,PO,26,MIRA LOMA,7/30/2026 15:54,2026-07-31T13:09:36,1:scheduled,2026-07-31T20:20:59Z
136343047,800555116,scheduled,ACTIVE,S,15,Upgrading Equipment,,GARDEN GROVE,ORANGE,92844,33.7687941,-117.9827472,2026-08-03T08:00:00Z,8/3/2026 12:00,Work is in progress.,Enhancing Reliability,18,PO,29,VILLA PARK,7/28/2026 13:25,2026-07-31T13:09:36,1:scheduled,2026-07-31T20:20:59Z
136323313,800553610,scheduled,ACTIVE,S,9,Pole Upgrade,,CALABASAS,LOS ANGELES,91302,34.13878608,-118.6233463,2026-08-04T21:00:00Z,8/5/2026 5:00,Work is in progress.,Enhancing Reliability,20,PO,35,MOORPARK,7/30/2026 14:55,2026-07-31T13:09:36,1:scheduled,2026-07-31T20:20:59Z
136349254,800555574,scheduled,ACTIVE,S,429,Upgrading Equipment,,SANTA ANA,ORANGE,92706,33.77111927,-117.9031743,2026-08-06T00:30:00Z,8/6/2026 4:30,Work is in progress.,Enhancing Reliability,6,PO,29,ELLIS,7/29/2026 15:42,2026-07-31T13:09:36,1:scheduled,2026-07-31T20:20:59Z
136328715,800554169,scheduled,ACTIVE,S,0,Pole Upgrade,,Unincorporated Area,LOS ANGELES,93543,34.43580408,-117.9313028,2026-08-05T16:00:00Z,8/5/2026 17:00,Work is in progress.,Enhancing Reliability,18,PO,36,VINCENT,7/25/2026 9:18,2026-07-31T13:09:36,1:scheduled,2026-07-31T20:20:59Z
136328478,800554036,scheduled,ACTIVE,S,2,Pole Upgrade,,WEST COVINA,LOS ANGELES,91791,34.05572167,-117.9132152,2026-08-06T08:00:00Z,8/6/2026 16:00,Work is in progress.,Enhancing Reliability,6,PO,26,MIRA LOMA,7/25/2026 8:18,2026-07-31T13:09:36,1:scheduled,2026-07-31T20:20:59Z
136328890,800554055,scheduled,ACTIVE,S,21,Upgrading Equipment,,BEVERLY HILLS,LOS ANGELES,90211,34.0640191,-118.3859941,2026-08-04T09:00:00Z,8/4/2026 17:00,Work is in progress.,Enhancing Reliability,6,PO,42,EL NIDO,7/25/2026 10:29,2026-07-31T13:09:36,1:scheduled,2026-07-31T20:20:59Z
136354015,800556006,scheduled,ACTIVE,S,17,Pole Upgrade,,TORRANCE,LOS ANGELES,90505,33.81854249,-118.360311,2026-08-10T09:00:00Z,8/10/2026 14:30,Work is in progress.,Enhancing Reliability,18,PO,44,EL NIDO,7/30/2026 14:38,2026-07-31T13:09:36,1:scheduled,2026-07-31T20:20:59Z
136312422,800552820,scheduled,ACTIVE,S,12,Pole Upgrade,,Unincorporated Area,LOS ANGELES,90290,34.1038364,-118.6308419,2026-08-01T08:00:00Z,8/1/2026 16:00,Work is in progress.,Enhancing Reliability,18,PO,35,MOORPARK,7/21/2026 16:48,2026-07-31T13:09:36,1:scheduled,2026-07-31T20:20:59Z
136328420,800554144,scheduled,ACTIVE,S,39,Pole Upgrade,,WEST COVINA,LOS ANGELES,91791,34.07070204,-117.8945607,2026-08-07T08:00:00Z,8/7/2026 16:00,Work is in progress.,Enhancing Reliability,18,PO,26,MIRA LOMA,7/25/2026 7:57,2026-07-31T13:09:36,1:scheduled,2026-07-31T20:20:59Z
136320721,800553503,scheduled,ACTIVE,S,30,Upgrading Equipment,,MONTEBELLO,LOS ANGELES,90640,34.0261416,-118.1383909,2026-08-04T07:00:00Z,8/4/2026 17:00,Work is in progress.,Enhancing Reliability,6,PO,22,MESA,7/23/2026 12:17,2026-07-31T13:09:36,1:scheduled,2026-07-31T20:20:59Z
136288541,800550929,scheduled,ACTIVE,S,113,Cable Upgrade,,WEST HOLLYWOOD,LOS ANGELES,90046,34.09716492,-118.3685656,2026-08-05T20:30:00Z,8/6/2026 5:00,Work is in progress.,Enhancing Reliability,14,PO,42,EL NIDO,7/29/2026 15:39,2026-07-31T13:09:36,1:scheduled,2026-07-31T20:20:59Z
136343038,800555164,scheduled,ACTIVE,S,32,Upgrading Equipment,,LA MIRADA,LOS ANGELES,90638,33.92175389,-118.0047115,2026-08-03T08:00:00Z,8/3/2026 14:00,Work is in progress.,Enhancing Reliability,18,PO,48,VILLA PARK,7/28/2026 13:23,2026-07-31T13:09:36,1:scheduled,2026-07-31T20:20:59Z
136322005,800553409,scheduled,ACTIVE,S,175,Pole Upgrade,,LA VERNE,LOS ANGELES,91750,34.11541977,-117.756123,2026-08-03T08:00:00Z,8/3/2026 17:00,Work is in progress.,Enhancing Reliability,18,PO,26,MIRA LOMA,7/23/2026 14:51,2026-07-31T13:09:36,1:scheduled,2026-07-31T20:20:59Z
136300584,800551988,scheduled,ACTIVE,S,6,Upgrading Equipment,,HUNTINGTON BEACH,ORANGE,92646,33.67649483,-117.979352,2026-08-03T09:00:00Z,8/3/2026 11:00,Work is in progress.,Enhancing Reliability,6,PO,33,ELLIS,7/18/2026 12:18,2026-07-31T13:09:36,1:scheduled,2026-07-31T20:20:59Z
136358304,800556385,scheduled,ACTIVE,S,16,Upgrading Equipment,,BEVERLY HILLS,LOS ANGELES,90211,34.06285484,-118.3859858,2026-08-11T09:00:00Z,8/11/2026 11:00,Work is in progress.,Enhancing Reliability,6,PO,42,EL NIDO,7/31/2026 10:52,2026-07-31T13:09:36,1:scheduled,2026-07-31T20:20:59Z
136354374,800555908,scheduled,ACTIVE,S,12,Pole Upgrade,,POMONA,LOS ANGELES,91767,34.08688077,-117.7457352,2026-08-10T08:00:00Z,8/10/2026 15:00,Work is in progress.,Enhancing Reliability,18,PO,26,MIRA LOMA,7/30/2026 16:05,2026-07-31T13:09:36,1:scheduled,2026-07-31T20:20:59Z
136317930,800553091,scheduled,ACTIVE,S,31,Transformer Upgrade,,AGOURA HILLS,LOS ANGELES,91301,34.14464177,-118.7640351,2026-08-03T21:00:00Z,8/4/2026 3:00,Work is in progress.,Enhancing Reliability,18,PO,35,MOORPARK,7/22/2026 17:15,2026-07-31T13:09:36,1:scheduled,2026-07-31T20:20:59Z
136341318,800554873,scheduled,ACTIVE,S,5,Upgrading Equipment,,ARCADIA,LOS ANGELES,91006,34.15725867,-118.0328166,2026-08-07T09:00:00Z,8/7/2026 16:00,Work is in progress.,Enhancing Reliability,6,PO,27,MESA,7/28/2026 7:15,2026-07-31T13:09:36,1:scheduled,2026-07-31T20:20:59Z
136347782,800555487,scheduled,ACTIVE,S,53,Transformer Upgrade,,LANCASTER,LOS ANGELES,93534,34.66139801,-118.1471403,2026-08-07T09:00:00Z,8/7/2026 13:00,Work is in progress.,Enhancing Reliability,6,PO,36,VINCENT,7/29/2026 10:59,2026-07-31T13:09:36,1:scheduled,2026-07-31T20:20:59Z
136352428,800555773,scheduled,ACTIVE,S,11,Upgrading Equipment,,Unincorporated Area,LOS ANGELES,91384,34.44064333,-118.6076168,2026-08-10T17:30:00Z,8/11/2026 4:30,Work is in progress.,Enhancing Reliability,18,PO,59,SAUGUS,7/30/2026 8:25,2026-07-31T13:09:36,1:scheduled,2026-07-31T20:20:59Z
136343082,800555095,scheduled,ACTIVE,S,8,Upgrading Equipment,,PARAMOUNT,LOS ANGELES,90723,33.88648121,-118.1761171,2026-08-06T09:00:00Z,8/6/2026 15:00,Work is in progress.,Enhancing Reliability,6,PO,32,LIGHTHIPE,7/28/2026 13:32,2026-07-31T13:09:36,1:scheduled,2026-07-31T20:20:59Z
136317873,800553167,scheduled,ACTIVE,S,3,Upgrading Equipment,,SANTA CLARITA,LOS ANGELES,91350,34.42685258,-118.5347947,2026-08-04T00:00:00Z,8/4/2026 4:00,Work is in progress.,Enhancing Reliability,6,PO,59,SAUGUS,7/22/2026 17:02,2026-07-31T13:09:36,1:scheduled,2026-07-31T20:20:59Z
136308499,800552433,scheduled,ACTIVE,S,17,Upgrading Equipment,,FOUNTAIN VALLEY,ORANGE,92708,33.6964226,-117.9491774,2026-08-04T12:00:00Z,8/4/2026 15:00,Work is in progress.,Enhancing Reliability,6,PO,33,ELLIS,7/20/2026 15:35,2026-07-31T13:09:36,1:scheduled,2026-07-31T20:20:59Z
136352199,800555733,scheduled,ACTIVE,S,136,Upgrading Equipment,,GLENDORA,LOS ANGELES,91741,34.13237772,-117.8588673,2026-08-06T08:00:00Z,8/6/2026 15:00,Work is in progress.,Enhancing Reliability,18,PO,26,MIRA LOMA,7/30/2026 6:52,2026-07-31T13:09:36,1:scheduled,2026-07-31T20:20:59Z
136342301,800554997,scheduled,ACTIVE,S,290,Transformer Upgrade,,LA HABRA,ORANGE,90631,33.92076995,-117.9609909,2026-08-07T08:30:00Z,8/7/2026 14:00,Work is in progress.,Enhancing Reliability,18,PO,48,VILLA PARK,7/28/2026 10:57,2026-07-31T13:09:36,1:scheduled,2026-07-31T20:20:59Z
136344200,800555264,scheduled,ACTIVE,S,32,Upgrading Equipment,,WESTMINSTER,ORANGE,92683,33.76958494,-118.0176228,2026-08-07T09:00:00Z,8/7/2026 11:00,Work is in progress.,Enhancing Reliability,6,PO,33,VILLA PARK,7/28/2026 17:11,2026-07-31T13:09:36,1:scheduled,2026-07-31T20:20:59Z
136343997,800555261,scheduled,ACTIVE,S,181,Upgrading Equipment,,PALMDALE,LOS ANGELES,93550,34.58419932,-118.1213768,2026-08-05T10:00:00Z,8/5/2026 18:30,Work is in progress.,Enhancing Reliability,6,PO,36,VINCENT,7/28/2026 16:22,2026-07-31T13:09:36,1:scheduled,2026-07-31T20:20:59Z
136252024,800548096,scheduled,ACTIVE,S,26,Upgrading Equipment,,LA HABRA,ORANGE,90631,33.9208937,-117.9432927,2026-08-02T09:00:00Z,8/2/2026 16:00,Work is in progress.,Enhancing Reliability,14,PO,48,VILLA PARK,7/15/2026 7:13,2026-07-31T13:09:36,1:scheduled,2026-07-31T20:20:59Z
136325113,800553901,scheduled,ACTIVE,S,66,Upgrading Equipment,,WEST COVINA,LOS ANGELES,91791,34.06648441,-117.8937687,2026-08-04T07:30:00Z,8/4/2026 16:00,Work is in progress.,Enhancing Reliability,18,PO,26,MIRA LOMA,7/24/2026 16:06,2026-07-31T13:09:36,1:scheduled,2026-07-31T20:20:59Z
136347158,800555410,scheduled,ACTIVE,S,120,Upgrading Equipment,,Unincorporated Area,LOS ANGELES,93591,34.58453128,-117.9580992,2026-08-06T09:00:00Z,8/6/2026 20:00,Work is in progress.,Enhancing Reliability,6,PO,36,VINCENT,7/29/2026 9:04,2026-07-31T13:09:36,1:scheduled,2026-07-31T20:20:59Z
136317837,800553188,scheduled,ACTIVE,S,2,Pole Upgrade,,Unincorporated Area,LOS ANGELES,91384,34.43062399,-118.6904507,2026-08-03T11:30:00Z,8/3/2026 13:00,Work is in progress.,Enhancing Reliability,6,PO,59,SAUGUS,7/22/2026 16:53,2026-07-31T13:09:36,1:scheduled,2026-07-31T20:20:59Z
136320310,800553422,scheduled,ACTIVE,S,2,Pole Upgrade,,Unincorporated Area,LOS ANGELES,90265,34.04566932,-118.7728852,2026-08-03T08:00:00Z,8/3/2026 14:00,Work is in progress.,Enhancing Reliability,18,PO,35,MOORPARK,7/24/2026 10:19,2026-07-31T13:09:36,1:scheduled,2026-07-31T20:20:59Z
136352384,800555846,scheduled,ACTIVE,S,55,Pole Upgrade,,WESTMINSTER,ORANGE,92683,33.76246723,-117.9872344,2026-08-05T08:30:00Z,8/5/2026 16:00,Work is in progress.,Enhancing Reliability,18,PO,33,VILLA PARK,7/30/2026 8:17,2026-07-31T13:09:36,1:scheduled,2026-07-31T20:20:59Z
136324024,800553801,scheduled,ACTIVE,S,29,Upgrading Equipment,,COMPTON,LOS ANGELES,90222,33.9105936,-118.2362153,2026-08-05T08:00:00Z,8/5/2026 15:00,Work is in progress.,Enhancing Reliability,18,PO,32,LIGHTHIPE,7/24/2026 10:49,2026-07-31T13:09:36,1:scheduled,2026-07-31T20:20:59Z
136210558,800545302,scheduled,ACTIVE,S,2,Pole Upgrade,,HUNTINGTON PARK,LOS ANGELES,90001,33.98818847,-118.2381867,2026-08-01T08:00:00Z,8/1/2026 19:00,Work is in progress.,Enhancing Reliability,14,PO,32,LIGHTHIPE,7/9/2026 13:26,2026-07-31T13:09:36,1:scheduled,2026-07-31T20:20:59Z
136336809,800554680,scheduled,ACTIVE,S,2,Upgrading Equipment,,LA MIRADA,LOS ANGELES,90638,33.90957171,-118.0111988,2026-08-06T08:00:00Z,8/6/2026 11:00,Work is in progress.,Enhancing Reliability,18,PO,48,VILLA PARK,7/27/2026 8:37,2026-07-31T13:09:36,1:scheduled,2026-07-31T20:20:59Z
136336582,800554537,scheduled,ACTIVE,S,22,Pole Upgrade,,RANCHO PALOS VERDES,LOS ANGELES,90275,33.78535609,-118.3814798,2026-08-04T08:30:00Z,8/4/2026 16:00,Work is in progress.,Enhancing Reliability,18,PO,44,EL NIDO,7/27/2026 7:47,2026-07-31T13:09:36,1:scheduled,2026-07-31T20:20:59Z
136215225,800545636,scheduled,ACTIVE,S,7,Upgrading Equipment,,LA CANADA FLINTRIDGE,LOS ANGELES,91011,34.22054297,-118.205469,2026-08-12T08:00:00Z,8/12/2026 16:00,Work is in progress.,Enhancing Reliability,20,PO,27,MESA,7/24/2026 9:55,2026-07-31T13:09:36,1:scheduled,2026-07-31T20:20:59Z
136358714,800556376,scheduled,ACTIVE,S,8,Upgrading Equipment,,BELLFLOWER,LOS ANGELES,90706,33.88391639,-118.1152731,2026-08-12T09:00:00Z,8/12/2026 15:00,Work is in progress.,Enhancing Reliability,6,PO,32,LIGHTHIPE,7/31/2026 12:11,2026-07-31T13:09:36,1:scheduled,2026-07-31T20:20:59Z
136328884,800554220,scheduled,ACTIVE,S,4,Transformer Upgrade,,RANCHO PALOS VERDES,LOS ANGELES,90275,33.78580322,-118.3743079,2026-08-07T09:30:00Z,8/7/2026 16:00,Work is in progress.,Enhancing Reliability,6,PO,44,EL NIDO,7/25/2026 10:23,2026-07-31T13:09:36,1:scheduled,2026-07-31T20:20:59Z
136261877,800548814,scheduled,ACTIVE,S,12,Pole Upgrade,,WESTMINSTER,ORANGE,92683,33.7655435,-117.984348,2026-08-06T08:00:00Z,8/6/2026 17:00,Work is in progress.,Enhancing Reliability,20,PO,33,VILLA PARK,7/20/2026 15:32,2026-07-31T13:09:36,1:scheduled,2026-07-31T20:20:59Z
136323441,800553710,scheduled,ACTIVE,S,2,Transformer Upgrade,,MALIBU,LOS ANGELES,90265,34.01038169,-118.8087911,2026-08-05T12:00:00Z,8/5/2026 15:00,Work is in progress.,Enhancing Reliability,6,PO,35,MOORPARK,7/24/2026 8:42,2026-07-31T13:09:36,1:scheduled,2026-07-31T20:20:59Z
136328339,800554105,scheduled,ACTIVE,S,11,Pole Upgrade,,HUNTINGTON BEACH,ORANGE,92647,33.73658579,-118.0203328,2026-08-06T09:00:00Z,8/6/2026 16:00,Work is in progress.,Enhancing Reliability,6,PO,33,VILLA PARK,7/25/2026 7:27,2026-07-31T13:09:36,1:scheduled,2026-07-31T20:20:59Z
136322019,800553410,scheduled,ACTIVE,S,80,Pole Upgrade,,LA MIRADA,LOS ANGELES,90638,33.90147471,-118.011048,2026-08-04T21:00:00Z,8/5/2026 3:00,Work is in progress.,Enhancing Reliability,18,PO,47,LIGHTHIPE,7/23/2026 15:04,2026-07-31T13:09:36,1:scheduled,2026-07-31T20:20:59Z
136324041,800553733,scheduled,ACTIVE,S,0,Upgrading Equipment,,LONG BEACH,LOS ANGELES,90803,33.76038526,-118.1506967,2026-08-05T13:00:00Z,8/5/2026 15:00,Work is in progress.,Enhancing Reliability,6,PO,46,LIGHTHIPE,7/24/2026 10:53,2026-07-31T13:09:36,1:scheduled,2026-07-31T20:20:59Z
136344182,800555282,scheduled,ACTIVE,S,8,Upgrading Equipment,,TUSTIN,ORANGE,92782,33.72890721,-117.7969947,2026-08-07T21:00:00Z,8/8/2026 4:30,Work is in progress.,Enhancing Reliability,6,PO,29,VILLA PARK,7/28/2026 17:05,2026-07-31T13:09:36,1:scheduled,2026-07-31T20:20:59Z
136317047,800553160,scheduled,ACTIVE,S,16,Upgrading Equipment,,LAKEWOOD,LOS ANGELES,90712,33.85671487,-118.1302985,2026-08-03T09:00:00Z,8/3/2026 15:00,Work is in progress.,Enhancing Reliability,6,PO,46,LIGHTHIPE,7/22/2026 13:26,2026-07-31T13:09:36,1:scheduled,2026-07-31T20:20:59Z
136321052,800553448,scheduled,ACTIVE,S,683,Upgrading Equipment,,LAGUNA WOODS,ORANGE,92653,33.6119456,-117.7497983,2026-08-03T08:00:00Z,8/3/2026 16:00,Work is in progress.,Enhancing Reliability,18,PO,43,ELLIS,7/23/2026 14:16,2026-07-31T13:09:36,1:scheduled,2026-07-31T20:20:59Z
136325029,800553881,scheduled,ACTIVE,S,3,Upgrading Equipment,,LONG BEACH,LOS ANGELES,90807,33.83605212,-118.1891562,2026-08-05T23:00:00Z,8/6/2026 3:00,Work is in progress.,Enhancing Reliability,6,PO,46,LIGHTHIPE,7/24/2026 15:40,2026-07-31T13:09:36,1:scheduled,2026-07-31T20:20:59Z
136328244,800553855,scheduled,ACTIVE,S,9,Upgrading Equipment,,NEWPORT BEACH,ORANGE,92625,33.5984994,-117.8595397,2026-08-05T12:30:00Z,8/5/2026 15:30,Work is in progress.,Enhancing Reliability,6,PO,33,ELLIS,7/25/2026 6:50,2026-07-31T13:09:36,1:scheduled,2026-07-31T20:20:59Z
136316938,800552996,scheduled,ACTIVE,S,22,Pole Upgrade,,FLORENCE-GRAHAM,LOS ANGELES,90001,33.97263544,-118.2509854,2026-08-03T08:00:00Z,8/3/2026 14:00,Work is in progress.,Enhancing Reliability,18,PO,32,LIGHTHIPE,7/22/2026 12:59,2026-07-31T13:09:36,1:scheduled,2026-07-31T20:20:59Z
136344245,800555284,scheduled,ACTIVE,S,169,Upgrading Equipment,,SANTA ANA,ORANGE,92706,33.7753755,-117.8713716,2026-08-08T01:00:00Z,8/8/2026 4:00,Work is in progress.,Enhancing Reliability,18,PO,29,VILLA PARK,7/28/2026 17:25,2026-07-31T13:09:36,1:scheduled,2026-07-31T20:20:59Z
136328829,800554072,scheduled,ACTIVE,S,20,Upgrading Equipment,,Unincorporated Area,LOS ANGELES,91302,34.15257476,-118.6650683,2026-08-07T08:00:00Z,8/7/2026 10:00,Work is in progress.,Enhancing Reliability,18,PO,35,MOORPARK,7/25/2026 10:00,2026-07-31T13:09:36,1:scheduled,2026-07-31T20:20:59Z
136343923,800555139,scheduled,ACTIVE,S,63,Upgrading Equipment,,TORRANCE,LOS ANGELES,90503,33.84843561,-118.3460968,2026-08-07T09:00:00Z,8/7/2026 14:00,Work is in progress.,Enhancing Reliability,6,PO,44,EL NIDO,7/28/2026 16:05,2026-07-31T13:09:36,1:scheduled,2026-07-31T20:20:59Z
136343950,800555210,scheduled,ACTIVE,S,0,Transformer Upgrade,,PALOS VERDES ESTATES,LOS ANGELES,90274,33.79104265,-118.4060172,2026-08-07T09:30:00Z,8/7/2026 15:00,Work is in progress.,Enhancing Reliability,6,PO,44,EL NIDO,7/28/2026 16:12,2026-07-31T13:09:36,1:scheduled,2026-07-31T20:20:59Z
136353174,800556000,scheduled,ACTIVE,S,3,Transformer Upgrade,,Unincorporated Area,LOS ANGELES,91355,34.44640337,-118.6336984,2026-08-08T08:00:00Z,8/8/2026 12:00,Work is in progress.,Enhancing Reliability,6,PO,59,SAUGUS,7/30/2026 10:57,2026-07-31T13:09:36,1:scheduled,2026-07-31T20:20:59Z
136328880,800554074,scheduled,ACTIVE,S,21,Upgrading Equipment,,RANCHO PALOS VERDES,LOS ANGELES,90275,33.73619225,-118.3510731,2026-08-06T09:30:00Z,8/6/2026 16:00,Work is in progress.,Enhancing Reliability,6,PO,44,EL NIDO,7/25/2026 10:21,2026-07-31T13:09:36,1:scheduled,2026-07-31T20:20:59Z
136250576,800548032,scheduled,ACTIVE,S,103,Pole Upgrade,,SAN DIMAS,LOS ANGELES,91773,34.1024412,-117.8113775,2026-08-03T20:00:00Z,8/4/2026 3:00,Work is in progress.,Enhancing Reliability,20,PO,26,MIRA LOMA,7/20/2026 12:31,2026-07-31T13:09:36,1:scheduled,2026-07-31T20:20:59Z
136322045,800553399,scheduled,ACTIVE,S,25,Upgrading Equipment,,ARCADIA,LOS ANGELES,91007,34.10996826,-118.0517336,2026-08-04T08:30:00Z,8/4/2026 12:30,Work is in progress.,Enhancing Reliability,6,PO,27,MESA,7/23/2026 15:19,2026-07-31T13:09:36,1:scheduled,2026-07-31T20:20:59Z
136349292,800555686,scheduled,ACTIVE,S,1,Pole Upgrade,,VAL VERDE,LOS ANGELES,91384,34.44791172,-118.6710681,2026-08-07T11:00:00Z,8/7/2026 12:00,Work is in progress.,Enhancing Reliability,6,PO,59,SAUGUS,7/29/2026 15:49,2026-07-31T13:09:36,1:scheduled,2026-07-31T20:20:59Z
136318033,800553153,scheduled,ACTIVE,S,165,Upgrading Equipment,,EL MONTE,LOS ANGELES,91732,34.05977133,-118.0189228,2026-08-03T21:00:00Z,8/4/2026 6:30,Work is in progress.,Enhancing Reliability,18,PO,22,MESA,7/22/2026 17:55,2026-07-31T13:09:36,1:scheduled,2026-07-31T20:20:59Z
136325442,800553944,scheduled,ACTIVE,S,4,Upgrading Equipment,,Unincorporated Area,LOS ANGELES,91301,34.1131244,-118.7746848,2026-08-06T14:30:00Z,8/6/2026 15:00,Work is in progress.,Enhancing Reliability,18,PO,35,MOORPARK,7/24/2026 17:27,2026-07-31T13:09:36,1:scheduled,2026-07-31T20:20:59Z
136240909,800547179,scheduled,ACTIVE,S,66,Upgrading Equipment,,CLAREMONT,LOS ANGELES,91711,34.09250572,-117.7058495,2026-08-06T08:00:00Z,8/6/2026 13:00,Work is in progress.,Enhancing Reliability,20,PO,26,MIRA LOMA,7/14/2026 13:03,2026-07-31T13:09:36,1:scheduled,2026-07-31T20:20:59Z
136328723,800554051,scheduled,ACTIVE,S,4,Upgrading Equipment,,NEWPORT BEACH,ORANGE,92660,33.61587759,-117.8682633,2026-08-06T01:30:00Z,8/6/2026 7:00,Work is in progress.,Enhancing Reliability,6,PO,33,ELLIS,7/25/2026 9:30,2026-07-31T13:09:36,1:scheduled,2026-07-31T20:20:59Z
136328525,800554069,scheduled,ACTIVE,S,3,Upgrading Equipment,,WEST COVINA,LOS ANGELES,91790,34.0922105,-117.9415812,2026-08-07T18:30:00Z,8/8/2026 6:00,Work is in progress.,Enhancing Reliability,6,PO,26,MIRA LOMA,7/25/2026 8:24,2026-07-31T13:09:36,1:scheduled,2026-07-31T20:20:59Z
136328871,800554139,scheduled,ACTIVE,S,11,Upgrading Equipment,,RANCHO PALOS VERDES,LOS ANGELES,90275,33.78385249,-118.3703259,2026-08-06T09:30:00Z,8/6/2026 17:00,Work is in progress.,Enhancing Reliability,6,PO,44,EL NIDO,7/25/2026 10:18,2026-07-31T13:09:36,1:scheduled,2026-07-31T20:20:59Z
136352743,800555880,scheduled,ACTIVE,S,93,Pole Upgrade,,AVALON,LOS ANGELES,90704,33.34537318,-118.3287448,2026-08-11T08:00:00Z,8/11/2026 16:00,Work is in progress.,Enhancing Reliability,6,PO,,CATALINA,7/30/2026 9:22,2026-07-31T13:09:36,1:scheduled,2026-07-31T20:20:59Z
136320980,800553392,scheduled,ACTIVE,S,9,Upgrading Equipment,,ARTESIA,LOS ANGELES,90701,33.85805747,-118.0773066,2026-08-03T21:00:00Z,8/4/2026 1:00,Work is in progress.,Enhancing Reliability,6,PO,46,LIGHTHIPE,7/23/2026 13:41,2026-07-31T13:09:36,1:scheduled,2026-07-31T20:20:59Z
136347543,800555485,scheduled,ACTIVE,S,52,Upgrading Equipment,,LANCASTER,LOS ANGELES,93535,34.65274199,-118.1141508,2026-08-03T22:00:00Z,8/4/2026 4:00,Work is in progress.,Enhancing Reliability,6,PO,36,VINCENT,7/29/2026 10:10,2026-07-31T13:09:36,1:scheduled,2026-07-31T20:20:59Z
136357798,800556275,scheduled,ACTIVE,S,203,Upgrading Equipment,,AGOURA HILLS,LOS ANGELES,91301,34.14423758,-118.794676,2026-08-12T00:30:00Z,8/12/2026 6:00,Work is in progress.,Enhancing Reliability,6,PO,35,MOORPARK,7/31/2026 9:29,2026-07-31T13:09:36,1:scheduled,2026-07-31T20:20:59Z
136328164,800553974,scheduled,ACTIVE,S,60,Upgrading Equipment,,LOS ALAMITOS,ORANGE,90720,33.79085931,-118.0706217,2026-08-07T09:00:00Z,8/7/2026 16:00,Work is in progress.,Enhancing Reliability,6,PO,46,LIGHTHIPE,7/25/2026 5:24,2026-07-31T13:09:36,1:scheduled,2026-07-31T20:20:59Z
136328235,800554027,scheduled,ACTIVE,S,71,Upgrading Equipment,,Unincorporated Area,LOS ANGELES,91107,34.13891313,-118.107844,2026-08-06T08:30:00Z,8/6/2026 16:00,Work is in progress.,Enhancing Reliability,18,PO,27,MESA,7/25/2026 6:36,2026-07-31T13:09:36,1:scheduled,2026-07-31T20:20:59Z
136325359,800553836,scheduled,ACTIVE,S,12,Upgrading Equipment,,Unincorporated Area,LOS ANGELES,93543,34.57093481,-117.9232375,2026-08-04T09:00:00Z,8/4/2026 18:30,Work is in progress.,Enhancing Reliability,6,PO,36,VINCENT,7/24/2026 17:06,2026-07-31T13:09:36,1:scheduled,2026-07-31T20:20:59Z
136337666,800554722,scheduled,ACTIVE,S,28,Transformer Upgrade,,CULVER CITY,LOS ANGELES,90232,34.01224685,-118.3978082,2026-08-04T09:00:00Z,8/4/2026 14:00,Work is in progress.,Enhancing Reliability,6,PO,42,EL NIDO,7/27/2026 10:18,2026-07-31T13:09:36,1:scheduled,2026-07-31T20:20:59Z
136354621,800556057,scheduled,ACTIVE,S,61,Upgrading Equipment,,LONG BEACH,LOS ANGELES,90806,33.80565224,-118.1876829,2026-08-11T03:00:00Z,8/11/2026 6:00,Work is in progress.,Enhancing Reliability,6,PO,46,LIGHTHIPE,7/30/2026 17:17,2026-07-31T13:09:36,1:scheduled,2026-07-31T20:20:59Z
136341738,800555082,scheduled,ACTIVE,S,7,Upgrading Equipment,,SIERRA MADRE,LOS ANGELES,91024,34.16817273,-118.0460868,2026-08-11T08:00:00Z,8/11/2026 9:00,Work is in progress.,Enhancing Reliability,18,PO,27,MESA,7/28/2026 9:01,2026-07-31T13:09:36,1:scheduled,2026-07-31T20:20:59Z
136349318,800555552,scheduled,ACTIVE,S,7,Upgrading Equipment,,WILLOWBROOK,LOS ANGELES,90059,33.91386274,-118.2647869,2026-08-07T22:00:00Z,8/8/2026 6:00,Work is in progress.,Enhancing Reliability,18,PO,32,LIGHTHIPE,7/29/2026 15:57,2026-07-31T13:09:36,1:scheduled,2026-07-31T20:20:59Z
136352855,800555798,scheduled,ACTIVE,S,1,Cable Upgrade,,SANTA ANA,ORANGE,92706,33.76888369,-117.8843268,2026-08-10T09:00:00Z,8/10/2026 14:00,Work is in progress.,Enhancing Reliability,6,PO,29,ELLIS,7/30/2026 9:52,2026-07-31T13:09:36,1:scheduled,2026-07-31T20:20:59Z
136337919,800554705,scheduled,ACTIVE,S,16,Upgrading Equipment,,HAWTHORNE,LOS ANGELES,90250,33.92968705,-118.3517912,2026-08-04T21:00:00Z,8/5/2026 6:00,Work is in progress.,Enhancing Reliability,6,PO,44,EL NIDO,7/27/2026 11:18,2026-07-31T13:09:36,1:scheduled,2026-07-31T20:20:59Z
136321086,800553545,scheduled,ACTIVE,S,71,Upgrading Equipment,,LONG BEACH,LOS ANGELES,90803,33.761305,-118.1324824,2026-08-04T09:15:00Z,8/4/2026 13:00,Work is in progress.,Enhancing Reliability,6,PO,46,LIGHTHIPE,7/23/2026 14:29,2026-07-31T13:09:36,1:scheduled,2026-07-31T20:20:59Z
136349165,800555572,scheduled,ACTIVE,S,1,Pole Upgrade,,Unincorporated Area,LOS ANGELES,91384,34.43258979,-118.6963066,2026-08-07T09:00:00Z,8/7/2026 10:00,Work is in progress.,Enhancing Reliability,6,PO,59,SAUGUS,7/29/2026 15:20,2026-07-31T13:09:36,1:scheduled,2026-07-31T20:20:59Z
136342548,800555111,scheduled,ACTIVE,S,13,Pole Upgrade,,LANCASTER,LOS ANGELES,93536,34.67755125,-118.178455,2026-08-04T09:00:00Z,8/4/2026 18:30,Work is in progress.,Enhancing Reliability,6,PO,36,VINCENT,7/28/2026 11:47,2026-07-31T13:09:36,1:scheduled,2026-07-31T20:20:59Z
136349263,800555597,scheduled,ACTIVE,S,271,Upgrading Equipment,,WILLOWBROOK,LOS ANGELES,90059,33.92167968,-118.2694709,2026-08-07T22:00:00Z,8/7/2026 23:00,Work is in progress.,Enhancing Reliability,18,PO,32,LIGHTHIPE,7/29/2026 15:42,2026-07-31T13:09:36,1:scheduled,2026-07-31T20:20:59Z
136352302,800555715,scheduled,ACTIVE,S,103,Upgrading Equipment,,ALHAMBRA,LOS ANGELES,91801,34.10675953,-118.1324577,2026-08-11T08:00:00Z,8/11/2026 16:00,Work is in progress.,Enhancing Reliability,18,PO,22,MESA,7/30/2026 7:51,2026-07-31T13:09:36,1:scheduled,2026-07-31T20:20:59Z
136325330,800553867,scheduled,ACTIVE,S,1,Pole Upgrade,,LOS ANGELES,LOS ANGELES,91311,34.27711414,-118.6068765,2026-08-06T09:00:00Z,8/6/2026 13:00,Work is in progress.,Enhancing Reliability,6,PO,,,7/24/2026 16:58,2026-07-31T13:09:36,1:scheduled,2026-07-31T20:20:59Z
136349509,800555693,scheduled,ACTIVE,S,6,Pole Upgrade,,LA VERNE,LOS ANGELES,91750,34.10287859,-117.7626249,2026-08-04T17:00:00Z,8/4/2026 21:00,Work is in progress.,Enhancing Reliability,6,PO,26,MIRA LOMA,7/29/2026 16:58,2026-07-31T13:09:36,1:scheduled,2026-07-31T20:20:59Z
136337972,800554707,scheduled,ACTIVE,S,15,Pole Upgrade,,TORRANCE,LOS ANGELES,90504,33.85885452,-118.3318755,2026-08-05T08:30:00Z,8/5/2026 14:30,Work is in progress.,Enhancing Reliability,18,PO,44,EL NIDO,7/27/2026 11:35,2026-07-31T13:09:36,1:scheduled,2026-07-31T20:20:59Z
136347767,800555356,scheduled,ACTIVE,S,85,Upgrading Equipment,,SIERRA MADRE,LOS ANGELES,91024,34.16932992,-118.0447878,2026-08-11T09:00:00Z,8/11/2026 19:00,Work is in progress.,Enhancing Reliability,6,PO,27,MESA,7/29/2026 10:49,2026-07-31T13:09:36,1:scheduled,2026-07-31T20:20:59Z
136347573,800555524,scheduled,ACTIVE,S,63,Upgrading Equipment,,MONROVIA,LOS ANGELES,91016,34.12825972,-118.0036399,2026-08-10T08:00:00Z,8/10/2026 16:00,Work is in progress.,Enhancing Reliability,18,PO,27,MESA,7/29/2026 10:11,2026-07-31T13:09:36,1:scheduled,2026-07-31T20:20:59Z
136354687,800556128,scheduled,ACTIVE,S,300,Upgrading Equipment,,LONG BEACH,LOS ANGELES,90804,33.79357858,-118.1491087,2026-08-11T09:15:00Z,8/11/2026 13:00,Work is in progress.,Enhancing Reliability,6,PO,46,LIGHTHIPE,7/30/2026 17:44,2026-07-31T13:09:36,1:scheduled,2026-07-31T20:20:59Z
136299520,800551850,scheduled,ACTIVE,S,58,Upgrading Equipment,,WHITTIER,LOS ANGELES,90606,33.98576565,-118.0667289,2026-08-01T09:30:00Z,8/1/2026 17:00,Work is in progress.,Enhancing Reliability,6,PO,22,MESA,7/18/2026 8:09,2026-07-31T13:09:36,1:scheduled,2026-07-31T20:20:59Z
136354662,800556127,scheduled,ACTIVE,S,12,Upgrading Equipment,,LAKEWOOD,LOS ANGELES,90712,33.85688287,-118.1294064,2026-08-11T09:00:00Z,8/11/2026 15:00,Work is in progress.,Enhancing Reliability,6,PO,46,LIGHTHIPE,7/30/2026 17:31,2026-07-31T13:09:36,1:scheduled,2026-07-31T20:20:59Z
136328473,800554165,scheduled,ACTIVE,S,3,Upgrading Equipment,,ALTADENA,LOS ANGELES,91001,34.19163422,-118.1220476,2026-08-07T09:00:00Z,8/7/2026 14:00,Work is in progress.,Enhancing Reliability,6,PO,27,MESA,7/25/2026 8:16,2026-07-31T13:09:37,1:scheduled,2026-07-31T20:20:59Z
136317857,800553189,scheduled,ACTIVE,S,1,Upgrading Equipment,,Unincorporated Area,LOS ANGELES,91384,34.43817543,-118.6905556,2026-08-03T10:00:00Z,8/3/2026 11:30,Work is in progress.,Enhancing Reliability,6,PO,59,SAUGUS,7/22/2026 16:59,2026-07-31T13:09:37,1:scheduled,2026-07-31T20:20:59Z
136354056,800556009,scheduled,ACTIVE,S,14,Upgrading Equipment,,TORRANCE,LOS ANGELES,90503,33.85356397,-118.3662394,2026-08-10T09:00:00Z,8/10/2026 13:00,Work is in progress.,Enhancing Reliability,6,PO,44,EL NIDO,7/30/2026 14:45,2026-07-31T13:09:37,1:scheduled,2026-07-31T20:20:59Z
136349787,800555556,scheduled,ACTIVE,S,95,Upgrading Equipment,,SOUTH EL MONTE,LOS ANGELES,91733,34.0497875,-118.0515204,2026-08-06T22:00:00Z,8/7/2026 6:30,Work is in progress.,Enhancing Reliability,18,PO,22,MESA,7/29/2026 18:27,2026-07-31T13:09:37,1:scheduled,2026-07-31T20:20:59Z
136343167,800555220,scheduled,ACTIVE,S,97,Upgrading Equipment,,FLORENCE-GRAHAM,LOS ANGELES,90001,33.97111054,-118.2544791,2026-08-06T08:00:00Z,8/6/2026 16:00,Work is in progress.,Enhancing Reliability,18,PO,32,LIGHTHIPE,7/28/2026 13:58,2026-07-31T13:09:37,1:scheduled,2026-07-31T20:20:59Z
136312021,800552766,scheduled,ACTIVE,S,7,Upgrading Equipment,,MONTEREY PARK,LOS ANGELES,91755,34.05908053,-118.1125244,2026-08-03T13:00:00Z,8/3/2026 15:00,Work is in progress.,Enhancing Reliability,18,PO,22,MESA,7/21/2026 14:39,2026-07-31T13:09:37,1:scheduled,2026-07-31T20:20:59Z
136337397,800554741,scheduled,ACTIVE,S,75,Upgrading Equipment,,CULVER CITY,LOS ANGELES,90232,34.01817581,-118.389682,2026-08-04T09:00:00Z,8/4/2026 16:00,Work is in progress.,Enhancing Reliability,6,PO,42,EL NIDO,7/27/2026 10:07,2026-07-31T13:09:37,1:scheduled,2026-07-31T20:20:59Z
136328199,800553853,scheduled,ACTIVE,S,1,Upgrading Equipment,,Unincorporated Area,LOS ANGELES,93563,34.20541916,-117.8567034,2026-08-03T09:00:00Z,8/3/2026 16:30,Work is in progress.,Enhancing Reliability,6,PO,27,MESA,7/25/2026 5:59,2026-07-31T13:09:37,1:scheduled,2026-07-31T20:20:59Z
136306249,800552238,scheduled,ACTIVE,S,21,Upgrading Equipment,,TORRANCE,LOS ANGELES,90505,33.82477826,-118.3496501,2026-07-31T21:00:00Z,8/1/2026 7:00,Work is in progress.,Enhancing Reliability,6,PO,44,EL NIDO,7/20/2026 6:29,2026-07-31T13:09:37,1:scheduled,2026-07-31T20:20:59Z
136307715,800552406,scheduled,ACTIVE,S,83,Transformer Upgrade,,CALABASAS,LOS ANGELES,91302,34.13881158,-118.7045132,2026-08-01T08:00:00Z,8/1/2026 12:00,Work is in progress.,Enhancing Reliability,18,PO,35,MOORPARK,7/20/2026 12:55,2026-07-31T13:09:37,1:scheduled,2026-07-31T20:20:59Z
136328170,800554006,scheduled,ACTIVE,S,15,Upgrading Equipment,,CERRITOS,LOS ANGELES,90703,33.88666881,-118.066159,2026-08-07T09:00:00Z,8/7/2026 15:00,Work is in progress.,Enhancing Reliability,6,PO,46,LIGHTHIPE,7/25/2026 5:28,2026-07-31T13:09:37,1:scheduled,2026-07-31T20:20:59Z
136323433,800553612,scheduled,ACTIVE,S,255,Upgrading Equipment,,SANTA ANA,ORANGE,92703,33.73575468,-117.8885351,2026-08-04T22:00:00Z,8/5/2026 4:30,Work is in progress.,Enhancing Reliability,6,PO,29,ELLIS,7/24/2026 8:41,2026-07-31T13:09:37,1:scheduled,2026-07-31T20:20:59Z
136242596,800547299,active,ACTIVE,,19,Upgrading Equipment,,WESTMINSTER,ORANGE,92683,33.7715677,-118.0384916,2026-07-31T12:00:00Z,7/31/2026 15:00,Work is in progress.,Enhancing Reliability,14,PO,33,VILLA PARK,7/31/2026 13:23,2026-07-31T13:29:28,0:active,2026-07-31T20:35:58Z
136299596,800551797,active,ACTIVE,,12,Pole Upgrade,,WESTMINSTER,ORANGE,92683,33.7655435,-117.984348,2026-07-31T08:00:00Z,7/31/2026 16:00,Work is in progress.,Enhancing Reliability,18,PO,33,VILLA PARK,7/31/2026 8:33,2026-07-31T13:29:28,0:active,2026-07-31T20:35:58Z
136358026,800556255,active,ACTIVE,,11,Equipment Problems,,LA PUENTE,LOS ANGELES,91744,34.03323788,-117.9414741,2026-07-31T10:08:24Z,7/31/2026 15:30,Work is in progress.,Not Available,1,QI,26,MIRA LOMA,7/31/2026 11:38,2026-07-31T13:29:28,0:active,2026-07-31T20:35:58Z
136306688,800552273,active,ACTIVE,,53,Upgrading Equipment,,MONTEREY PARK,LOS ANGELES,91755,34.04644915,-118.1256575,2026-07-31T09:30:00Z,Most up by 07/31/2026 03:00:00 PM,We have completed this repair.,Enhancing Reliability,6,PO,22,MESA,7/31/2026 12:40,2026-07-31T13:29:29,0:active,2026-07-31T20:35:58Z
136358348,800556420,active,ACTIVE,,4,Analyzing Problem,,COMMERCE,LOS ANGELES,90040,34.00128252,-118.1584301,2026-07-31T10:03:01Z,Most up by 07/31/2026 07:00:00 PM,We have notified our repair crews. ,Not Available,3,QI,32,LIGHTHIPE,7/31/2026 13:25,2026-07-31T13:29:29,0:active,2026-07-31T20:35:58Z
136312619,800552685,active,ACTIVE,,101,Upgrading Equipment,,GARDEN GROVE,ORANGE,92845,33.78216509,-118.0388118,2026-07-31T09:16:17Z,7/31/2026 16:00,Work is in progress.,Enhancing Reliability,18,PO,29,VILLA PARK,7/31/2026 9:16,2026-07-31T13:29:29,0:active,2026-07-31T20:35:58Z
136307451,800552404,active,ACTIVE,,120,Pole Upgrade,,LA PUENTE,LOS ANGELES,91744,34.01288174,-117.9347218,2026-07-31T08:00:00Z,7/31/2026 17:00,Work is in progress.,Enhancing Reliability,18,PO,26,MIRA LOMA,7/31/2026 8:25,2026-07-31T13:29:29,0:active,2026-07-31T20:35:58Z
136323990,800553658,active,ACTIVE,,2,Pole Upgrade,,BELLFLOWER,LOS ANGELES,90706,33.88008732,-118.1429655,2026-07-31T08:00:00Z,7/31/2026 16:00,Work is in progress.,Enhancing Reliability,18,PO,32,LIGHTHIPE,7/31/2026 8:22,2026-07-31T13:29:29,0:active,2026-07-31T20:35:58Z
136357539,800556235,active,ACTIVE,,175,Equipment Problems,,COSTA MESA,ORANGE,92627,33.63494141,-117.9019107,2026-07-31T08:50:01Z,7/31/2026 15:00,Work is in progress.,Not Available,3,Not Available,33,ELLIS,7/31/2026 13:03,2026-07-31T13:29:29,0:active,2026-07-31T20:35:58Z
136358223,800556311,active,ACTIVE,,14,Analyzing Problem,,LONG BEACH,LOS ANGELES,90805,33.86940909,-118.2032971,2026-07-31T10:22:49Z,7/31/2026 16:00,Work is in progress.,Not Available,1,Not Available,46,LIGHTHIPE,7/31/2026 11:46,2026-07-31T13:29:29,0:active,2026-07-31T20:35:58Z
136356980,800556265,active,ACTIVE,,52,Equipment Problems,,DIAMOND BAR,LOS ANGELES,91765,34.03701425,-117.7954394,2026-07-31T03:02:34Z,7/31/2026 15:00,Work is in progress.,Not Available,1,Not Available,26,MIRA LOMA,7/31/2026 13:08,2026-07-31T13:29:29,0:active,2026-07-31T20:35:58Z
136300590,800552081,active,ACTIVE,,56,Transformer Upgrade,,LAKE LOS ANGELES,LOS ANGELES,93535,34.63310306,-117.8583545,2026-07-31T09:25:59Z,7/31/2026 16:00,Work is in progress.,Enhancing Reliability,6,PO,36,VINCENT,7/31/2026 9:46,2026-07-31T13:29:29,0:active,2026-07-31T20:35:58Z
136357417,800556234,active,ACTIVE,,8,Equipment Problems,,WESTMINSTER,ORANGE,92683,33.7658988,-117.9837158,2026-07-31T08:26:48Z,7/31/2026 14:00,Work is in progress.,Not Available,1,QI,33,VILLA PARK,7/31/2026 13:23,2026-07-31T13:29:29,0:active,2026-07-31T20:35:58Z
136307297,800552403,active,ACTIVE,,13,Pole Upgrade,,GLENDORA,LOS ANGELES,91741,34.13474741,-117.8193494,2026-07-31T08:00:00Z,7/31/2026 14:00,Work is in progress.,Enhancing Reliability,18,PO,26,MIRA LOMA,7/31/2026 8:34,2026-07-31T13:29:29,0:active,2026-07-31T20:35:58Z
136307252,800552216,active,ACTIVE,,0,Pole Upgrade,,Unincorporated Area,ORANGE,92821,33.94641754,-117.8622588,2026-07-31T07:00:00Z,7/31/2026 16:00,Work is in progress.,Enhancing Reliability,18,PO,48,VILLA PARK,7/31/2026 13:09,2026-07-31T13:29:29,0:active,2026-07-31T20:35:58Z
136357248,800556197,active,ACTIVE,,104,Equipment Problems,,CERRITOS,LOS ANGELES,90703,33.88319306,-118.0702729,2026-07-31T07:22:28Z,7/31/2026 23:00,We have identified the problem and are working to restore your service.,Not Available,1,Not Available,46,LIGHTHIPE,7/31/2026 10:56,2026-07-31T13:29:30,0:active,2026-07-31T20:35:58Z
136308152,800552371,active,ACTIVE,,193,Upgrading Equipment,,COMPTON,LOS ANGELES,90221,33.88399658,-118.2115962,2026-07-31T08:00:00Z,Most up by 07/31/2026 03:30:00 PM,Work is in progress.,Enhancing Reliability,18,PO,32,LIGHTHIPE,7/31/2026 13:25,2026-07-31T13:29:30,0:active,2026-07-31T20:35:58Z
136312255,800552631,active,ACTIVE,,8,Upgrading Equipment,,BELLFLOWER,LOS ANGELES,90706,33.8722072,-118.1088695,2026-07-31T10:00:00Z,7/31/2026 15:00,Work is in progress.,Enhancing Reliability,6,PO,32,LIGHTHIPE,7/31/2026 13:11,2026-07-31T13:29:30,0:active,2026-07-31T20:35:58Z
136299436,800551828,active,ACTIVE,,2,Upgrading Equipment,,PASADENA,LOS ANGELES,91011,34.2226954,-118.1884371,2026-07-31T11:32:05Z,7/31/2026 18:30,Our crews are on the way. ,Enhancing Reliability,6,PO,,,7/31/2026 11:35,2026-07-31T13:29:30,0:active,2026-07-31T20:35:58Z
136312637,800552784,active,ACTIVE,,144,Pole Upgrade,,LA HABRA HEIGHTS,LOS ANGELES,90631,33.96172107,-117.9308329,2026-07-31T09:00:00Z,7/31/2026 15:00,Work is in progress.,Enhancing Reliability,18,PO,48,VILLA PARK,7/31/2026 10:17,2026-07-31T13:29:30,0:active,2026-07-31T20:35:58Z
136323960,800553656,active,ACTIVE,,0,Pole Upgrade,,BELLFLOWER,LOS ANGELES,90706,33.88558447,-118.1428186,2026-07-31T08:00:00Z,7/31/2026 15:00,Work is in progress.,Enhancing Reliability,18,PO,32,LIGHTHIPE,7/31/2026 10:53,2026-07-31T13:29:30,0:active,2026-07-31T20:35:58Z
136358955,800556327,active,ACTIVE,,18,Equipment Problems,,MISSION VIEJO,ORANGE,92691,33.60557426,-117.656317,2026-07-31T13:13:50Z,7/31/2026 15:00,Work is in progress.,Not Available,7,QI,43,ELLIS,7/31/2026 13:15,2026-07-31T13:29:30,0:active,2026-07-31T20:35:58Z
136323966,800553657,active,ACTIVE,,13,Pole Upgrade,,BELLFLOWER,LOS ANGELES,90706,33.88368935,-118.1427963,2026-07-31T08:00:00Z,7/31/2026 15:00,Work is in progress.,Enhancing Reliability,18,PO,32,LIGHTHIPE,7/31/2026 8:09,2026-07-31T13:29:30,0:active,2026-07-31T20:35:58Z
136355042,800556092,active,ACTIVE,,83,Equipment Problems,,TUSTIN,ORANGE,92782,33.73142816,-117.7999606,2026-07-30T19:31:20Z,Not Available,We have identified the problem and are working to restore your service.,Not Available,1,Not Available,29,VILLA PARK,7/31/2026 13:17,2026-07-31T13:29:30,0:active,2026-07-31T20:35:58Z
136358836,800556462,active,ACTIVE,,22,Analyzing Problem,,PALMDALE,LOS ANGELES,93550,34.58369845,-118.1069034,2026-07-31T12:42:01Z,Most up by 07/31/2026 07:00:00 PM,We are aware of the problem.,Not Available,1,Not Available,36,VINCENT,7/31/2026 13:07,2026-07-31T13:29:30,0:active,2026-07-31T20:35:58Z
136357238,800556248,active,ACTIVE,,9,Equipment Problems,,BELLFLOWER,LOS ANGELES,90706,33.88520522,-118.1428036,2026-07-31T07:22:55Z,7/31/2026 15:00,Work is in progress.,Not Available,7,QI,32,LIGHTHIPE,7/31/2026 8:21,2026-07-31T13:29:30,0:active,2026-07-31T20:35:58Z
136299922,800551810,active,ACTIVE,,10,Upgrading Equipment,,INGLEWOOD,LOS ANGELES,90056,33.98166817,-118.3622268,2026-07-31T08:00:00Z,7/31/2026 16:00,Work is in progress.,Enhancing Reliability,6,PO,44,EL NIDO,7/31/2026 12:46,2026-07-31T13:29:30,0:active,2026-07-31T20:35:58Z
136358703,800556461,active,ACTIVE,,34,Equipment Problems,,MONTEREY PARK,LOS ANGELES,91754,34.06103641,-118.1558221,2026-07-31T12:08:01Z,7/31/2026 17:30,Work is in progress.,Not Available,7,QI,22,MESA,7/31/2026 13:01,2026-07-31T13:29:31,0:active,2026-07-31T20:35:58Z
136358625,800556318,active,ACTIVE,,3,Equipment Problems,,ORANGE,ORANGE,92867,33.80367799,-117.8626642,2026-07-31T11:49:31Z,7/31/2026 18:00,Work is in progress.,Not Available,7,QI,29,VILLA PARK,7/31/2026 13:21,2026-07-31T13:29:31,0:active,2026-07-31T20:35:58Z
136328621,800554131,scheduled,ACTIVE,S,85,Pole Upgrade,,GARDEN GROVE,ORANGE,92845,33.79046524,-118.023733,2026-08-05T08:00:00Z,8/5/2026 15:00,Work is in progress.,Enhancing Reliability,18,PO,29,VILLA PARK,7/25/2026 9:00,2026-07-31T13:29:28,1:scheduled,2026-07-31T20:35:58Z
136344097,800555301,scheduled,ACTIVE,S,39,Upgrading Equipment,,LA HABRA HEIGHTS,LOS ANGELES,90631,33.9579514,-117.9614348,2026-08-07T09:00:00Z,8/7/2026 15:00,Work is in progress.,Enhancing Reliability,18,PO,48,VILLA PARK,7/28/2026 17:02,2026-07-31T13:29:28,1:scheduled,2026-07-31T20:35:58Z
136336505,800554479,scheduled,ACTIVE,S,1,Upgrading Equipment,,Unincorporated Area,LOS ANGELES,91301,34.11505,-118.8039062,2026-08-06T08:30:00Z,8/6/2026 9:30,Work is in progress.,Enhancing Reliability,18,PO,35,MOORPARK,7/27/2026 6:59,2026-07-31T13:29:28,1:scheduled,2026-07-31T20:35:58Z
136318052,800553195,scheduled,ACTIVE,S,5,Upgrading Equipment,,LA CANADA FLINTRIDGE,LOS ANGELES,91011,34.21133769,-118.2008708,2026-08-06T08:00:00Z,8/6/2026 16:00,Work is in progress.,Enhancing Reliability,18,PO,27,MESA,7/22/2026 18:04,2026-07-31T13:29:28,1:scheduled,2026-07-31T20:35:58Z
136357611,800556237,scheduled,ACTIVE,S,15,Upgrading Equipment,,LAKEWOOD,LOS ANGELES,90713,33.85731011,-118.1244317,2026-08-11T09:00:00Z,8/11/2026 15:00,Work is in progress.,Enhancing Reliability,6,PO,46,LIGHTHIPE,7/31/2026 8:59,2026-07-31T13:29:28,1:scheduled,2026-07-31T20:35:58Z
136328850,800554137,scheduled,ACTIVE,S,93,Pole Upgrade,,TORRANCE,LOS ANGELES,90505,33.8140158,-118.3731575,2026-08-04T08:00:00Z,8/4/2026 15:00,Work is in progress.,Enhancing Reliability,18,PO,44,EL NIDO,7/25/2026 10:12,2026-07-31T13:29:28,1:scheduled,2026-07-31T20:35:58Z
136354357,800555977,scheduled,ACTIVE,S,28,Transformer Upgrade,,AGOURA HILLS,LOS ANGELES,91301,34.13206743,-118.7252688,2026-08-11T10:00:00Z,8/11/2026 16:00,Work is in progress.,Enhancing Reliability,18,PO,35,MOORPARK,7/30/2026 16:02,2026-07-31T13:29:28,1:scheduled,2026-07-31T20:35:58Z
136358857,800556463,scheduled,ACTIVE,S,3,Upgrading Equipment,,SAN MARINO,LOS ANGELES,91108,34.11820712,-118.1001942,2026-08-10T08:00:00Z,8/10/2026 11:00,Work is in progress.,Enhancing Reliability,6,PO,27,MESA,7/31/2026 12:57,2026-07-31T13:29:28,1:scheduled,2026-07-31T20:35:58Z
136349614,800555694,scheduled,ACTIVE,S,3,Upgrading Equipment,,COSTA MESA,ORANGE,92626,33.67372071,-117.8776947,2026-08-09T09:00:00Z,8/9/2026 14:00,Work is in progress.,Enhancing Reliability,6,PO,33,ELLIS,7/29/2026 17:14,2026-07-31T13:29:28,1:scheduled,2026-07-31T20:35:58Z
136341334,800554965,scheduled,ACTIVE,S,21,Upgrading Equipment,,ARCADIA,LOS ANGELES,91006,34.14054518,-118.0266569,2026-08-08T00:00:00Z,8/8/2026 10:00,Work is in progress.,Enhancing Reliability,6,PO,27,MESA,7/28/2026 7:23,2026-07-31T13:29:28,1:scheduled,2026-07-31T20:35:58Z
136325558,800553950,scheduled,ACTIVE,S,24,Upgrading Equipment,,LONG BEACH,LOS ANGELES,90804,33.77679173,-118.1507197,2026-08-06T09:15:00Z,8/6/2026 14:00,Work is in progress.,Enhancing Reliability,6,PO,46,LIGHTHIPE,7/24/2026 18:00,2026-07-31T13:29:28,1:scheduled,2026-07-31T20:35:58Z
136328193,800554023,scheduled,ACTIVE,S,89,Upgrading Equipment,,AZUSA,LOS ANGELES,91702,34.23969693,-117.8388153,2026-08-03T09:00:00Z,8/3/2026 16:30,Work is in progress.,Enhancing Reliability,6,PO,,,7/25/2026 5:54,2026-07-31T13:29:28,1:scheduled,2026-07-31T20:35:58Z
136354633,800556086,scheduled,ACTIVE,S,23,Upgrading Equipment,,COMMERCE,LOS ANGELES,90040,34.00816689,-118.1610802,2026-08-11T08:00:00Z,8/11/2026 12:00,Work is in progress.,Enhancing Reliability,18,PO,32,LIGHTHIPE,7/30/2026 17:21,2026-07-31T13:29:28,1:scheduled,2026-07-31T20:35:58Z
136317781,800553072,scheduled,ACTIVE,S,1,Upgrading Equipment,,Unincorporated Area,LOS ANGELES,93536,34.77508086,-118.5705604,2026-08-03T08:00:00Z,8/3/2026 16:00,Work is in progress.,Enhancing Reliability,18,PO,36,VINCENT,7/22/2026 16:37,2026-07-31T13:29:28,1:scheduled,2026-07-31T20:35:58Z
136307441,800552422,scheduled,ACTIVE,S,1,Transformer Upgrade,,Unincorporated Area,LOS ANGELES,91302,34.093598,-118.6946087,2026-08-01T12:00:00Z,8/1/2026 16:00,Work is in progress.,Enhancing Reliability,18,PO,35,MOORPARK,7/20/2026 11:41,2026-07-31T13:29:28,1:scheduled,2026-07-31T20:35:58Z
136316883,800552956,scheduled,ACTIVE,S,4,Upgrading Equipment,,SIERRA MADRE,LOS ANGELES,91024,34.1677902,-118.0449766,2026-08-04T08:00:00Z,8/4/2026 15:00,Work is in progress.,Enhancing Reliability,6,PO,27,MESA,7/22/2026 12:43,2026-07-31T13:29:28,1:scheduled,2026-07-31T20:35:58Z
136321020,800553394,scheduled,ACTIVE,S,26,Upgrading Equipment,,PICO RIVERA,LOS ANGELES,90660,33.99379235,-118.0949804,2026-08-04T09:00:00Z,8/4/2026 13:00,Work is in progress.,Enhancing Reliability,6,PO,47,LIGHTHIPE,7/23/2026 13:58,2026-07-31T13:29:28,1:scheduled,2026-07-31T20:35:58Z
136328231,800553937,scheduled,ACTIVE,S,3,Upgrading Equipment,,DUARTE,LOS ANGELES,91010,34.13599463,-117.9635851,2026-08-06T08:00:00Z,8/6/2026 13:00,Work is in progress.,Enhancing Reliability,18,PO,27,MESA,7/25/2026 6:33,2026-07-31T13:29:28,1:scheduled,2026-07-31T20:35:58Z
136323325,800553593,scheduled,ACTIVE,S,148,Upgrading Equipment,,CALABASAS,LOS ANGELES,91302,34.14175234,-118.6197488,2026-08-04T21:00:00Z,8/5/2026 5:00,Work is in progress.,Enhancing Reliability,20,PO,35,MOORPARK,7/30/2026 14:54,2026-07-31T13:29:28,1:scheduled,2026-07-31T20:35:58Z
136354898,800556183,scheduled,ACTIVE,S,27,Pole Upgrade,,WEST HOLLYWOOD,LOS ANGELES,90069,34.08287428,-118.3752506,2026-08-10T23:00:00Z,8/11/2026 11:00,Work is in progress.,Enhancing Reliability,6,PO,42,EL NIDO,7/30/2026 18:52,2026-07-31T13:29:28,1:scheduled,2026-07-31T20:35:58Z
136338444,800554634,scheduled,ACTIVE,S,2,Upgrading Equipment,,BUENA PARK,ORANGE,90620,33.84441724,-118.0287711,2026-08-06T08:00:00Z,8/6/2026 18:30,Work is in progress.,Enhancing Reliability,6,PO,48,VILLA PARK,7/27/2026 13:18,2026-07-31T13:29:28,1:scheduled,2026-07-31T20:35:58Z
136344012,800555172,scheduled,ACTIVE,S,8,Upgrading Equipment,,LA MIRADA,LOS ANGELES,90638,33.88146135,-118.0155489,2026-08-09T21:00:00Z,8/10/2026 6:00,Work is in progress.,Enhancing Reliability,6,PO,47,LIGHTHIPE,7/28/2026 16:25,2026-07-31T13:29:28,1:scheduled,2026-07-31T20:35:58Z
136343889,800555171,scheduled,ACTIVE,S,21,Upgrading Equipment,,HAWTHORNE,LOS ANGELES,90250,33.91041534,-118.3407117,2026-08-12T11:30:00Z,8/12/2026 13:30,Work is in progress.,Enhancing Reliability,20,PO,44,EL NIDO,7/29/2026 6:53,2026-07-31T13:29:28,1:scheduled,2026-07-31T20:35:58Z
136324984,800553699,scheduled,ACTIVE,S,1,Pole Upgrade,,DOWNEY,LOS ANGELES,90241,33.9272081,-118.1119709,2026-08-05T20:00:00Z,8/6/2026 6:00,Work is in progress.,Enhancing Reliability,6,PO,47,LIGHTHIPE,7/24/2026 15:28,2026-07-31T13:29:28,1:scheduled,2026-07-31T20:35:58Z
136349795,800555705,scheduled,ACTIVE,S,35,Upgrading Equipment,,MONTEREY PARK,LOS ANGELES,91755,34.06608745,-118.1092785,2026-08-10T08:00:00Z,8/10/2026 16:00,Work is in progress.,Enhancing Reliability,18,PO,22,MESA,7/29/2026 18:31,2026-07-31T13:29:28,1:scheduled,2026-07-31T20:35:58Z
136325405,800553961,scheduled,ACTIVE,S,1,Upgrading Equipment,,Unincorporated Area,LOS ANGELES,91301,34.12037247,-118.7870711,2026-08-06T11:30:00Z,8/6/2026 12:00,Work is in progress.,Enhancing Reliability,18,PO,35,MOORPARK,7/24/2026 17:19,2026-07-31T13:29:28,1:scheduled,2026-07-31T20:35:58Z
136353941,800556043,scheduled,ACTIVE,S,7,Upgrading Equipment,,TORRANCE,LOS ANGELES,90505,33.81211285,-118.3460533,2026-08-09T20:30:00Z,8/10/2026 4:00,Work is in progress.,Enhancing Reliability,6,PO,44,EL NIDO,7/30/2026 14:24,2026-07-31T13:29:28,1:scheduled,2026-07-31T20:35:58Z
136343210,800555153,scheduled,ACTIVE,S,426,Upgrading Equipment,,LONG BEACH,LOS ANGELES,90810,33.81330115,-118.219291,2026-08-09T09:00:00Z,8/9/2026 14:00,Work is in progress.,Enhancing Reliability,6,PO,46,LIGHTHIPE,7/28/2026 14:09,2026-07-31T13:29:28,1:scheduled,2026-07-31T20:35:58Z
136339293,800554786,scheduled,ACTIVE,S,12,Transformer Upgrade,,CULVER CITY,LOS ANGELES,90232,34.00914774,-118.3913174,2026-08-07T09:30:00Z,8/7/2026 15:30,Work is in progress.,Enhancing Reliability,6,PO,42,EL NIDO,7/27/2026 16:21,2026-07-31T13:29:28,1:scheduled,2026-07-31T20:35:58Z
136325466,800553838,scheduled,ACTIVE,S,82,Pole Upgrade,,CYPRESS,ORANGE,90630,33.80789052,-118.0121504,2026-08-04T09:00:00Z,8/4/2026 17:00,Work is in progress.,Enhancing Reliability,6,PO,48,VILLA PARK,7/24/2026 17:34,2026-07-31T13:29:28,1:scheduled,2026-07-31T20:35:58Z
136317866,800553074,scheduled,ACTIVE,S,1,Pole Upgrade,,Unincorporated Area,LOS ANGELES,91384,34.42884476,-118.690609,2026-08-03T13:00:00Z,8/3/2026 14:00,Work is in progress.,Enhancing Reliability,6,PO,59,SAUGUS,7/22/2026 16:59,2026-07-31T13:29:28,1:scheduled,2026-07-31T20:35:58Z
136358561,800556374,scheduled,ACTIVE,S,80,Transformer Upgrade,,SANTA CLARITA,LOS ANGELES,91355,34.38451256,-118.5550151,2026-08-11T10:00:00Z,8/11/2026 16:00,Work is in progress.,Enhancing Reliability,6,PO,59,SAUGUS,7/31/2026 11:34,2026-07-31T13:29:28,1:scheduled,2026-07-31T20:35:58Z
136349634,800555555,scheduled,ACTIVE,S,683,Cable Upgrade,,LAGUNA WOODS,ORANGE,92653,33.6119456,-117.7497983,2026-08-10T08:00:00Z,8/10/2026 16:00,Work is in progress.,Enhancing Reliability,18,PO,43,ELLIS,7/29/2026 17:27,2026-07-31T13:29:28,1:scheduled,2026-07-31T20:35:58Z
136317805,800553149,scheduled,ACTIVE,S,58,Upgrading Equipment,,Unincorporated Area,LOS ANGELES,93543,34.57617671,-117.9534229,2026-08-03T09:00:00Z,8/3/2026 17:00,Work is in progress.,Enhancing Reliability,6,PO,36,VINCENT,7/22/2026 16:43,2026-07-31T13:29:28,1:scheduled,2026-07-31T20:35:58Z
136342059,800554995,scheduled,ACTIVE,S,40,Transformer Upgrade,,LA HABRA,ORANGE,90631,33.9116404,-117.9563619,2026-08-06T12:00:00Z,8/6/2026 15:30,Work is in progress.,Enhancing Reliability,18,PO,48,VILLA PARK,7/28/2026 10:03,2026-07-31T13:29:28,1:scheduled,2026-07-31T20:35:58Z
136310333,800552620,scheduled,ACTIVE,S,4,Pole Upgrade,,COMMERCE,LOS ANGELES,90040,34.00118304,-118.1583078,2026-08-02T09:00:00Z,8/2/2026 19:00,Work is in progress.,Enhancing Reliability,6,PO,32,LIGHTHIPE,7/21/2026 8:23,2026-07-31T13:29:28,1:scheduled,2026-07-31T20:35:58Z
136348798,800555595,scheduled,ACTIVE,S,36,Upgrading Equipment,,PALOS VERDES ESTATES,LOS ANGELES,90274,33.78383754,-118.3877913,2026-08-03T08:00:00Z,8/3/2026 12:00,Work is in progress.,Enhancing Reliability,18,PO,44,EL NIDO,7/29/2026 13:51,2026-07-31T13:29:28,1:scheduled,2026-07-31T20:35:58Z
136354498,800555979,scheduled,ACTIVE,S,49,Upgrading Equipment,,CARSON,LOS ANGELES,90746,33.86292567,-118.2730232,2026-08-10T09:00:00Z,8/10/2026 15:00,Work is in progress.,Enhancing Reliability,6,PO,32,LIGHTHIPE,7/30/2026 16:35,2026-07-31T13:29:28,1:scheduled,2026-07-31T20:35:58Z
136349334,800555649,scheduled,ACTIVE,S,50,Transformer Upgrade,,SEAL BEACH,ORANGE,90740,33.76701141,-118.0829121,2026-08-10T09:00:00Z,8/10/2026 15:00,Work is in progress.,Enhancing Reliability,6,PO,46,LIGHTHIPE,7/29/2026 16:02,2026-07-31T13:29:28,1:scheduled,2026-07-31T20:35:58Z
136344265,800555251,scheduled,ACTIVE,S,47,Upgrading Equipment,,IRWINDALE,LOS ANGELES,91702,34.12398092,-117.9328636,2026-08-05T22:00:00Z,8/6/2026 3:30,Work is in progress.,Enhancing Reliability,18,PO,27,MESA,7/28/2026 17:38,2026-07-31T13:29:28,1:scheduled,2026-07-31T20:35:58Z
136328219,800553998,scheduled,ACTIVE,S,14,Upgrading Equipment,,WESTMINSTER,ORANGE,92683,33.73995308,-118.0056592,2026-08-04T12:30:00Z,8/4/2026 15:00,Work is in progress.,Enhancing Reliability,6,PO,33,VILLA PARK,7/25/2026 6:24,2026-07-31T13:29:28,1:scheduled,2026-07-31T20:35:58Z
136323485,800553627,scheduled,ACTIVE,S,425,Upgrading Equipment,,CALABASAS,LOS ANGELES,91302,34.14579895,-118.6155726,2026-08-05T21:00:00Z,8/6/2026 5:00,Work is in progress.,Enhancing Reliability,20,PO,35,MOORPARK,7/30/2026 17:50,2026-07-31T13:29:28,1:scheduled,2026-07-31T20:35:58Z
136344209,800555175,scheduled,ACTIVE,S,422,Upgrading Equipment,,YORBA LINDA,ORANGE,92886,33.90556746,-117.8294755,2026-08-07T09:00:00Z,8/7/2026 16:00,Work is in progress.,Enhancing Reliability,6,PO,48,VILLA PARK,7/28/2026 17:14,2026-07-31T13:29:28,1:scheduled,2026-07-31T20:35:58Z
136341941,800555103,scheduled,ACTIVE,S,3,Transformer Upgrade,,CARSON,LOS ANGELES,90810,33.82517108,-118.2326424,2026-08-09T08:00:00Z,8/9/2026 15:00,Work is in progress.,Enhancing Reliability,6,PO,32,LIGHTHIPE,7/28/2026 9:35,2026-07-31T13:29:28,1:scheduled,2026-07-31T20:35:58Z
136354691,800556073,scheduled,ACTIVE,S,152,Upgrading Equipment,,DUARTE,LOS ANGELES,91010,34.14289519,-117.9419591,2026-08-11T10:00:00Z,8/11/2026 13:00,Work is in progress.,Enhancing Reliability,6,PO,27,MESA,7/30/2026 17:47,2026-07-31T13:29:28,1:scheduled,2026-07-31T20:35:58Z
136328223,800553936,scheduled,ACTIVE,S,39,Upgrading Equipment,,Unincorporated Area,LOS ANGELES,90290,34.09715496,-118.5989538,2026-08-07T08:00:00Z,8/7/2026 14:00,Work is in progress.,Enhancing Reliability,6,PO,35,MOORPARK,7/25/2026 6:25,2026-07-31T13:29:28,1:scheduled,2026-07-31T20:35:58Z
136328454,800554163,scheduled,ACTIVE,S,2,Upgrading Equipment,,SOUTH PASADENA,LOS ANGELES,91030,34.11790455,-118.1671991,2026-08-07T09:00:00Z,8/7/2026 14:00,Work is in progress.,Enhancing Reliability,6,PO,27,MESA,7/25/2026 8:08,2026-07-31T13:29:28,1:scheduled,2026-07-31T20:35:58Z
136349298,800555499,scheduled,ACTIVE,S,835,Upgrading Equipment,,WILLOWBROOK,LOS ANGELES,90061,33.91560933,-118.2670459,2026-08-07T22:00:00Z,8/8/2026 6:00,Work is in progress.,Enhancing Reliability,18,PO,32,LIGHTHIPE,7/29/2026 15:51,2026-07-31T13:29:28,1:scheduled,2026-07-31T20:35:58Z
136344151,800555159,scheduled,ACTIVE,S,7,Upgrading Equipment,,Unincorporated Area,LOS ANGELES,91384,34.44208264,-118.6083838,2026-08-07T08:00:00Z,8/7/2026 11:00,Work is in progress.,Enhancing Reliability,18,PO,59,SAUGUS,7/28/2026 17:01,2026-07-31T13:29:28,1:scheduled,2026-07-31T20:35:58Z
136325474,800553907,scheduled,ACTIVE,S,30,Transformer Upgrade,,COMMERCE,LOS ANGELES,90040,33.9774688,-118.1368662,2026-08-01T08:00:00Z,8/1/2026 15:00,Work is in progress.,Enhancing Reliability,6,PO,32,LIGHTHIPE,7/24/2026 17:36,2026-07-31T13:29:28,1:scheduled,2026-07-31T20:35:58Z
136324080,800553763,scheduled,ACTIVE,S,13,Pole Upgrade,,Unincorporated Area,LOS ANGELES,93591,34.58030193,-117.9537278,2026-08-04T08:00:00Z,8/4/2026 19:00,Work is in progress.,Enhancing Reliability,6,PO,36,VINCENT,7/24/2026 11:08,2026-07-31T13:29:28,1:scheduled,2026-07-31T20:35:58Z
136353678,800555928,scheduled,ACTIVE,S,36,Transformer Upgrade,,CALABASAS,LOS ANGELES,91302,34.13251694,-118.6615078,2026-08-11T08:00:00Z,8/11/2026 10:00,Work is in progress.,Enhancing Reliability,18,PO,35,MOORPARK,7/30/2026 13:16,2026-07-31T13:29:28,1:scheduled,2026-07-31T20:35:58Z
136322026,800553526,scheduled,ACTIVE,S,41,Pole Upgrade,,LONG BEACH,LOS ANGELES,90815,33.79713144,-118.142189,2026-08-04T22:00:00Z,8/5/2026 3:00,Work is in progress.,Enhancing Reliability,6,PO,46,LIGHTHIPE,7/23/2026 15:08,2026-07-31T13:29:28,1:scheduled,2026-07-31T20:35:58Z
136344160,800555188,scheduled,ACTIVE,S,2,Transformer Upgrade,,YORBA LINDA,ORANGE,92886,33.89010942,-117.8131706,2026-08-07T21:00:00Z,8/8/2026 1:00,Work is in progress.,Enhancing Reliability,18,PO,48,VILLA PARK,7/28/2026 17:00,2026-07-31T13:29:29,1:scheduled,2026-07-31T20:35:58Z
136317523,800553109,scheduled,ACTIVE,S,80,Transformer Upgrade,,WESTLAKE VILLAGE,LOS ANGELES,91362,34.15157305,-118.7933552,2026-08-03T08:30:00Z,8/3/2026 16:30,Work is in progress.,Enhancing Reliability,18,PO,35,MOORPARK,7/22/2026 15:26,2026-07-31T13:29:29,1:scheduled,2026-07-31T20:35:58Z
136247971,800547785,scheduled,ACTIVE,S,17,Upgrading Equipment,,ARCADIA,LOS ANGELES,91007,34.14514839,-118.0614922,2026-08-06T12:00:00Z,8/6/2026 16:00,Work is in progress.,Enhancing Reliability,20,PO,27,MESA,7/15/2026 15:12,2026-07-31T13:29:29,1:scheduled,2026-07-31T20:35:58Z
136341822,800555067,scheduled,ACTIVE,S,260,Pole Upgrade,,BUENA PARK,ORANGE,90621,33.86317337,-118.0096891,2026-08-06T09:00:00Z,8/6/2026 17:00,Work is in progress.,Enhancing Reliability,6,PO,48,VILLA PARK,7/28/2026 9:22,2026-07-31T13:29:29,1:scheduled,2026-07-31T20:35:58Z
136354676,800556072,scheduled,ACTIVE,S,17,Upgrading Equipment,,LA CANADA FLINTRIDGE,LOS ANGELES,91011,34.22627203,-118.2179548,2026-08-11T09:00:00Z,8/11/2026 16:00,Work is in progress.,Enhancing Reliability,18,PO,27,MESA,7/30/2026 17:38,2026-07-31T13:29:29,1:scheduled,2026-07-31T20:35:58Z
136328844,800554054,scheduled,ACTIVE,S,509,Upgrading Equipment,,SANTA CLARITA,LOS ANGELES,91350,34.45025851,-118.4904379,2026-08-04T10:00:00Z,8/4/2026 15:00,Work is in progress.,Enhancing Reliability,6,PO,59,SAUGUS,7/25/2026 10:06,2026-07-31T13:29:29,1:scheduled,2026-07-31T20:35:58Z
136328861,800554138,scheduled,ACTIVE,S,64,Upgrading Equipment,,COMPTON,LOS ANGELES,90222,33.91060145,-118.2371641,2026-08-10T08:00:00Z,8/10/2026 15:00,Work is in progress.,Enhancing Reliability,18,PO,32,LIGHTHIPE,7/25/2026 10:17,2026-07-31T13:29:29,1:scheduled,2026-07-31T20:35:58Z
136349357,800555625,scheduled,ACTIVE,S,1,Pole Upgrade,,Unincorporated Area,LOS ANGELES,91384,34.47373487,-118.7152507,2026-08-07T12:00:00Z,8/7/2026 15:00,Work is in progress.,Enhancing Reliability,6,PO,59,SAUGUS,7/29/2026 16:16,2026-07-31T13:29:29,1:scheduled,2026-07-31T20:35:58Z
136317001,800552957,scheduled,ACTIVE,S,34,Upgrading Equipment,,EL MONTE,LOS ANGELES,91732,34.07791073,-118.015199,2026-08-04T08:30:00Z,8/4/2026 14:30,Work is in progress.,Enhancing Reliability,6,PO,22,MESA,7/22/2026 13:17,2026-07-31T13:29:29,1:scheduled,2026-07-31T20:35:58Z
136358264,800556400,scheduled,ACTIVE,S,7,Transformer Upgrade,,SANTA CLARITA,LOS ANGELES,91355,34.41909812,-118.5453251,2026-08-11T01:00:00Z,8/11/2026 6:30,Work is in progress.,Enhancing Reliability,6,PO,59,SAUGUS,7/31/2026 10:38,2026-07-31T13:29:29,1:scheduled,2026-07-31T20:35:58Z
136354629,800555957,scheduled,ACTIVE,S,6,Upgrading Equipment,,ARCADIA,LOS ANGELES,91007,34.11156364,-118.0456802,2026-08-06T08:30:00Z,8/6/2026 15:00,Work is in progress.,Enhancing Reliability,6,PO,27,MESA,7/30/2026 17:21,2026-07-31T13:29:29,1:scheduled,2026-07-31T20:35:58Z
136354639,800556058,scheduled,ACTIVE,S,3,Pole Upgrade,,LANCASTER,LOS ANGELES,93535,34.6909357,-118.1280624,2026-08-07T08:30:00Z,8/7/2026 15:00,Work is in progress.,Enhancing Reliability,6,PO,36,VINCENT,7/30/2026 17:23,2026-07-31T13:29:29,1:scheduled,2026-07-31T20:35:58Z
136325006,800553880,scheduled,ACTIVE,S,64,Upgrading Equipment,,LONG BEACH,LOS ANGELES,90802,33.77143516,-118.1822727,2026-08-05T22:00:00Z,8/6/2026 4:00,Work is in progress.,Enhancing Reliability,18,PO,46,LIGHTHIPE,7/24/2026 15:35,2026-07-31T13:29:29,1:scheduled,2026-07-31T20:35:58Z
136358363,800556295,scheduled,ACTIVE,S,13,Pole Upgrade,,Unincorporated Area,LOS ANGELES,93543,34.54827788,-117.9171167,2026-08-10T09:00:00Z,8/10/2026 18:30,Work is in progress.,Enhancing Reliability,6,PO,36,VINCENT,7/31/2026 11:02,2026-07-31T13:29:29,1:scheduled,2026-07-31T20:35:58Z
136321088,800553546,scheduled,ACTIVE,S,37,Upgrading Equipment,,NEWPORT BEACH,ORANGE,92660,33.62521741,-117.9024109,2026-08-03T09:00:00Z,8/3/2026 13:00,Work is in progress.,Enhancing Reliability,6,PO,33,ELLIS,7/23/2026 14:39,2026-07-31T13:29:29,1:scheduled,2026-07-31T20:35:58Z
136355024,800555918,scheduled,ACTIVE,S,13,Upgrading Equipment,,EAST LOS ANGELES,LOS ANGELES,90022,34.02010183,-118.1529305,2026-08-07T20:00:00Z,8/8/2026 8:00,Work is in progress.,Enhancing Reliability,18,PO,22,MESA,7/30/2026 19:34,2026-07-31T13:29:29,1:scheduled,2026-07-31T20:35:58Z
136317077,800553104,scheduled,ACTIVE,S,18,Pole Upgrade,,COMPTON,LOS ANGELES,90220,33.89743042,-118.2481732,2026-08-03T09:00:00Z,8/3/2026 19:00,Work is in progress.,Enhancing Reliability,6,PO,32,LIGHTHIPE,7/22/2026 13:33,2026-07-31T13:29:29,1:scheduled,2026-07-31T20:35:58Z
136339270,800554881,scheduled,ACTIVE,S,6,Pole Upgrade,,LENNOX,LOS ANGELES,90304,33.94307136,-118.369701,2026-08-04T20:30:00Z,8/5/2026 4:30,Work is in progress.,Enhancing Reliability,6,PO,44,EL NIDO,7/27/2026 16:15,2026-07-31T13:29:29,1:scheduled,2026-07-31T20:35:58Z
136328910,800554153,scheduled,ACTIVE,S,26,Upgrading Equipment,,INGLEWOOD,LOS ANGELES,90303,33.93183549,-118.3256027,2026-08-07T21:00:00Z,8/8/2026 5:00,Work is in progress.,Enhancing Reliability,6,PO,44,EL NIDO,7/25/2026 10:30,2026-07-31T13:29:29,1:scheduled,2026-07-31T20:35:58Z
136325450,800553945,scheduled,ACTIVE,S,255,Pole Upgrade,,SANTA ANA,ORANGE,92703,33.73575468,-117.8885351,2026-08-04T08:00:00Z,8/4/2026 16:00,Work is in progress.,Enhancing Reliability,18,PO,29,ELLIS,7/24/2026 17:30,2026-07-31T13:29:29,1:scheduled,2026-07-31T20:35:58Z
136320896,800553505,scheduled,ACTIVE,S,0,Upgrading Equipment,,WESTMINSTER,ORANGE,92683,33.74944862,-117.9998345,2026-08-02T09:00:00Z,8/2/2026 14:00,Work is in progress.,Enhancing Reliability,6,PO,33,VILLA PARK,7/23/2026 13:07,2026-07-31T13:29:29,1:scheduled,2026-07-31T20:35:58Z
136324967,800553842,scheduled,ACTIVE,S,2,Upgrading Equipment,,DOWNEY,LOS ANGELES,90241,33.927631,-118.1138962,2026-08-05T20:00:00Z,8/6/2026 6:00,Work is in progress.,Enhancing Reliability,6,PO,47,LIGHTHIPE,7/24/2026 15:23,2026-07-31T13:29:29,1:scheduled,2026-07-31T20:35:58Z
136348222,800555565,scheduled,ACTIVE,S,5,Transformer Upgrade,,ROLLING HILLS ESTATES,LOS ANGELES,90274,33.78781291,-118.3625644,2026-08-11T09:30:00Z,8/11/2026 15:00,Work is in progress.,Enhancing Reliability,6,PO,44,EL NIDO,7/29/2026 13:02,2026-07-31T13:29:29,1:scheduled,2026-07-31T20:35:58Z
136323418,800553741,scheduled,ACTIVE,S,137,Cable Upgrade,,LANCASTER,LOS ANGELES,93536,34.70182938,-118.2868932,2026-08-03T09:00:00Z,8/3/2026 16:00,Work is in progress.,Enhancing Reliability,6,PO,36,VINCENT,7/24/2026 8:37,2026-07-31T13:29:29,1:scheduled,2026-07-31T20:35:58Z
136323256,800553724,scheduled,ACTIVE,S,2,Upgrading Equipment,,GARDEN GROVE,ORANGE,92841,33.78998494,-118.0036221,2026-08-03T21:00:00Z,8/4/2026 2:00,Work is in progress.,Enhancing Reliability,18,PO,29,VILLA PARK,7/24/2026 8:01,2026-07-31T13:29:29,1:scheduled,2026-07-31T20:35:58Z
136299764,800551857,scheduled,ACTIVE,S,140,Transformer Upgrade,,SANTA ANA,ORANGE,92707,33.70141982,-117.8695297,2026-07-31T15:00:00Z,7/31/2026 19:00,Work is in progress.,Enhancing Reliability,18,PO,29,ELLIS,7/18/2026 9:16,2026-07-31T13:29:29,1:scheduled,2026-07-31T20:35:58Z
136328243,800554010,scheduled,ACTIVE,S,1,Upgrading Equipment,,ALTADENA,LOS ANGELES,91001,34.19110266,-118.1232433,2026-08-06T09:00:00Z,8/6/2026 14:00,Work is in progress.,Enhancing Reliability,6,PO,27,MESA,7/25/2026 6:45,2026-07-31T13:29:29,1:scheduled,2026-07-31T20:35:58Z
136328278,800554104,scheduled,ACTIVE,S,14,Upgrading Equipment,,FOUNTAIN VALLEY,ORANGE,92708,33.72696063,-117.9329349,2026-08-05T12:30:00Z,8/5/2026 15:00,Work is in progress.,Enhancing Reliability,6,PO,33,ELLIS,7/25/2026 7:15,2026-07-31T13:29:29,1:scheduled,2026-07-31T20:35:58Z
136317915,800553129,scheduled,ACTIVE,S,3,Pole Upgrade,,Unincorporated Area,LOS ANGELES,93536,34.77453755,-118.5693218,2026-08-04T08:00:00Z,8/4/2026 16:00,Work is in progress.,Enhancing Reliability,18,PO,36,VINCENT,7/22/2026 17:10,2026-07-31T13:29:29,1:scheduled,2026-07-31T20:35:58Z
136358632,800556350,scheduled,ACTIVE,S,2,Upgrading Equipment,,RANCHO PALOS VERDES,LOS ANGELES,90275,33.73848183,-118.322536,2026-08-10T09:00:00Z,8/10/2026 10:30,Work is in progress.,Enhancing Reliability,18,PO,44,EL NIDO,7/31/2026 11:57,2026-07-31T13:29:29,1:scheduled,2026-07-31T20:35:58Z
136344047,800555158,scheduled,ACTIVE,S,2,Upgrading Equipment,,Unincorporated Area,LOS ANGELES,91390,34.4902163,-118.4600319,2026-08-06T09:00:00Z,8/6/2026 15:00,Work is in progress.,Enhancing Reliability,6,PO,59,SAUGUS,7/28/2026 16:38,2026-07-31T13:29:29,1:scheduled,2026-07-31T20:35:58Z
136354161,800556017,scheduled,ACTIVE,S,59,Upgrading Equipment,,INGLEWOOD,LOS ANGELES,90301,33.95679505,-118.3536081,2026-08-10T09:30:00Z,8/10/2026 16:30,Work is in progress.,Enhancing Reliability,6,PO,44,EL NIDO,7/30/2026 15:27,2026-07-31T13:29:29,1:scheduled,2026-07-31T20:35:58Z
136328766,800554150,scheduled,ACTIVE,S,76,Upgrading Equipment,,TORRANCE,LOS ANGELES,90503,33.84428369,-118.3573941,2026-08-03T09:30:00Z,8/3/2026 17:00,Work is in progress.,Enhancing Reliability,6,PO,44,EL NIDO,7/25/2026 9:52,2026-07-31T13:29:29,1:scheduled,2026-07-31T20:35:58Z
136358641,800556317,scheduled,ACTIVE,S,44,Pole Upgrade,,SANTA CLARITA,LOS ANGELES,91355,34.40751641,-118.5666222,2026-08-12T09:00:00Z,8/12/2026 13:00,Work is in progress.,Enhancing Reliability,6,PO,59,SAUGUS,7/31/2026 11:52,2026-07-31T13:29:29,1:scheduled,2026-07-31T20:35:58Z
136325431,800553868,scheduled,ACTIVE,S,2,Upgrading Equipment,,Unincorporated Area,LOS ANGELES,91301,34.1133076,-118.7760379,2026-08-06T13:30:00Z,8/6/2026 14:00,Work is in progress.,Enhancing Reliability,18,PO,35,MOORPARK,7/24/2026 17:24,2026-07-31T13:29:29,1:scheduled,2026-07-31T20:35:58Z
136317994,800553194,scheduled,ACTIVE,S,16,Upgrading Equipment,,LAKEWOOD,LOS ANGELES,90712,33.84137867,-118.1525395,2026-08-01T09:00:00Z,8/1/2026 15:00,Work is in progress.,Enhancing Reliability,6,PO,46,LIGHTHIPE,7/22/2026 17:33,2026-07-31T13:29:29,1:scheduled,2026-07-31T20:35:58Z
136343941,800555229,scheduled,ACTIVE,S,18,Upgrading Equipment,,FOUNTAIN VALLEY,ORANGE,92708,33.71635934,-117.970908,2026-08-07T01:00:00Z,8/7/2026 6:30,Work is in progress.,Enhancing Reliability,6,PO,33,ELLIS,7/28/2026 16:10,2026-07-31T13:29:29,1:scheduled,2026-07-31T20:35:58Z
136300596,800551967,scheduled,ACTIVE,S,154,Upgrading Equipment,,HUNTINGTON BEACH,ORANGE,92646,33.66020884,-117.9838715,2026-08-03T09:00:00Z,8/3/2026 15:00,Work is in progress.,Enhancing Reliability,6,PO,33,ELLIS,7/18/2026 12:22,2026-07-31T13:29:29,1:scheduled,2026-07-31T20:35:58Z
136343943,800555157,scheduled,ACTIVE,S,182,Upgrading Equipment,,PALMDALE,LOS ANGELES,93552,34.57080327,-118.0413464,2026-08-06T09:00:00Z,8/6/2026 15:00,Work is in progress.,Enhancing Reliability,6,PO,36,VINCENT,7/28/2026 16:14,2026-07-31T13:29:29,1:scheduled,2026-07-31T20:35:58Z
136328245,800553938,scheduled,ACTIVE,S,9,Pole Upgrade,,CHARTER OAK,LOS ANGELES,91724,34.09840679,-117.855199,2026-08-04T09:00:00Z,8/4/2026 19:00,Work is in progress.,Enhancing Reliability,6,PO,26,MIRA LOMA,7/25/2026 6:42,2026-07-31T13:29:29,1:scheduled,2026-07-31T20:35:58Z
136337279,800554700,scheduled,ACTIVE,S,7,Upgrading Equipment,,SOUTH EL MONTE,LOS ANGELES,91733,34.05234074,-118.048394,2026-08-05T11:00:00Z,8/5/2026 13:30,Work is in progress.,Enhancing Reliability,6,PO,22,MESA,7/27/2026 9:36,2026-07-31T13:29:29,1:scheduled,2026-07-31T20:35:58Z
136308316,800552373,scheduled,ACTIVE,S,4,Upgrading Equipment,,DOWNEY,LOS ANGELES,90242,33.92311731,-118.151489,2026-07-31T21:00:00Z,8/1/2026 4:00,Work is in progress.,Enhancing Reliability,6,PO,47,LIGHTHIPE,7/20/2026 14:44,2026-07-31T13:29:29,1:scheduled,2026-07-31T20:35:58Z
136325389,800553885,scheduled,ACTIVE,S,15,Upgrading Equipment,,PALOS VERDES ESTATES,LOS ANGELES,90274,33.79735017,-118.3647295,2026-08-03T08:00:00Z,8/3/2026 10:00,Work is in progress.,Enhancing Reliability,18,PO,44,EL NIDO,7/24/2026 17:13,2026-07-31T13:29:29,1:scheduled,2026-07-31T20:35:58Z
136328261,800553939,scheduled,ACTIVE,S,1,Upgrading Equipment,,CALABASAS,LOS ANGELES,91302,34.14237772,-118.7004175,2026-08-07T08:00:00Z,8/7/2026 14:00,Work is in progress.,Enhancing Reliability,6,PO,35,MOORPARK,7/25/2026 6:54,2026-07-31T13:29:29,1:scheduled,2026-07-31T20:35:58Z
136312051,800552710,scheduled,ACTIVE,S,35,Upgrading Equipment,,ALHAMBRA,LOS ANGELES,91801,34.0859853,-118.1240284,2026-08-02T09:00:00Z,8/2/2026 16:00,Work is in progress.,Enhancing Reliability,6,PO,22,MESA,7/21/2026 15:02,2026-07-31T13:29:29,1:scheduled,2026-07-31T20:35:58Z
136328862,800554204,scheduled,ACTIVE,S,16,Pole Upgrade,,SANTA MONICA,LOS ANGELES,90405,34.00777169,-118.4730362,2026-08-06T08:30:00Z,8/6/2026 17:30,Work is in progress.,Enhancing Reliability,6,PO,42,EL NIDO,7/25/2026 10:15,2026-07-31T13:29:29,1:scheduled,2026-07-31T20:35:58Z
136325479,800553946,scheduled,ACTIVE,S,21,Upgrading Equipment,,SANTA ANA,ORANGE,92704,33.71986342,-117.9063215,2026-08-04T09:00:00Z,8/4/2026 16:00,Work is in progress.,Enhancing Reliability,6,PO,29,ELLIS,7/24/2026 17:37,2026-07-31T13:29:29,1:scheduled,2026-07-31T20:35:58Z
136324788,800553827,scheduled,ACTIVE,S,116,Pole Upgrade,,ROWLAND HEIGHTS,LOS ANGELES,91748,33.98968711,-117.8995236,2026-08-03T08:00:00Z,8/3/2026 16:00,Work is in progress.,Enhancing Reliability,18,PO,26,MIRA LOMA,7/24/2026 14:24,2026-07-31T13:29:29,1:scheduled,2026-07-31T20:35:58Z
136354538,800556141,scheduled,ACTIVE,S,33,Upgrading Equipment,,COMPTON,LOS ANGELES,90221,33.90147585,-118.2063701,2026-08-11T08:00:00Z,8/11/2026 12:00,Work is in progress.,Enhancing Reliability,18,PO,32,LIGHTHIPE,7/30/2026 16:44,2026-07-31T13:29:29,1:scheduled,2026-07-31T20:35:58Z
136328682,800554187,scheduled,ACTIVE,S,1,Transformer Upgrade,,IRVINE,ORANGE,92618,33.66578857,-117.7876401,2026-08-05T13:00:00Z,8/5/2026 15:30,Work is in progress.,Enhancing Reliability,18,PO,43,ELLIS,7/25/2026 9:16,2026-07-31T13:29:29,1:scheduled,2026-07-31T20:35:58Z
136347682,800555418,scheduled,ACTIVE,S,101,Upgrading Equipment,,TEMPLE CITY,LOS ANGELES,91780,34.11095399,-118.0730495,2026-08-10T09:00:00Z,8/10/2026 16:30,Work is in progress.,Enhancing Reliability,18,PO,27,MESA,7/29/2026 10:36,2026-07-31T13:29:29,1:scheduled,2026-07-31T20:35:58Z
136342912,800555150,scheduled,ACTIVE,S,6,Upgrading Equipment,,MONROVIA,LOS ANGELES,91016,34.15484402,-118.007105,2026-08-04T09:30:00Z,8/4/2026 14:00,Work is in progress.,Enhancing Reliability,6,PO,27,MESA,7/28/2026 12:51,2026-07-31T13:29:29,1:scheduled,2026-07-31T20:35:58Z
136358322,800556386,scheduled,ACTIVE,S,4,Pole Upgrade,,SANTA CLARITA,LOS ANGELES,91321,34.37948795,-118.4964697,2026-08-11T08:30:00Z,8/11/2026 15:30,Work is in progress.,Enhancing Reliability,6,PO,59,SAUGUS,7/31/2026 10:51,2026-07-31T13:29:29,1:scheduled,2026-07-31T20:35:58Z
136354806,800556181,scheduled,ACTIVE,S,1,Upgrading Equipment,,HAWTHORNE,LOS ANGELES,90250,33.92289562,-118.3336244,2026-08-10T09:00:00Z,8/10/2026 16:00,Work is in progress.,Enhancing Reliability,6,PO,44,EL NIDO,7/30/2026 18:12,2026-07-31T13:29:29,1:scheduled,2026-07-31T20:35:58Z
136352687,800555776,scheduled,ACTIVE,S,1,Upgrading Equipment,,SANTA FE SPRINGS,LOS ANGELES,90670,33.94656785,-118.0669886,2026-08-11T04:00:00Z,8/11/2026 6:00,Work is in progress.,Enhancing Reliability,6,PO,47,LIGHTHIPE,7/30/2026 9:13,2026-07-31T13:29:29,1:scheduled,2026-07-31T20:35:58Z
136347742,800555452,scheduled,ACTIVE,S,19,Upgrading Equipment,,ROSEMEAD,LOS ANGELES,91770,34.05797209,-118.1046686,2026-08-11T08:30:00Z,8/11/2026 13:30,Work is in progress.,Enhancing Reliability,6,PO,22,MESA,7/29/2026 10:44,2026-07-31T13:29:29,1:scheduled,2026-07-31T20:35:58Z
136328262,800554029,scheduled,ACTIVE,S,7,Upgrading Equipment,,NEWPORT BEACH,ORANGE,92660,33.62437551,-117.8657592,2026-08-05T12:30:00Z,8/5/2026 15:30,Work is in progress.,Enhancing Reliability,6,PO,33,ELLIS,7/25/2026 7:02,2026-07-31T13:29:29,1:scheduled,2026-07-31T20:35:58Z
136336991,800554516,scheduled,ACTIVE,S,2,Upgrading Equipment,,BELLFLOWER,LOS ANGELES,90706,33.87428414,-118.1272763,2026-08-04T09:00:00Z,8/4/2026 15:15,Work is in progress.,Enhancing Reliability,6,PO,32,LIGHTHIPE,7/27/2026 8:40,2026-07-31T13:29:29,1:scheduled,2026-07-31T20:35:58Z
136339156,800554639,scheduled,ACTIVE,S,19,Upgrading Equipment,,Unincorporated Area,LOS ANGELES,90290,34.07462526,-118.6279987,2026-08-07T08:00:00Z,8/7/2026 16:00,Work is in progress.,Enhancing Reliability,18,PO,35,MOORPARK,7/27/2026 15:45,2026-07-31T13:29:29,1:scheduled,2026-07-31T20:35:58Z
136339144,800554657,scheduled,ACTIVE,S,3,Upgrading Equipment,,Unincorporated Area,LOS ANGELES,90290,34.07623226,-118.6178571,2026-08-07T08:00:00Z,8/7/2026 16:00,Work is in progress.,Enhancing Reliability,18,PO,35,MOORPARK,7/27/2026 15:41,2026-07-31T13:29:29,1:scheduled,2026-07-31T20:35:58Z
136325566,800553911,scheduled,ACTIVE,S,30,Upgrading Equipment,,MONTEBELLO,LOS ANGELES,90640,34.0261416,-118.1383909,2026-08-06T07:00:00Z,8/6/2026 17:00,Work is in progress.,Enhancing Reliability,14,PO,22,MESA,7/25/2026 4:56,2026-07-31T13:29:29,1:scheduled,2026-07-31T20:35:58Z
136354665,800555914,scheduled,ACTIVE,S,70,Upgrading Equipment,,ALHAMBRA,LOS ANGELES,91801,34.10390601,-118.130235,2026-08-11T08:00:00Z,8/11/2026 16:00,Work is in progress.,Enhancing Reliability,18,PO,22,MESA,7/30/2026 17:35,2026-07-31T13:29:29,1:scheduled,2026-07-31T20:35:58Z
136328253,800554012,scheduled,ACTIVE,S,19,Upgrading Equipment,,MAYFLOWER VILLAGE,LOS ANGELES,91006,34.11052557,-118.0130018,2026-08-06T13:00:00Z,8/6/2026 16:00,Work is in progress.,Enhancing Reliability,18,PO,27,MESA,7/25/2026 6:53,2026-07-31T13:29:29,1:scheduled,2026-07-31T20:35:58Z
136354345,800556065,scheduled,ACTIVE,S,41,Pole Upgrade,,LA PUENTE,LOS ANGELES,91744,34.02547885,-117.945087,2026-08-10T08:00:00Z,8/10/2026 16:00,Work is in progress.,Enhancing Reliability,18,PO,26,MIRA LOMA,7/30/2026 15:59,2026-07-31T13:29:29,1:scheduled,2026-07-31T20:35:58Z
136354660,800556143,scheduled,ACTIVE,S,30,Transformer Upgrade,,SAN DIMAS,LOS ANGELES,91773,34.12196472,-117.8082564,2026-08-10T09:00:00Z,8/10/2026 15:00,Work is in progress.,Enhancing Reliability,6,PO,26,MIRA LOMA,7/30/2026 17:30,2026-07-31T13:29:29,1:scheduled,2026-07-31T20:35:58Z
136328225,800554063,scheduled,ACTIVE,S,23,Transformer Upgrade,,PLACENTIA,ORANGE,92870,33.86854751,-117.8314997,2026-08-05T08:00:00Z,8/5/2026 11:00,Work is in progress.,Enhancing Reliability,18,PO,48,VILLA PARK,7/25/2026 6:38,2026-07-31T13:29:29,1:scheduled,2026-07-31T20:35:58Z
136299776,800551892,scheduled,ACTIVE,S,2,Upgrading Equipment,,IRVINE,ORANGE,92614,33.69546017,-117.8617122,2026-08-01T08:00:00Z,8/1/2026 15:00,Work is in progress.,Enhancing Reliability,6,PO,43,ELLIS,7/18/2026 9:19,2026-07-31T13:29:29,1:scheduled,2026-07-31T20:35:58Z
136323196,800553592,scheduled,ACTIVE,S,5,Upgrading Equipment,,ORANGE,ORANGE,92868,33.7853559,-117.8894843,2026-08-03T19:30:00Z,8/3/2026 22:30,Work is in progress.,Enhancing Reliability,6,PO,29,VILLA PARK,7/24/2026 7:23,2026-07-31T13:29:29,1:scheduled,2026-07-31T20:35:58Z
136278650,800550286,scheduled,ACTIVE,S,2,Upgrading Equipment,,ARCADIA,LOS ANGELES,91006,34.10301641,-118.0087889,2026-08-07T08:00:00Z,8/7/2026 12:00,Work is in progress.,Enhancing Reliability,6,PO,27,MESA,7/14/2026 10:58,2026-07-31T13:29:29,1:scheduled,2026-07-31T20:35:58Z
136354171,800555995,scheduled,ACTIVE,S,15,Pole Upgrade,,INDUSTRY,LOS ANGELES,91748,33.99301544,-117.9041804,2026-08-05T04:30:00Z,8/5/2026 15:00,Work is in progress.,Enhancing Reliability,18,PO,26,MIRA LOMA,7/30/2026 15:17,2026-07-31T13:29:29,1:scheduled,2026-07-31T20:35:58Z
136310580,800552606,scheduled,ACTIVE,S,8,Upgrading Equipment,,MONTEREY PARK,LOS ANGELES,91755,34.03943959,-118.105901,2026-08-01T08:00:00Z,8/1/2026 14:00,Work is in progress.,Enhancing Reliability,18,PO,22,MESA,7/21/2026 9:03,2026-07-31T13:29:29,1:scheduled,2026-07-31T20:35:58Z
136338073,800554652,scheduled,ACTIVE,S,16,Upgrading Equipment,,INGLEWOOD,LOS ANGELES,90305,33.95859389,-118.3227475,2026-08-07T10:00:00Z,8/7/2026 16:30,Work is in progress.,Enhancing Reliability,6,PO,44,EL NIDO,7/27/2026 12:01,2026-07-31T13:29:29,1:scheduled,2026-07-31T20:35:58Z
136328348,800554106,scheduled,ACTIVE,S,39,Pole Upgrade,,Unincorporated Area,LOS ANGELES,93543,34.57443132,-117.9646733,2026-08-05T10:00:00Z,8/5/2026 19:00,Work is in progress.,Enhancing Reliability,6,PO,36,VINCENT,7/25/2026 7:28,2026-07-31T13:29:29,1:scheduled,2026-07-31T20:35:58Z
136344234,800555190,scheduled,ACTIVE,S,26,Transformer Upgrade,,HUNTINGTON BEACH,ORANGE,92649,33.7125713,-118.0448671,2026-08-07T09:00:00Z,8/7/2026 13:00,Work is in progress.,Enhancing Reliability,6,PO,33,VILLA PARK,7/28/2026 17:21,2026-07-31T13:29:29,1:scheduled,2026-07-31T20:35:58Z
136328271,800554120,scheduled,ACTIVE,S,32,Pole Upgrade,,LA PUENTE,LOS ANGELES,91744,34.03539412,-117.9421693,2026-08-04T09:15:00Z,8/4/2026 15:00,Work is in progress.,Enhancing Reliability,6,PO,26,MIRA LOMA,7/25/2026 7:02,2026-07-31T13:29:29,1:scheduled,2026-07-31T20:35:58Z
136314379,800552697,scheduled,ACTIVE,S,272,Upgrading Equipment,,MONTEREY PARK,LOS ANGELES,91755,34.04821613,-118.1253894,2026-08-03T10:00:00Z,8/3/2026 15:00,Work is in progress.,Enhancing Reliability,6,PO,22,MESA,7/22/2026 7:09,2026-07-31T13:29:29,1:scheduled,2026-07-31T20:35:58Z
136337117,800554556,scheduled,ACTIVE,S,36,Pole Upgrade,,HAWTHORNE,LOS ANGELES,90250,33.90814325,-118.3515623,2026-08-03T08:00:00Z,8/3/2026 11:00,Work is in progress.,Enhancing Reliability,18,PO,44,EL NIDO,7/27/2026 9:10,2026-07-31T13:29:29,1:scheduled,2026-07-31T20:35:58Z
136353384,800555945,scheduled,ACTIVE,S,1,Upgrading Equipment,,FULLERTON,ORANGE,92833,33.88810721,-117.9425669,2026-08-10T09:00:00Z,8/10/2026 16:00,Work is in progress.,Enhancing Reliability,6,PO,48,VILLA PARK,7/30/2026 12:00,2026-07-31T13:29:29,1:scheduled,2026-07-31T20:35:58Z
136328462,800554108,scheduled,ACTIVE,S,15,Upgrading Equipment,,PICO RIVERA,LOS ANGELES,90660,33.99375799,-118.0932249,2026-08-07T09:00:00Z,8/7/2026 13:00,Work is in progress.,Enhancing Reliability,6,PO,47,LIGHTHIPE,7/25/2026 8:12,2026-07-31T13:29:29,1:scheduled,2026-07-31T20:35:58Z
136312665,800552686,scheduled,ACTIVE,S,104,Cable Upgrade,,BUENA PARK,ORANGE,90620,33.83989924,-117.9952055,2026-07-31T23:00:00Z,8/1/2026 6:30,Work is in progress.,Enhancing Reliability,18,PO,48,VILLA PARK,7/21/2026 18:22,2026-07-31T13:29:29,1:scheduled,2026-07-31T20:35:58Z
136341407,800554967,scheduled,ACTIVE,S,15,Upgrading Equipment,,MONTEREY PARK,LOS ANGELES,91755,34.0453556,-118.1025147,2026-08-10T08:30:00Z,8/10/2026 14:00,Work is in progress.,Enhancing Reliability,6,PO,22,MESA,7/28/2026 7:59,2026-07-31T13:29:29,1:scheduled,2026-07-31T20:35:58Z
136296252,800551558,scheduled,ACTIVE,S,26,Upgrading Equipment,,MONTEREY PARK,LOS ANGELES,91755,34.06450715,-118.1119444,2026-08-04T09:00:00Z,8/4/2026 18:30,Work is in progress.,Enhancing Reliability,14,PO,22,MESA,7/29/2026 14:19,2026-07-31T13:29:29,1:scheduled,2026-07-31T20:35:58Z
136328212,800554009,scheduled,ACTIVE,S,11,Upgrading Equipment,,NEWPORT BEACH,ORANGE,92625,33.60526308,-117.8704354,2026-08-04T12:30:00Z,8/4/2026 15:30,Work is in progress.,Enhancing Reliability,6,PO,33,ELLIS,7/25/2026 6:14,2026-07-31T13:29:29,1:scheduled,2026-07-31T20:35:58Z
136353881,800555934,scheduled,ACTIVE,S,81,Upgrading Equipment,,SANTA MONICA,LOS ANGELES,90404,34.01328832,-118.4832824,2026-08-09T09:00:00Z,8/9/2026 17:00,Work is in progress.,Enhancing Reliability,6,PO,42,EL NIDO,7/30/2026 14:11,2026-07-31T13:29:29,1:scheduled,2026-07-31T20:35:58Z
136314447,800552898,scheduled,ACTIVE,S,16,Upgrading Equipment,,MONTEREY PARK,LOS ANGELES,91755,34.06187842,-118.1213904,2026-08-04T00:00:00Z,8/4/2026 8:00,Work is in progress.,Enhancing Reliability,6,PO,22,MESA,7/25/2026 7:28,2026-07-31T13:29:29,1:scheduled,2026-07-31T20:35:58Z
136328222,800553979,scheduled,ACTIVE,S,8,Upgrading Equipment,,LA CANADA FLINTRIDGE,LOS ANGELES,91011,34.20430114,-118.1817758,2026-08-06T08:00:00Z,8/6/2026 16:00,Work is in progress.,Enhancing Reliability,18,PO,27,MESA,7/25/2026 6:26,2026-07-31T13:29:29,1:scheduled,2026-07-31T20:35:58Z
136325548,800553949,scheduled,ACTIVE,S,3,Transformer Upgrade,,CUDAHY,LOS ANGELES,90201,33.96578144,-118.1923681,2026-08-06T09:00:00Z,8/6/2026 18:00,Work is in progress.,Enhancing Reliability,6,PO,32,LIGHTHIPE,7/24/2026 17:57,2026-07-31T13:29:29,1:scheduled,2026-07-31T20:35:58Z
136348882,800555645,scheduled,ACTIVE,S,43,Upgrading Equipment,,RANCHO PALOS VERDES,LOS ANGELES,90275,33.78290036,-118.386786,2026-08-03T08:00:00Z,8/3/2026 12:00,Work is in progress.,Enhancing Reliability,18,PO,44,EL NIDO,7/29/2026 14:04,2026-07-31T13:29:29,1:scheduled,2026-07-31T20:35:58Z
136344144,800555212,scheduled,ACTIVE,S,57,Upgrading Equipment,,SANTA ANA,ORANGE,92706,33.77602339,-117.8722866,2026-08-07T21:00:00Z,8/8/2026 1:00,Work is in progress.,Enhancing Reliability,18,PO,29,VILLA PARK,7/28/2026 16:57,2026-07-31T13:29:29,1:scheduled,2026-07-31T20:35:58Z
136349469,800555690,scheduled,ACTIVE,S,73,Upgrading Equipment,,IRVINE,ORANGE,92602,33.72158327,-117.7908643,2026-08-08T08:00:00Z,8/8/2026 15:00,Work is in progress.,Enhancing Reliability,6,PO,43,ELLIS,7/29/2026 16:50,2026-07-31T13:29:29,1:scheduled,2026-07-31T20:35:58Z
136328489,800554128,scheduled,ACTIVE,S,1,Upgrading Equipment,,LANCASTER,LOS ANGELES,93535,34.6702734,-118.0625641,2026-08-05T12:00:00Z,8/5/2026 18:30,Work is in progress.,Enhancing Reliability,6,PO,36,VINCENT,7/25/2026 8:20,2026-07-31T13:29:29,1:scheduled,2026-07-31T20:35:58Z
136343858,800555225,scheduled,ACTIVE,S,122,Upgrading Equipment,,VIEW PARK-WINDSOR HILLS,LOS ANGELES,90043,33.98985103,-118.3553094,2026-08-12T08:00:00Z,8/12/2026 10:30,Work is in progress.,Enhancing Reliability,20,PO,44,EL NIDO,7/29/2026 6:50,2026-07-31T13:29:29,1:scheduled,2026-07-31T20:35:58Z
136300609,800551954,scheduled,ACTIVE,S,53,Upgrading Equipment,,GARDEN GROVE,ORANGE,92845,33.77716562,-118.0391821,2026-08-03T08:00:00Z,8/3/2026 15:00,Work is in progress.,Enhancing Reliability,18,PO,29,VILLA PARK,7/18/2026 12:28,2026-07-31T13:29:29,1:scheduled,2026-07-31T20:35:58Z
136328752,800554202,scheduled,ACTIVE,S,2,Upgrading Equipment,,Unincorporated Area,LOS ANGELES,91302,34.14156762,-118.7041182,2026-08-05T22:00:00Z,8/6/2026 5:00,Work is in progress.,Enhancing Reliability,6,PO,35,MOORPARK,7/25/2026 9:35,2026-07-31T13:29:29,1:scheduled,2026-07-31T20:35:58Z
136352829,800555816,scheduled,ACTIVE,S,1,Upgrading Equipment,,NEWPORT BEACH,ORANGE,92660,33.64245359,-117.8671646,2026-08-10T09:00:00Z,8/10/2026 11:00,Work is in progress.,Enhancing Reliability,6,PO,33,ELLIS,7/30/2026 9:43,2026-07-31T13:29:29,1:scheduled,2026-07-31T20:35:58Z
136202942,800544860,scheduled,ACTIVE,S,1,Transformer Upgrade,,GARDENA,LOS ANGELES,90249,33.89112479,-118.3157992,2026-08-03T08:00:00Z,8/3/2026 12:00,Work is in progress.,Enhancing Reliability,20,PO,44,EL NIDO,7/10/2026 7:29,2026-07-31T13:29:29,1:scheduled,2026-07-31T20:35:58Z
136310937,800552497,scheduled,ACTIVE,S,2,Upgrading Equipment,,Unincorporated Area,LOS ANGELES,91384,34.45036276,-118.5993263,2026-08-05T05:00:00Z,10/2/2026 16:00,Work is in progress.,Enhancing Reliability,14,PO,59,SAUGUS,7/22/2026 6:49,2026-07-31T13:29:29,1:scheduled,2026-07-31T20:35:58Z
136352296,800555828,scheduled,ACTIVE,S,130,Upgrading Equipment,,SANTA CLARITA,LOS ANGELES,91355,34.4042273,-118.5579251,2026-08-10T09:00:00Z,8/10/2026 15:00,Work is in progress.,Enhancing Reliability,6,PO,59,SAUGUS,7/30/2026 7:50,2026-07-31T13:29:29,1:scheduled,2026-07-31T20:35:58Z
136341205,800554947,scheduled,ACTIVE,S,14,Transformer Upgrade,,ROWLAND HEIGHTS,LOS ANGELES,91748,33.99542001,-117.8828353,2026-08-09T01:00:00Z,8/9/2026 7:00,Work is in progress.,Enhancing Reliability,6,PO,26,MIRA LOMA,7/28/2026 5:54,2026-07-31T13:29:29,1:scheduled,2026-07-31T20:35:58Z
136352242,800555734,scheduled,ACTIVE,S,3,Upgrading Equipment,,ARCADIA,LOS ANGELES,91006,34.14282886,-118.0295332,2026-08-11T08:00:00Z,8/11/2026 15:00,Work is in progress.,Enhancing Reliability,18,PO,27,MESA,7/30/2026 7:25,2026-07-31T13:29:29,1:scheduled,2026-07-31T20:35:58Z
136314405,800552913,scheduled,ACTIVE,S,19,Upgrading Equipment,,MONROVIA,LOS ANGELES,91016,34.15166131,-118.0102787,2026-08-03T22:00:00Z,8/4/2026 6:30,Work is in progress.,Enhancing Reliability,18,PO,27,MESA,7/22/2026 7:17,2026-07-31T13:29:29,1:scheduled,2026-07-31T20:35:58Z
136354675,800555959,scheduled,ACTIVE,S,53,Transformer Upgrade,,LA VERNE,LOS ANGELES,91750,34.1327931,-117.7774199,2026-08-10T09:00:00Z,8/10/2026 15:00,Work is in progress.,Enhancing Reliability,6,PO,26,MIRA LOMA,7/30/2026 17:38,2026-07-31T13:29:29,1:scheduled,2026-07-31T20:35:58Z
136328479,800554145,scheduled,ACTIVE,S,1,Upgrading Equipment,,Unincorporated Area,LOS ANGELES,90601,34.0235945,-118.0360875,2026-08-08T08:00:00Z,8/8/2026 15:00,Work is in progress.,Enhancing Reliability,6,PO,22,MESA,7/25/2026 8:20,2026-07-31T13:29:29,1:scheduled,2026-07-31T20:35:58Z
136325398,800553960,scheduled,ACTIVE,S,61,Transformer Upgrade,,PALMDALE,LOS ANGELES,93552,34.56891643,-118.0481432,2026-08-10T09:00:00Z,8/10/2026 15:00,Work is in progress.,Enhancing Reliability,14,PO,36,VINCENT,7/29/2026 17:17,2026-07-31T13:29:29,1:scheduled,2026-07-31T20:35:58Z
136344187,800555283,scheduled,ACTIVE,S,129,Upgrading Equipment,,SANTA ANA,ORANGE,92704,33.69767168,-117.8947289,2026-08-07T09:00:00Z,8/7/2026 15:00,Work is in progress.,Enhancing Reliability,6,PO,29,ELLIS,7/28/2026 17:06,2026-07-31T13:29:29,1:scheduled,2026-07-31T20:35:58Z
136343875,800555226,scheduled,ACTIVE,S,6,Transformer Upgrade,,DEL AIRE,LOS ANGELES,90045,33.92904523,-118.3769087,2026-08-06T09:30:00Z,8/6/2026 15:00,Work is in progress.,Enhancing Reliability,6,PO,44,EL NIDO,7/28/2026 15:48,2026-07-31T13:29:29,1:scheduled,2026-07-31T20:35:58Z
136339595,800554825,scheduled,ACTIVE,S,2,Pole Upgrade,,VAL VERDE,LOS ANGELES,91384,34.44720586,-118.6640893,2026-08-06T09:00:00Z,8/6/2026 16:00,Work is in progress.,Enhancing Reliability,6,PO,59,SAUGUS,7/27/2026 18:07,2026-07-31T13:29:29,1:scheduled,2026-07-31T20:35:58Z
136328827,800554203,scheduled,ACTIVE,S,1,Pole Upgrade,,EL SEGUNDO,LOS ANGELES,90245,33.92378593,-118.3928821,2026-08-03T21:30:00Z,8/4/2026 4:30,Work is in progress.,Enhancing Reliability,6,PO,44,EL NIDO,7/25/2026 10:01,2026-07-31T13:29:29,1:scheduled,2026-07-31T20:35:58Z
136353020,800555886,scheduled,ACTIVE,S,2,Transformer Upgrade,,Unincorporated Area,LOS ANGELES,93536,34.7007823,-118.2617108,2026-08-06T08:00:00Z,8/6/2026 15:00,Work is in progress.,Enhancing Reliability,6,PO,36,VINCENT,7/30/2026 10:27,2026-07-31T13:29:29,1:scheduled,2026-07-31T20:35:58Z
136357889,800556344,scheduled,ACTIVE,S,38,Pole Upgrade,,Unincorporated Area,LOS ANGELES,93543,34.57443132,-117.9646733,2026-08-11T08:00:00Z,8/11/2026 16:00,Work is in progress.,Enhancing Reliability,6,PO,36,VINCENT,7/31/2026 9:51,2026-07-31T13:29:29,1:scheduled,2026-07-31T20:35:58Z
136348704,800555605,scheduled,ACTIVE,S,0,Pole Upgrade,,LA VERNE,LOS ANGELES,91750,34.10507925,-117.7683166,2026-08-04T09:00:00Z,8/4/2026 15:00,Work is in progress.,Enhancing Reliability,6,PO,26,MIRA LOMA,7/29/2026 13:18,2026-07-31T13:29:29,1:scheduled,2026-07-31T20:35:58Z
136312599,800552735,scheduled,ACTIVE,S,231,Upgrading Equipment,,WEST COVINA,LOS ANGELES,91791,34.07013862,-117.8937259,2026-08-01T22:00:00Z,8/2/2026 5:00,Work is in progress.,Enhancing Reliability,18,PO,26,MIRA LOMA,7/21/2026 17:56,2026-07-31T13:29:29,1:scheduled,2026-07-31T20:35:58Z
136352774,800555882,scheduled,ACTIVE,S,21,Pole Upgrade,,SOUTH WHITTIER,LOS ANGELES,90604,33.92781392,-118.0119502,2026-08-10T05:00:00Z,8/10/2026 18:30,Work is in progress.,Enhancing Reliability,6,PO,48,VILLA PARK,7/30/2026 9:34,2026-07-31T13:29:29,1:scheduled,2026-07-31T20:35:58Z
136341250,800554948,scheduled,ACTIVE,S,28,Upgrading Equipment,,ALTADENA,LOS ANGELES,91001,34.18238547,-118.1463208,2026-08-10T12:00:00Z,8/10/2026 16:00,Work is in progress.,Enhancing Reliability,20,PO,27,MESA,7/29/2026 14:24,2026-07-31T13:29:29,1:scheduled,2026-07-31T20:35:58Z
136348209,800555583,scheduled,ACTIVE,S,9,Transformer Upgrade,,SANTA CLARITA,LOS ANGELES,91387,34.38800863,-118.411105,2026-08-07T09:00:00Z,8/7/2026 14:00,Work is in progress.,Enhancing Reliability,6,PO,59,SAUGUS,7/29/2026 12:14,2026-07-31T13:29:29,1:scheduled,2026-07-31T20:35:58Z
136325763,800553952,scheduled,ACTIVE,S,61,Upgrading Equipment,,LA CRESCENTA-MONTROSE,LOS ANGELES,91214,34.23781108,-118.2287946,2026-08-05T09:00:00Z,8/5/2026 18:30,Work is in progress.,Enhancing Reliability,6,PO,27,MESA,7/24/2026 19:09,2026-07-31T13:29:29,1:scheduled,2026-07-31T20:35:58Z
136358177,800556217,scheduled,ACTIVE,S,81,Upgrading Equipment,,MANHATTAN BEACH,LOS ANGELES,90266,33.88143431,-118.3943232,2026-08-07T22:00:00Z,8/8/2026 6:00,Work is in progress.,Enhancing Reliability,6,PO,44,EL NIDO,7/31/2026 10:26,2026-07-31T13:29:29,1:scheduled,2026-07-31T20:35:58Z
136255354,800548295,scheduled,ACTIVE,S,0,Transformer Upgrade,,Unincorporated Area,LOS ANGELES,90265,34.04416646,-118.5700743,2026-08-06T09:30:00Z,8/6/2026 17:00,Work is in progress.,Enhancing Reliability,14,PO,35,MOORPARK,7/21/2026 12:33,2026-07-31T13:29:29,1:scheduled,2026-07-31T20:35:58Z
136328437,800554066,scheduled,ACTIVE,S,39,Pole Upgrade,,LA PUENTE,LOS ANGELES,91744,34.03645066,-117.9646501,2026-08-07T08:00:00Z,8/7/2026 18:00,Work is in progress.,Enhancing Reliability,18,PO,26,MIRA LOMA,7/25/2026 8:04,2026-07-31T13:29:29,1:scheduled,2026-07-31T20:35:58Z
136337813,800554693,scheduled,ACTIVE,S,0,Transformer Upgrade,,BEVERLY HILLS,LOS ANGELES,90210,34.08736616,-118.4112551,2026-08-04T09:30:00Z,8/4/2026 16:00,Work is in progress.,Enhancing Reliability,6,PO,42,EL NIDO,7/27/2026 10:54,2026-07-31T13:29:29,1:scheduled,2026-07-31T20:35:58Z
136325568,800553872,scheduled,ACTIVE,S,38,Upgrading Equipment,,SEAL BEACH,ORANGE,90740,33.76137699,-118.0782458,2026-08-06T22:00:00Z,8/7/2026 4:00,Work is in progress.,Enhancing Reliability,6,PO,46,LIGHTHIPE,7/24/2026 18:06,2026-07-31T13:29:29,1:scheduled,2026-07-31T20:35:58Z
136316363,800552876,scheduled,ACTIVE,S,10,Upgrading Equipment,,INGLEWOOD,LOS ANGELES,90301,33.96264075,-118.356982,2026-08-02T21:00:00Z,8/3/2026 1:00,Work is in progress.,Enhancing Reliability,6,PO,44,EL NIDO,7/22/2026 11:14,2026-07-31T13:29:29,1:scheduled,2026-07-31T20:35:58Z
136002244,800534248,scheduled,ACTIVE,S,97,Upgrading Equipment,,LAKEWOOD,LOS ANGELES,90715,33.8368287,-118.0871747,2026-08-03T01:00:00Z,8/3/2026 8:00,Work is in progress.,Enhancing Reliability,14,PO,46,LIGHTHIPE,7/10/2026 8:16,2026-07-31T13:29:29,1:scheduled,2026-07-31T20:35:58Z
136349028,800555682,scheduled,ACTIVE,S,17,Upgrading Equipment,,FLORENCE-GRAHAM,LOS ANGELES,90002,33.95496158,-118.2355334,2026-08-10T09:00:00Z,8/10/2026 15:00,Work is in progress.,Enhancing Reliability,6,PO,32,LIGHTHIPE,7/29/2026 14:47,2026-07-31T13:29:29,1:scheduled,2026-07-31T20:35:58Z
136344072,800555281,scheduled,ACTIVE,S,35,Upgrading Equipment,,FULLERTON,ORANGE,92833,33.8939339,-117.9484701,2026-08-07T09:00:00Z,8/7/2026 16:00,Work is in progress.,Enhancing Reliability,6,PO,48,VILLA PARK,7/28/2026 16:45,2026-07-31T13:29:29,1:scheduled,2026-07-31T20:35:58Z
136328173,800553975,scheduled,ACTIVE,S,2,Upgrading Equipment,,HUNTINGTON PARK,LOS ANGELES,90058,33.99115735,-118.2279883,2026-08-07T10:00:00Z,8/7/2026 18:00,Work is in progress.,Enhancing Reliability,6,PO,32,LIGHTHIPE,7/25/2026 5:33,2026-07-31T13:29:29,1:scheduled,2026-07-31T20:35:58Z
136348161,800555456,scheduled,ACTIVE,S,16,Pole Upgrade,,LANCASTER,LOS ANGELES,93534,34.69277666,-118.1314044,2026-08-06T17:00:00Z,8/6/2026 22:00,Work is in progress.,Enhancing Reliability,6,PO,36,VINCENT,7/29/2026 12:04,2026-07-31T13:29:29,1:scheduled,2026-07-31T20:35:58Z
136320552,800553404,scheduled,ACTIVE,S,1,Upgrading Equipment,,YORBA LINDA,ORANGE,92886,33.89045615,-117.8140499,2026-08-01T09:00:00Z,8/1/2026 16:00,Work is in progress.,Enhancing Reliability,6,PO,48,VILLA PARK,7/23/2026 11:20,2026-07-31T13:29:29,1:scheduled,2026-07-31T20:35:58Z
136349441,800555667,scheduled,ACTIVE,S,46,Pole Upgrade,,SANTA ANA,ORANGE,92705,33.76636762,-117.8340199,2026-08-06T08:00:00Z,8/6/2026 16:00,Work is in progress.,Enhancing Reliability,18,PO,29,VILLA PARK,7/29/2026 16:40,2026-07-31T13:29:29,1:scheduled,2026-07-31T20:35:58Z
136328428,800554032,scheduled,ACTIVE,S,65,Pole Upgrade,,LA PUENTE,LOS ANGELES,91744,34.01334896,-117.9340657,2026-08-07T08:00:00Z,8/7/2026 17:00,Work is in progress.,Enhancing Reliability,18,PO,26,MIRA LOMA,7/25/2026 8:01,2026-07-31T13:29:29,1:scheduled,2026-07-31T20:35:58Z
136342596,800555113,scheduled,ACTIVE,S,4,Upgrading Equipment,,Unincorporated Area,LOS ANGELES,91301,34.10301717,-118.7207613,2026-08-03T17:00:00Z,8/4/2026 1:30,Work is in progress.,Enhancing Reliability,18,PO,35,MOORPARK,7/28/2026 12:01,2026-07-31T13:29:29,1:scheduled,2026-07-31T20:35:58Z
136339497,800554715,scheduled,ACTIVE,S,4,Pole Upgrade,,LANCASTER,LOS ANGELES,93534,34.64586129,-118.168716,2026-08-05T00:30:00Z,8/5/2026 11:00,Work is in progress.,Enhancing Reliability,6,PO,36,VINCENT,7/27/2026 17:26,2026-07-31T13:29:29,1:scheduled,2026-07-31T20:35:58Z
136299546,800551851,scheduled,ACTIVE,S,0,Upgrading Equipment,,SOUTH PASADENA,LOS ANGELES,91030,34.10488257,-118.1455766,2026-08-03T08:00:00Z,8/3/2026 10:00,Work is in progress.,Enhancing Reliability,18,PO,27,MESA,7/18/2026 8:18,2026-07-31T13:29:29,1:scheduled,2026-07-31T20:35:58Z
136347655,800555398,scheduled,ACTIVE,S,61,Upgrading Equipment,,MONROVIA,LOS ANGELES,91016,34.15200051,-117.9881984,2026-08-10T08:30:00Z,8/10/2026 16:30,Work is in progress.,Enhancing Reliability,18,PO,27,MESA,7/29/2026 10:30,2026-07-31T13:29:29,1:scheduled,2026-07-31T20:35:58Z
136311432,800552596,scheduled,ACTIVE,S,22,Pole Upgrade,,COVINA,LOS ANGELES,91723,34.07972608,-117.8886699,2026-08-02T08:00:00Z,8/2/2026 15:00,Work is in progress.,Enhancing Reliability,6,PO,26,MIRA LOMA,7/21/2026 11:58,2026-07-31T13:29:29,1:scheduled,2026-07-31T20:35:58Z
136357639,800556239,scheduled,ACTIVE,S,1,Transformer Upgrade,,LONG BEACH,LOS ANGELES,90803,33.76368142,-118.1161752,2026-08-11T09:30:00Z,8/11/2026 13:00,Work is in progress.,Enhancing Reliability,6,PO,46,LIGHTHIPE,7/31/2026 9:04,2026-07-31T13:29:29,1:scheduled,2026-07-31T20:35:58Z
136325493,800553925,scheduled,ACTIVE,S,50,Pole Upgrade,,BUENA PARK,ORANGE,90620,33.84982791,-118.0105616,2026-08-03T21:00:00Z,8/4/2026 3:00,Work is in progress.,Enhancing Reliability,18,PO,48,VILLA PARK,7/24/2026 17:43,2026-07-31T13:29:29,1:scheduled,2026-07-31T20:35:58Z
136317637,800553184,scheduled,ACTIVE,S,17,Upgrading Equipment,,GLENDORA,LOS ANGELES,91741,34.1322976,-117.8215397,2026-08-03T08:00:00Z,8/3/2026 15:30,Work is in progress.,Enhancing Reliability,18,PO,26,MIRA LOMA,7/22/2026 15:53,2026-07-31T13:29:29,1:scheduled,2026-07-31T20:35:58Z
136299745,800551928,scheduled,ACTIVE,S,317,Upgrading Equipment,,LAKE LOS ANGELES,LOS ANGELES,93535,34.62308267,-117.8515447,2026-08-13T09:00:00Z,8/13/2026 14:00,Work is in progress.,Enhancing Reliability,14,PO,36,VINCENT,7/30/2026 13:41,2026-07-31T13:29:29,1:scheduled,2026-07-31T20:35:58Z
136324923,800553793,scheduled,ACTIVE,S,0,Upgrading Equipment,,SANTA FE SPRINGS,LOS ANGELES,90670,33.94359895,-118.0551139,2026-08-01T08:00:00Z,8/1/2026 13:00,Work is in progress.,Enhancing Reliability,6,PO,47,LIGHTHIPE,7/24/2026 15:09,2026-07-31T13:29:29,1:scheduled,2026-07-31T20:35:58Z
136316229,800553035,scheduled,ACTIVE,S,15,Upgrading Equipment,,BALDWIN PARK,LOS ANGELES,91706,34.10235219,-117.9562249,2026-08-04T08:00:00Z,8/4/2026 14:00,Work is in progress.,Enhancing Reliability,18,PO,27,MESA,7/22/2026 10:35,2026-07-31T13:29:29,1:scheduled,2026-07-31T20:35:58Z
136308865,800552418,scheduled,ACTIVE,S,11,Pole Upgrade,,POMONA,LOS ANGELES,91766,34.05783773,-117.7565761,2026-07-31T18:00:00Z,8/1/2026 4:00,Work is in progress.,Enhancing Reliability,6,PO,26,MIRA LOMA,7/20/2026 17:52,2026-07-31T13:29:29,1:scheduled,2026-07-31T20:35:58Z
136353674,800555948,scheduled,ACTIVE,S,99,Upgrading Equipment,,HUNTINGTON BEACH,ORANGE,92646,33.65288831,-117.9783951,2026-08-10T10:00:00Z,8/10/2026 14:00,Work is in progress.,Enhancing Reliability,6,PO,33,ELLIS,7/30/2026 13:23,2026-07-31T13:29:29,1:scheduled,2026-07-31T20:35:58Z
136316176,800552973,scheduled,ACTIVE,S,20,Upgrading Equipment,,SIERRA MADRE,LOS ANGELES,91024,34.16222235,-118.0647586,2026-08-04T01:30:00Z,8/4/2026 6:30,Work is in progress.,Enhancing Reliability,18,PO,27,MESA,7/22/2026 10:26,2026-07-31T13:29:29,1:scheduled,2026-07-31T20:35:58Z
136325562,800553815,scheduled,ACTIVE,S,8,Transformer Upgrade,,SANTA FE SPRINGS,LOS ANGELES,90670,33.91613254,-118.0448573,2026-08-06T01:00:00Z,8/6/2026 6:00,Work is in progress.,Enhancing Reliability,6,PO,47,LIGHTHIPE,7/24/2026 18:03,2026-07-31T13:29:29,1:scheduled,2026-07-31T20:35:58Z
136317762,800553148,scheduled,ACTIVE,S,1,Upgrading Equipment,,STANTON,ORANGE,90680,33.80673803,-117.9906668,2026-08-03T07:30:00Z,8/3/2026 16:00,Work is in progress.,Enhancing Reliability,6,PO,48,VILLA PARK,7/22/2026 16:34,2026-07-31T13:29:29,1:scheduled,2026-07-31T20:35:58Z
136349055,800555684,scheduled,ACTIVE,S,0,Upgrading Equipment,,GARDEN GROVE,ORANGE,92841,33.79803057,-118.0032841,2026-07-31T23:00:00Z,8/1/2026 5:00,Work is in progress.,Enhancing Reliability,6,PO,29,VILLA PARK,7/29/2026 14:59,2026-07-31T13:29:29,1:scheduled,2026-07-31T20:35:58Z
136321999,800553511,scheduled,ACTIVE,S,27,Upgrading Equipment,,SANTA ANA,ORANGE,92706,33.75645897,-117.8706567,2026-08-03T09:00:00Z,8/3/2026 13:00,Work is in progress.,Enhancing Reliability,6,PO,29,VILLA PARK,7/23/2026 14:58,2026-07-31T13:29:29,1:scheduled,2026-07-31T20:35:58Z
136328459,800554164,scheduled,ACTIVE,S,24,Pole Upgrade,,VALINDA,LOS ANGELES,91744,34.04911928,-117.9409802,2026-08-08T08:00:00Z,8/8/2026 16:00,Work is in progress.,Enhancing Reliability,6,PO,26,MIRA LOMA,7/25/2026 8:11,2026-07-31T13:29:29,1:scheduled,2026-07-31T20:35:58Z
136317032,800552978,scheduled,ACTIVE,S,1,Upgrading Equipment,,CARSON,LOS ANGELES,90810,33.83818575,-118.2351044,2026-08-03T15:00:00Z,8/3/2026 18:00,Work is in progress.,Enhancing Reliability,14,PO,32,LIGHTHIPE,7/23/2026 9:24,2026-07-31T13:29:29,1:scheduled,2026-07-31T20:35:58Z
136336605,800554510,scheduled,ACTIVE,S,24,Pole Upgrade,,RANCHO PALOS VERDES,LOS ANGELES,90275,33.78533572,-118.382555,2026-08-04T08:30:00Z,8/4/2026 16:00,Work is in progress.,Enhancing Reliability,18,PO,44,EL NIDO,7/27/2026 7:59,2026-07-31T13:29:29,1:scheduled,2026-07-31T20:35:58Z
136325515,800553886,scheduled,ACTIVE,S,31,Pole Upgrade,,LONG BEACH,LOS ANGELES,90805,33.87607604,-118.1961774,2026-08-06T09:00:00Z,8/6/2026 14:30,Work is in progress.,Enhancing Reliability,6,PO,46,LIGHTHIPE,7/24/2026 17:47,2026-07-31T13:29:29,1:scheduled,2026-07-31T20:35:58Z
136328891,800554114,scheduled,ACTIVE,S,63,Upgrading Equipment,,BELLFLOWER,LOS ANGELES,90706,33.8785164,-118.1279621,2026-08-10T09:00:00Z,8/10/2026 16:00,Work is in progress.,Enhancing Reliability,6,PO,32,LIGHTHIPE,7/25/2026 10:28,2026-07-31T13:29:29,1:scheduled,2026-07-31T20:35:58Z
136319512,800553288,scheduled,ACTIVE,S,134,Upgrading Equipment,,CALABASAS,LOS ANGELES,91302,34.15755395,-118.6967379,2026-08-04T08:00:00Z,8/4/2026 14:00,Work is in progress.,Enhancing Reliability,18,PO,35,MOORPARK,7/23/2026 15:46,2026-07-31T13:29:29,1:scheduled,2026-07-31T20:35:58Z
136349752,800555668,scheduled,ACTIVE,S,409,Upgrading Equipment,,SOUTH EL MONTE,LOS ANGELES,91733,34.04567158,-118.0503738,2026-08-06T22:00:00Z,8/7/2026 6:30,Work is in progress.,Enhancing Reliability,18,PO,22,MESA,7/29/2026 18:15,2026-07-31T13:29:29,1:scheduled,2026-07-31T20:35:58Z
136338482,800554698,scheduled,ACTIVE,S,147,Upgrading Equipment,,LA HABRA,ORANGE,90631,33.9272655,-117.9569626,2026-08-06T09:00:00Z,8/6/2026 15:00,Work is in progress.,Enhancing Reliability,6,PO,48,VILLA PARK,7/27/2026 13:25,2026-07-31T13:29:29,1:scheduled,2026-07-31T20:35:58Z
136353892,800555899,scheduled,ACTIVE,S,5,Upgrading Equipment,,MALIBU,LOS ANGELES,90265,34.0427901,-118.9139633,2026-08-11T08:00:00Z,8/11/2026 13:00,Work is in progress.,Enhancing Reliability,18,PO,35,MOORPARK,7/30/2026 14:05,2026-07-31T13:29:29,1:scheduled,2026-07-31T20:35:58Z
136324505,800553803,scheduled,ACTIVE,S,79,Upgrading Equipment,,ARCADIA,LOS ANGELES,91006,34.17374058,-118.0218276,2026-08-04T08:00:00Z,8/4/2026 14:00,Work is in progress.,Enhancing Reliability,18,PO,27,MESA,7/24/2026 13:10,2026-07-31T13:29:29,1:scheduled,2026-07-31T20:35:58Z
136321077,800553397,scheduled,ACTIVE,S,24,Upgrading Equipment,,LAKEWOOD,LOS ANGELES,90713,33.8634572,-118.1104667,2026-08-04T09:00:00Z,8/4/2026 15:15,Work is in progress.,Enhancing Reliability,6,PO,46,LIGHTHIPE,7/23/2026 14:25,2026-07-31T13:29:30,1:scheduled,2026-07-31T20:35:58Z
136328183,800554008,scheduled,ACTIVE,S,77,Pole Upgrade,,LONG BEACH,LOS ANGELES,90805,33.87055,-118.1806371,2026-08-08T09:00:00Z,8/8/2026 16:00,Work is in progress.,Enhancing Reliability,6,PO,46,LIGHTHIPE,7/25/2026 5:50,2026-07-31T13:29:30,1:scheduled,2026-07-31T20:35:58Z
136325372,800553835,scheduled,ACTIVE,S,505,Upgrading Equipment,,HAWTHORNE,LOS ANGELES,90250,33.9050099,-118.3745712,2026-08-03T08:00:00Z,8/3/2026 16:00,Work is in progress.,Enhancing Reliability,18,PO,44,EL NIDO,7/24/2026 17:09,2026-07-31T13:29:30,1:scheduled,2026-07-31T20:35:58Z
136354673,800556105,scheduled,ACTIVE,S,12,Upgrading Equipment,,LONG BEACH,LOS ANGELES,90807,33.83777868,-118.1898062,2026-08-11T09:00:00Z,8/11/2026 11:00,Work is in progress.,Enhancing Reliability,6,PO,46,LIGHTHIPE,7/30/2026 17:36,2026-07-31T13:29:30,1:scheduled,2026-07-31T20:35:58Z
136339649,800554769,scheduled,ACTIVE,S,7,Upgrading Equipment,,GARDEN GROVE,ORANGE,92843,33.74984432,-117.9424282,2026-08-05T08:00:00Z,8/5/2026 15:00,Work is in progress.,Enhancing Reliability,18,PO,29,VILLA PARK,7/27/2026 18:19,2026-07-31T13:29:30,1:scheduled,2026-07-31T20:35:58Z
136341420,800554985,scheduled,ACTIVE,S,53,Pole Upgrade,,EL SEGUNDO,LOS ANGELES,90245,33.92245755,-118.4115352,2026-08-03T08:00:00Z,8/3/2026 15:00,Work is in progress.,Enhancing Reliability,18,PO,44,EL NIDO,7/28/2026 8:07,2026-07-31T13:29:30,1:scheduled,2026-07-31T20:35:58Z
136349519,800555576,scheduled,ACTIVE,S,597,Upgrading Equipment,,IRVINE,ORANGE,92612,33.64953804,-117.8256227,2026-08-08T08:30:00Z,8/8/2026 18:30,Work is in progress.,Enhancing Reliability,6,PO,43,ELLIS,7/29/2026 17:05,2026-07-31T13:29:30,1:scheduled,2026-07-31T20:35:58Z
136343331,800555205,scheduled,ACTIVE,S,34,Upgrading Equipment,,LONG BEACH,LOS ANGELES,90804,33.78291317,-118.1606925,2026-08-09T09:00:00Z,8/9/2026 15:00,Work is in progress.,Enhancing Reliability,6,PO,46,LIGHTHIPE,7/28/2026 14:36,2026-07-31T13:29:30,1:scheduled,2026-07-31T20:35:58Z
136352910,800555779,scheduled,ACTIVE,S,76,Upgrading Equipment,,COSTA MESA,ORANGE,92627,33.65240983,-117.9042265,2026-08-10T09:00:00Z,8/10/2026 10:30,Work is in progress.,Enhancing Reliability,6,PO,33,ELLIS,7/30/2026 10:12,2026-07-31T13:29:30,1:scheduled,2026-07-31T20:35:58Z
136344194,800555174,scheduled,ACTIVE,S,144,Transformer Upgrade,,NEWPORT BEACH,ORANGE,92663,33.62567206,-117.9107512,2026-08-07T09:30:00Z,8/7/2026 14:00,Work is in progress.,Enhancing Reliability,6,PO,33,ELLIS,7/28/2026 17:08,2026-07-31T13:29:30,1:scheduled,2026-07-31T20:35:58Z
136341342,800555024,scheduled,ACTIVE,S,90,Upgrading Equipment,,ROSEMEAD,LOS ANGELES,91770,34.06022284,-118.0826617,2026-08-08T09:00:00Z,8/8/2026 16:00,Work is in progress.,Enhancing Reliability,6,PO,22,MESA,7/28/2026 7:27,2026-07-31T13:29:30,1:scheduled,2026-07-31T20:35:58Z
136344210,800555320,scheduled,ACTIVE,S,2,Cable Upgrade,,HUNTINGTON BEACH,ORANGE,92647,33.74514438,-118.0263877,2026-08-08T07:30:00Z,8/8/2026 13:00,Work is in progress.,Enhancing Reliability,6,PO,33,VILLA PARK,7/28/2026 17:15,2026-07-31T13:29:30,1:scheduled,2026-07-31T20:35:58Z
136341287,800554950,scheduled,ACTIVE,S,60,Upgrading Equipment,,LA CANADA FLINTRIDGE,LOS ANGELES,91011,34.18233441,-118.1795009,2026-08-06T17:30:00Z,8/7/2026 6:30,Work is in progress.,Enhancing Reliability,18,PO,27,MESA,7/28/2026 6:48,2026-07-31T13:29:30,1:scheduled,2026-07-31T20:35:58Z
136308892,800552541,scheduled,ACTIVE,S,11,Pole Upgrade,,Unincorporated Area,LOS ANGELES,93543,34.55949521,-117.9520773,2026-08-01T09:00:00Z,8/1/2026 18:30,Work is in progress.,Enhancing Reliability,6,PO,36,VINCENT,7/20/2026 18:06,2026-07-31T13:29:30,1:scheduled,2026-07-31T20:35:58Z
136354735,800555916,scheduled,ACTIVE,S,6,Cable Upgrade,,TORRANCE,LOS ANGELES,90277,33.80430631,-118.3876104,2026-08-10T09:30:00Z,8/10/2026 15:00,Work is in progress.,Enhancing Reliability,6,PO,44,EL NIDO,7/30/2026 18:05,2026-07-31T13:29:30,1:scheduled,2026-07-31T20:35:58Z
136358897,800556445,scheduled,ACTIVE,S,10,Upgrading Equipment,,BALDWIN PARK,LOS ANGELES,91706,34.10184174,-117.9454843,2026-08-06T09:45:00Z,8/6/2026 14:00,Work is in progress.,Enhancing Reliability,6,PO,27,MESA,7/31/2026 13:06,2026-07-31T13:29:30,1:scheduled,2026-07-31T20:35:58Z
136321008,800553435,scheduled,ACTIVE,S,212,Pole Upgrade,,LONG BEACH,LOS ANGELES,90815,33.80392259,-118.1313968,2026-08-04T09:00:00Z,8/4/2026 15:00,Work is in progress.,Enhancing Reliability,6,PO,46,LIGHTHIPE,7/23/2026 13:50,2026-07-31T13:29:30,1:scheduled,2026-07-31T20:35:58Z
136321007,800553508,scheduled,ACTIVE,S,4,Upgrading Equipment,,LA HABRA HEIGHTS,LOS ANGELES,90631,33.95639769,-117.93762,2026-08-03T09:00:00Z,8/3/2026 16:30,Work is in progress.,Enhancing Reliability,6,PO,48,VILLA PARK,7/23/2026 13:56,2026-07-31T13:29:30,1:scheduled,2026-07-31T20:35:58Z
136328735,800554149,scheduled,ACTIVE,S,16,Pole Upgrade,,GLENDORA,LOS ANGELES,91741,34.15305006,-117.8656341,2026-08-05T08:00:00Z,8/5/2026 17:00,Work is in progress.,Enhancing Reliability,18,PO,26,MIRA LOMA,7/25/2026 9:27,2026-07-31T13:29:30,1:scheduled,2026-07-31T20:35:58Z
136325503,800553980,scheduled,ACTIVE,S,263,Upgrading Equipment,,LAGUNA WOODS,ORANGE,92653,33.61043065,-117.7391979,2026-08-07T01:30:00Z,8/7/2026 6:30,Work is in progress.,Enhancing Reliability,14,PO,43,ELLIS,7/31/2026 9:29,2026-07-31T13:29:30,1:scheduled,2026-07-31T20:35:58Z
136343103,800555096,scheduled,ACTIVE,S,77,Upgrading Equipment,,NORWALK,LOS ANGELES,90650,33.91807827,-118.067941,2026-08-07T22:00:00Z,8/8/2026 5:00,Work is in progress.,Enhancing Reliability,6,PO,47,LIGHTHIPE,7/28/2026 13:38,2026-07-31T13:29:30,1:scheduled,2026-07-31T20:35:58Z
136317790,800553164,scheduled,ACTIVE,S,3,Cable Upgrade,,NEWPORT BEACH,ORANGE,92660,33.61996204,-117.8781363,2026-08-01T09:00:00Z,8/1/2026 12:00,Work is in progress.,Enhancing Reliability,6,PO,33,ELLIS,7/22/2026 16:43,2026-07-31T13:29:30,1:scheduled,2026-07-31T20:35:58Z
136264194,800549244,scheduled,ACTIVE,S,3,Pole Upgrade,,Unincorporated Area,LOS ANGELES,93552,34.57557192,-117.9715347,2026-08-07T08:00:00Z,8/7/2026 17:00,Work is in progress.,Enhancing Reliability,14,PO,36,VINCENT,7/18/2026 12:34,2026-07-31T13:29:30,1:scheduled,2026-07-31T20:35:58Z
136341838,800555018,scheduled,ACTIVE,S,1,Pole Upgrade,,DOWNEY,LOS ANGELES,90241,33.9272081,-118.1119709,2026-08-06T20:00:00Z,8/7/2026 7:00,Work is in progress.,Enhancing Reliability,6,PO,47,LIGHTHIPE,7/28/2026 9:19,2026-07-31T13:29:30,1:scheduled,2026-07-31T20:35:58Z
136347435,800555413,scheduled,ACTIVE,S,0,Upgrading Equipment,,BALDWIN PARK,LOS ANGELES,91706,34.10109157,-117.9454966,2026-08-06T09:30:00Z,8/6/2026 14:00,Work is in progress.,Enhancing Reliability,6,PO,27,MESA,7/29/2026 9:48,2026-07-31T13:29:30,1:scheduled,2026-07-31T20:35:58Z
136355044,800556112,scheduled,ACTIVE,S,76,Upgrading Equipment,,EAST LOS ANGELES,LOS ANGELES,90022,34.02220846,-118.1528971,2026-08-07T20:00:00Z,8/8/2026 8:00,Work is in progress.,Enhancing Reliability,18,PO,22,MESA,7/30/2026 19:37,2026-07-31T13:29:30,1:scheduled,2026-07-31T20:35:58Z
136320987,800553523,scheduled,ACTIVE,S,9,Upgrading Equipment,,SIGNAL HILL,LOS ANGELES,90755,33.80498943,-118.168295,2026-08-04T04:00:00Z,8/4/2026 6:00,Work is in progress.,Enhancing Reliability,6,PO,46,LIGHTHIPE,7/23/2026 13:46,2026-07-31T13:29:30,1:scheduled,2026-07-31T20:35:58Z
136328601,800554200,scheduled,ACTIVE,S,162,Pole Upgrade,,ORANGE,ORANGE,92867,33.81202505,-117.8332468,2026-08-04T21:00:00Z,8/5/2026 3:00,Work is in progress.,Enhancing Reliability,18,PO,29,VILLA PARK,7/25/2026 8:52,2026-07-31T13:29:30,1:scheduled,2026-07-31T20:35:58Z
136328901,800554205,scheduled,ACTIVE,S,301,Upgrading Equipment,,WEST HOLLYWOOD,LOS ANGELES,90046,34.09620621,-118.3623496,2026-08-08T09:00:00Z,8/8/2026 16:00,Work is in progress.,Enhancing Reliability,6,PO,42,EL NIDO,7/25/2026 10:28,2026-07-31T13:29:30,1:scheduled,2026-07-31T20:35:58Z
136325151,800553864,scheduled,ACTIVE,S,3,Transformer Upgrade,,Unincorporated Area,LOS ANGELES,91750,34.12948621,-117.7480022,2026-08-04T08:00:00Z,8/4/2026 11:00,Work is in progress.,Enhancing Reliability,18,PO,26,MIRA LOMA,7/24/2026 16:22,2026-07-31T13:29:30,1:scheduled,2026-07-31T20:35:58Z
136354650,800555913,scheduled,ACTIVE,S,43,Upgrading Equipment,,CARSON,LOS ANGELES,90745,33.81821179,-118.2821965,2026-08-11T09:00:00Z,8/11/2026 18:00,Work is in progress.,Enhancing Reliability,6,PO,32,LIGHTHIPE,7/30/2026 17:27,2026-07-31T13:29:30,1:scheduled,2026-07-31T20:35:58Z
136317014,800553140,scheduled,ACTIVE,S,44,Upgrading Equipment,,DOWNEY,LOS ANGELES,90242,33.92260989,-118.1215806,2026-08-03T09:00:00Z,8/3/2026 18:00,Work is in progress.,Enhancing Reliability,6,PO,47,LIGHTHIPE,7/22/2026 13:20,2026-07-31T13:29:30,1:scheduled,2026-07-31T20:35:58Z
136316993,800553124,scheduled,ACTIVE,S,19,Pole Upgrade,,FLORENCE-GRAHAM,LOS ANGELES,90001,33.97184186,-118.251472,2026-08-03T08:00:00Z,8/3/2026 14:00,Work is in progress.,Enhancing Reliability,18,PO,32,LIGHTHIPE,7/22/2026 13:16,2026-07-31T13:29:30,1:scheduled,2026-07-31T20:35:58Z
136283305,800550534,scheduled,ACTIVE,S,30,Upgrading Equipment,,LA CANADA FLINTRIDGE,LOS ANGELES,91011,34.20949945,-118.1870753,2026-08-10T08:00:00Z,8/10/2026 16:00,Work is in progress.,Enhancing Reliability,18,PO,27,MESA,7/15/2026 9:56,2026-07-31T13:29:30,1:scheduled,2026-07-31T20:35:58Z
136328178,800553934,scheduled,ACTIVE,S,1,Upgrading Equipment,,PARAMOUNT,LOS ANGELES,90723,33.88491971,-118.1671431,2026-08-08T08:00:00Z,8/8/2026 18:00,Work is in progress.,Enhancing Reliability,6,PO,32,LIGHTHIPE,7/25/2026 5:44,2026-07-31T13:29:30,1:scheduled,2026-07-31T20:35:58Z
136251381,800548200,scheduled,ACTIVE,S,62,Pole Upgrade,,LA HABRA HEIGHTS,LOS ANGELES,90631,33.95854186,-117.9517014,2026-08-10T09:00:00Z,8/10/2026 15:00,Work is in progress.,Enhancing Reliability,20,PO,48,VILLA PARK,7/27/2026 7:26,2026-07-31T13:29:30,1:scheduled,2026-07-31T20:35:58Z
136354456,800556070,scheduled,ACTIVE,S,70,Pole Upgrade,,ORANGE,ORANGE,92866,33.78533883,-117.8452814,2026-08-10T09:30:00Z,8/10/2026 16:00,Work is in progress.,Enhancing Reliability,18,PO,29,VILLA PARK,7/30/2026 16:30,2026-07-31T13:29:30,1:scheduled,2026-07-31T20:35:58Z
136328493,800554184,scheduled,ACTIVE,S,35,Cable Upgrade,,WEST COVINA,LOS ANGELES,91791,34.07057005,-117.8931056,2026-08-06T08:30:00Z,8/6/2026 16:30,Work is in progress.,Enhancing Reliability,18,PO,26,MIRA LOMA,7/25/2026 8:22,2026-07-31T13:29:30,1:scheduled,2026-07-31T20:35:58Z
136347600,800555471,scheduled,ACTIVE,S,5,Pole Upgrade,,LITTLEROCK,LOS ANGELES,93543,34.52530435,-117.9731599,2026-08-06T09:00:00Z,8/6/2026 17:00,Work is in progress.,Enhancing Reliability,6,PO,36,VINCENT,7/29/2026 10:19,2026-07-31T13:29:30,1:scheduled,2026-07-31T20:35:58Z
136328207,800554025,scheduled,ACTIVE,S,119,Upgrading Equipment,,EL MONTE,LOS ANGELES,91733,34.05865241,-118.0328333,2026-08-06T08:00:00Z,8/6/2026 16:30,Work is in progress.,Enhancing Reliability,18,PO,22,MESA,7/25/2026 6:07,2026-07-31T13:29:30,1:scheduled,2026-07-31T20:35:58Z
136347996,800555561,scheduled,ACTIVE,S,27,Pole Upgrade,,QUARTZ HILL,LOS ANGELES,93536,34.67182731,-118.2209793,2026-08-06T08:30:00Z,8/6/2026 16:30,Work is in progress.,Enhancing Reliability,6,PO,36,VINCENT,7/29/2026 11:52,2026-07-31T13:29:30,1:scheduled,2026-07-31T20:35:58Z
136321993,800553547,scheduled,ACTIVE,S,35,Cable Upgrade,,CARSON,LOS ANGELES,90746,33.84925597,-118.2558135,2026-08-04T09:00:00Z,8/4/2026 17:00,Work is in progress.,Enhancing Reliability,6,PO,32,LIGHTHIPE,7/23/2026 14:46,2026-07-31T13:29:30,1:scheduled,2026-07-31T20:35:58Z
136328451,800554034,scheduled,ACTIVE,S,28,Upgrading Equipment,,HACIENDA HEIGHTS,LOS ANGELES,91745,34.01299714,-117.964451,2026-08-07T09:00:00Z,8/7/2026 15:00,Work is in progress.,Enhancing Reliability,6,PO,26,MIRA LOMA,7/25/2026 8:08,2026-07-31T13:29:30,1:scheduled,2026-07-31T20:35:58Z
136341800,800554969,scheduled,ACTIVE,S,2,Upgrading Equipment,,DOWNEY,LOS ANGELES,90241,33.927631,-118.1138962,2026-08-06T20:00:00Z,8/7/2026 7:00,Work is in progress.,Enhancing Reliability,6,PO,47,LIGHTHIPE,7/28/2026 9:10,2026-07-31T13:29:30,1:scheduled,2026-07-31T20:35:58Z
136255499,800548483,scheduled,ACTIVE,S,18,Upgrading Equipment,,CERRITOS,LOS ANGELES,90703,33.86906003,-118.0366769,2026-08-13T09:00:00Z,8/13/2026 15:00,Work is in progress.,Enhancing Reliability,14,PO,46,LIGHTHIPE,7/23/2026 8:47,2026-07-31T13:29:30,1:scheduled,2026-07-31T20:35:58Z
136338028,800554709,scheduled,ACTIVE,S,41,Pole Upgrade,,INGLEWOOD,LOS ANGELES,90302,33.97706279,-118.3391895,2026-08-06T09:30:00Z,8/6/2026 17:00,Work is in progress.,Enhancing Reliability,6,PO,44,EL NIDO,7/27/2026 11:48,2026-07-31T13:29:30,1:scheduled,2026-07-31T20:35:58Z
136325519,800553981,scheduled,ACTIVE,S,49,Upgrading Equipment,,SEAL BEACH,ORANGE,90740,33.77557887,-118.0564333,2026-08-04T12:00:00Z,8/4/2026 14:30,Work is in progress.,Enhancing Reliability,6,PO,33,VILLA PARK,7/24/2026 17:49,2026-07-31T13:29:30,1:scheduled,2026-07-31T20:35:58Z
136349272,800555665,scheduled,ACTIVE,S,271,Upgrading Equipment,,WILLOWBROOK,LOS ANGELES,90059,33.92167968,-118.2694709,2026-08-08T05:00:00Z,8/8/2026 6:00,Work is in progress.,Enhancing Reliability,18,PO,32,LIGHTHIPE,7/29/2026 15:45,2026-07-31T13:29:30,1:scheduled,2026-07-31T20:35:58Z
136328281,800554121,scheduled,ACTIVE,S,42,Upgrading Equipment,,TEMPLE CITY,LOS ANGELES,91780,34.10691336,-118.0528997,2026-08-07T00:00:00Z,8/7/2026 7:00,Work is in progress.,Enhancing Reliability,6,PO,27,MESA,7/25/2026 7:09,2026-07-31T13:29:30,1:scheduled,2026-07-31T20:35:58Z
136328465,800554182,scheduled,ACTIVE,S,18,Upgrading Equipment,,COVINA,LOS ANGELES,91723,34.08894885,-117.8910227,2026-08-06T01:00:00Z,8/6/2026 5:00,Work is in progress.,Enhancing Reliability,6,PO,26,MIRA LOMA,7/25/2026 8:14,2026-07-31T13:29:30,1:scheduled,2026-07-31T20:35:58Z
136354320,800556030,scheduled,ACTIVE,S,207,Pole Upgrade,,Unincorporated Area,LOS ANGELES,91724,34.07679952,-117.8505175,2026-08-10T08:00:00Z,8/10/2026 15:00,Work is in progress.,Enhancing Reliability,18,PO,26,MIRA LOMA,7/30/2026 15:54,2026-07-31T13:29:30,1:scheduled,2026-07-31T20:35:58Z
136343047,800555116,scheduled,ACTIVE,S,15,Upgrading Equipment,,GARDEN GROVE,ORANGE,92844,33.7687941,-117.9827472,2026-08-03T08:00:00Z,8/3/2026 12:00,Work is in progress.,Enhancing Reliability,18,PO,29,VILLA PARK,7/28/2026 13:25,2026-07-31T13:29:30,1:scheduled,2026-07-31T20:35:58Z
136323313,800553610,scheduled,ACTIVE,S,9,Pole Upgrade,,CALABASAS,LOS ANGELES,91302,34.13878608,-118.6233463,2026-08-04T21:00:00Z,8/5/2026 5:00,Work is in progress.,Enhancing Reliability,20,PO,35,MOORPARK,7/30/2026 14:55,2026-07-31T13:29:30,1:scheduled,2026-07-31T20:35:58Z
136349254,800555574,scheduled,ACTIVE,S,429,Upgrading Equipment,,SANTA ANA,ORANGE,92706,33.77111927,-117.9031743,2026-08-06T00:30:00Z,8/6/2026 4:30,Work is in progress.,Enhancing Reliability,6,PO,29,ELLIS,7/29/2026 15:42,2026-07-31T13:29:30,1:scheduled,2026-07-31T20:35:58Z
136328715,800554169,scheduled,ACTIVE,S,0,Pole Upgrade,,Unincorporated Area,LOS ANGELES,93543,34.43580408,-117.9313028,2026-08-05T16:00:00Z,8/5/2026 17:00,Work is in progress.,Enhancing Reliability,18,PO,36,VINCENT,7/25/2026 9:18,2026-07-31T13:29:30,1:scheduled,2026-07-31T20:35:58Z
136328478,800554036,scheduled,ACTIVE,S,2,Pole Upgrade,,WEST COVINA,LOS ANGELES,91791,34.05572167,-117.9132152,2026-08-06T08:00:00Z,8/6/2026 16:00,Work is in progress.,Enhancing Reliability,6,PO,26,MIRA LOMA,7/25/2026 8:18,2026-07-31T13:29:30,1:scheduled,2026-07-31T20:35:58Z
136328890,800554055,scheduled,ACTIVE,S,21,Upgrading Equipment,,BEVERLY HILLS,LOS ANGELES,90211,34.0640191,-118.3859941,2026-08-04T09:00:00Z,8/4/2026 17:00,Work is in progress.,Enhancing Reliability,6,PO,42,EL NIDO,7/25/2026 10:29,2026-07-31T13:29:30,1:scheduled,2026-07-31T20:35:58Z
136354015,800556006,scheduled,ACTIVE,S,17,Pole Upgrade,,TORRANCE,LOS ANGELES,90505,33.81854249,-118.360311,2026-08-10T09:00:00Z,8/10/2026 14:30,Work is in progress.,Enhancing Reliability,18,PO,44,EL NIDO,7/30/2026 14:38,2026-07-31T13:29:30,1:scheduled,2026-07-31T20:35:58Z
136312422,800552820,scheduled,ACTIVE,S,12,Pole Upgrade,,Unincorporated Area,LOS ANGELES,90290,34.1038364,-118.6308419,2026-08-01T08:00:00Z,8/1/2026 16:00,Work is in progress.,Enhancing Reliability,18,PO,35,MOORPARK,7/21/2026 16:48,2026-07-31T13:29:30,1:scheduled,2026-07-31T20:35:58Z
136328420,800554144,scheduled,ACTIVE,S,39,Pole Upgrade,,WEST COVINA,LOS ANGELES,91791,34.07070204,-117.8945607,2026-08-07T08:00:00Z,8/7/2026 16:00,Work is in progress.,Enhancing Reliability,18,PO,26,MIRA LOMA,7/25/2026 7:57,2026-07-31T13:29:30,1:scheduled,2026-07-31T20:35:58Z
136320721,800553503,scheduled,ACTIVE,S,30,Upgrading Equipment,,MONTEBELLO,LOS ANGELES,90640,34.0261416,-118.1383909,2026-08-04T07:00:00Z,8/4/2026 17:00,Work is in progress.,Enhancing Reliability,6,PO,22,MESA,7/23/2026 12:17,2026-07-31T13:29:30,1:scheduled,2026-07-31T20:35:58Z
136288541,800550929,scheduled,ACTIVE,S,113,Cable Upgrade,,WEST HOLLYWOOD,LOS ANGELES,90046,34.09716492,-118.3685656,2026-08-05T20:30:00Z,8/6/2026 5:00,Work is in progress.,Enhancing Reliability,14,PO,42,EL NIDO,7/29/2026 15:39,2026-07-31T13:29:30,1:scheduled,2026-07-31T20:35:58Z
136343038,800555164,scheduled,ACTIVE,S,32,Upgrading Equipment,,LA MIRADA,LOS ANGELES,90638,33.92175389,-118.0047115,2026-08-03T08:00:00Z,8/3/2026 14:00,Work is in progress.,Enhancing Reliability,18,PO,48,VILLA PARK,7/28/2026 13:23,2026-07-31T13:29:30,1:scheduled,2026-07-31T20:35:58Z
136322005,800553409,scheduled,ACTIVE,S,175,Pole Upgrade,,LA VERNE,LOS ANGELES,91750,34.11541977,-117.756123,2026-08-03T08:00:00Z,8/3/2026 17:00,Work is in progress.,Enhancing Reliability,18,PO,26,MIRA LOMA,7/23/2026 14:51,2026-07-31T13:29:30,1:scheduled,2026-07-31T20:35:58Z
136300584,800551988,scheduled,ACTIVE,S,6,Upgrading Equipment,,HUNTINGTON BEACH,ORANGE,92646,33.67649483,-117.979352,2026-08-03T09:00:00Z,8/3/2026 11:00,Work is in progress.,Enhancing Reliability,6,PO,33,ELLIS,7/18/2026 12:18,2026-07-31T13:29:30,1:scheduled,2026-07-31T20:35:58Z
136358304,800556385,scheduled,ACTIVE,S,16,Upgrading Equipment,,BEVERLY HILLS,LOS ANGELES,90211,34.06285484,-118.3859858,2026-08-11T09:00:00Z,8/11/2026 11:00,Work is in progress.,Enhancing Reliability,6,PO,42,EL NIDO,7/31/2026 10:52,2026-07-31T13:29:30,1:scheduled,2026-07-31T20:35:58Z
136354374,800555908,scheduled,ACTIVE,S,12,Pole Upgrade,,POMONA,LOS ANGELES,91767,34.08688077,-117.7457352,2026-08-10T08:00:00Z,8/10/2026 15:00,Work is in progress.,Enhancing Reliability,18,PO,26,MIRA LOMA,7/30/2026 16:05,2026-07-31T13:29:30,1:scheduled,2026-07-31T20:35:58Z
136317930,800553091,scheduled,ACTIVE,S,31,Transformer Upgrade,,AGOURA HILLS,LOS ANGELES,91301,34.14464177,-118.7640351,2026-08-03T21:00:00Z,8/4/2026 3:00,Work is in progress.,Enhancing Reliability,18,PO,35,MOORPARK,7/22/2026 17:15,2026-07-31T13:29:30,1:scheduled,2026-07-31T20:35:58Z
136341318,800554873,scheduled,ACTIVE,S,5,Upgrading Equipment,,ARCADIA,LOS ANGELES,91006,34.15725867,-118.0328166,2026-08-07T09:00:00Z,8/7/2026 16:00,Work is in progress.,Enhancing Reliability,6,PO,27,MESA,7/28/2026 7:15,2026-07-31T13:29:30,1:scheduled,2026-07-31T20:35:58Z
136347782,800555487,scheduled,ACTIVE,S,53,Transformer Upgrade,,LANCASTER,LOS ANGELES,93534,34.66139801,-118.1471403,2026-08-07T09:00:00Z,8/7/2026 13:00,Work is in progress.,Enhancing Reliability,6,PO,36,VINCENT,7/29/2026 10:59,2026-07-31T13:29:30,1:scheduled,2026-07-31T20:35:58Z
136352428,800555773,scheduled,ACTIVE,S,11,Upgrading Equipment,,Unincorporated Area,LOS ANGELES,91384,34.44064333,-118.6076168,2026-08-10T17:30:00Z,8/11/2026 4:30,Work is in progress.,Enhancing Reliability,18,PO,59,SAUGUS,7/30/2026 8:25,2026-07-31T13:29:30,1:scheduled,2026-07-31T20:35:58Z
136343082,800555095,scheduled,ACTIVE,S,8,Upgrading Equipment,,PARAMOUNT,LOS ANGELES,90723,33.88648121,-118.1761171,2026-08-06T09:00:00Z,8/6/2026 15:00,Work is in progress.,Enhancing Reliability,6,PO,32,LIGHTHIPE,7/28/2026 13:32,2026-07-31T13:29:30,1:scheduled,2026-07-31T20:35:58Z
136317873,800553167,scheduled,ACTIVE,S,3,Upgrading Equipment,,SANTA CLARITA,LOS ANGELES,91350,34.42685258,-118.5347947,2026-08-04T00:00:00Z,8/4/2026 4:00,Work is in progress.,Enhancing Reliability,6,PO,59,SAUGUS,7/22/2026 17:02,2026-07-31T13:29:30,1:scheduled,2026-07-31T20:35:58Z
136308499,800552433,scheduled,ACTIVE,S,17,Upgrading Equipment,,FOUNTAIN VALLEY,ORANGE,92708,33.6964226,-117.9491774,2026-08-04T12:00:00Z,8/4/2026 15:00,Work is in progress.,Enhancing Reliability,6,PO,33,ELLIS,7/20/2026 15:35,2026-07-31T13:29:30,1:scheduled,2026-07-31T20:35:58Z
136352199,800555733,scheduled,ACTIVE,S,136,Upgrading Equipment,,GLENDORA,LOS ANGELES,91741,34.13237772,-117.8588673,2026-08-06T08:00:00Z,8/6/2026 15:00,Work is in progress.,Enhancing Reliability,18,PO,26,MIRA LOMA,7/30/2026 6:52,2026-07-31T13:29:30,1:scheduled,2026-07-31T20:35:58Z
136342301,800554997,scheduled,ACTIVE,S,290,Transformer Upgrade,,LA HABRA,ORANGE,90631,33.92076995,-117.9609909,2026-08-07T08:30:00Z,8/7/2026 14:00,Work is in progress.,Enhancing Reliability,18,PO,48,VILLA PARK,7/28/2026 10:57,2026-07-31T13:29:30,1:scheduled,2026-07-31T20:35:58Z
136344200,800555264,scheduled,ACTIVE,S,32,Upgrading Equipment,,WESTMINSTER,ORANGE,92683,33.76958494,-118.0176228,2026-08-07T09:00:00Z,8/7/2026 11:00,Work is in progress.,Enhancing Reliability,6,PO,33,VILLA PARK,7/28/2026 17:11,2026-07-31T13:29:30,1:scheduled,2026-07-31T20:35:58Z
136343997,800555261,scheduled,ACTIVE,S,181,Upgrading Equipment,,PALMDALE,LOS ANGELES,93550,34.58419932,-118.1213768,2026-08-05T10:00:00Z,8/5/2026 18:30,Work is in progress.,Enhancing Reliability,6,PO,36,VINCENT,7/28/2026 16:22,2026-07-31T13:29:30,1:scheduled,2026-07-31T20:35:58Z
136252024,800548096,scheduled,ACTIVE,S,26,Upgrading Equipment,,LA HABRA,ORANGE,90631,33.9208937,-117.9432927,2026-08-02T09:00:00Z,8/2/2026 16:00,Work is in progress.,Enhancing Reliability,14,PO,48,VILLA PARK,7/15/2026 7:13,2026-07-31T13:29:30,1:scheduled,2026-07-31T20:35:58Z
136325113,800553901,scheduled,ACTIVE,S,66,Upgrading Equipment,,WEST COVINA,LOS ANGELES,91791,34.06648441,-117.8937687,2026-08-04T07:30:00Z,8/4/2026 16:00,Work is in progress.,Enhancing Reliability,18,PO,26,MIRA LOMA,7/24/2026 16:06,2026-07-31T13:29:30,1:scheduled,2026-07-31T20:35:58Z
136347158,800555410,scheduled,ACTIVE,S,120,Upgrading Equipment,,Unincorporated Area,LOS ANGELES,93591,34.58453128,-117.9580992,2026-08-06T09:00:00Z,8/6/2026 20:00,Work is in progress.,Enhancing Reliability,6,PO,36,VINCENT,7/29/2026 9:04,2026-07-31T13:29:30,1:scheduled,2026-07-31T20:35:58Z
136317837,800553188,scheduled,ACTIVE,S,2,Pole Upgrade,,Unincorporated Area,LOS ANGELES,91384,34.43062399,-118.6904507,2026-08-03T11:30:00Z,8/3/2026 13:00,Work is in progress.,Enhancing Reliability,6,PO,59,SAUGUS,7/22/2026 16:53,2026-07-31T13:29:30,1:scheduled,2026-07-31T20:35:58Z
136320310,800553422,scheduled,ACTIVE,S,2,Pole Upgrade,,Unincorporated Area,LOS ANGELES,90265,34.04566932,-118.7728852,2026-08-03T08:00:00Z,8/3/2026 14:00,Work is in progress.,Enhancing Reliability,18,PO,35,MOORPARK,7/24/2026 10:19,2026-07-31T13:29:30,1:scheduled,2026-07-31T20:35:58Z
136352384,800555846,scheduled,ACTIVE,S,55,Pole Upgrade,,WESTMINSTER,ORANGE,92683,33.76246723,-117.9872344,2026-08-05T08:30:00Z,8/5/2026 16:00,Work is in progress.,Enhancing Reliability,18,PO,33,VILLA PARK,7/30/2026 8:17,2026-07-31T13:29:30,1:scheduled,2026-07-31T20:35:58Z
136324024,800553801,scheduled,ACTIVE,S,29,Upgrading Equipment,,COMPTON,LOS ANGELES,90222,33.9105936,-118.2362153,2026-08-05T08:00:00Z,8/5/2026 15:00,Work is in progress.,Enhancing Reliability,18,PO,32,LIGHTHIPE,7/24/2026 10:49,2026-07-31T13:29:30,1:scheduled,2026-07-31T20:35:58Z
136210558,800545302,scheduled,ACTIVE,S,2,Pole Upgrade,,HUNTINGTON PARK,LOS ANGELES,90001,33.98818847,-118.2381867,2026-08-01T08:00:00Z,8/1/2026 19:00,Work is in progress.,Enhancing Reliability,14,PO,32,LIGHTHIPE,7/9/2026 13:26,2026-07-31T13:29:30,1:scheduled,2026-07-31T20:35:58Z
136336809,800554680,scheduled,ACTIVE,S,2,Upgrading Equipment,,LA MIRADA,LOS ANGELES,90638,33.90957171,-118.0111988,2026-08-06T08:00:00Z,8/6/2026 11:00,Work is in progress.,Enhancing Reliability,18,PO,48,VILLA PARK,7/27/2026 8:37,2026-07-31T13:29:30,1:scheduled,2026-07-31T20:35:58Z
136336582,800554537,scheduled,ACTIVE,S,22,Pole Upgrade,,RANCHO PALOS VERDES,LOS ANGELES,90275,33.78535609,-118.3814798,2026-08-04T08:30:00Z,8/4/2026 16:00,Work is in progress.,Enhancing Reliability,18,PO,44,EL NIDO,7/27/2026 7:47,2026-07-31T13:29:30,1:scheduled,2026-07-31T20:35:58Z
136215225,800545636,scheduled,ACTIVE,S,7,Upgrading Equipment,,LA CANADA FLINTRIDGE,LOS ANGELES,91011,34.22054297,-118.205469,2026-08-12T08:00:00Z,8/12/2026 16:00,Work is in progress.,Enhancing Reliability,20,PO,27,MESA,7/24/2026 9:55,2026-07-31T13:29:30,1:scheduled,2026-07-31T20:35:58Z
136358714,800556376,scheduled,ACTIVE,S,8,Upgrading Equipment,,BELLFLOWER,LOS ANGELES,90706,33.88391639,-118.1152731,2026-08-12T09:00:00Z,8/12/2026 15:00,Work is in progress.,Enhancing Reliability,6,PO,32,LIGHTHIPE,7/31/2026 12:11,2026-07-31T13:29:30,1:scheduled,2026-07-31T20:35:58Z
136328884,800554220,scheduled,ACTIVE,S,4,Transformer Upgrade,,RANCHO PALOS VERDES,LOS ANGELES,90275,33.78580322,-118.3743079,2026-08-07T09:30:00Z,8/7/2026 16:00,Work is in progress.,Enhancing Reliability,6,PO,44,EL NIDO,7/25/2026 10:23,2026-07-31T13:29:30,1:scheduled,2026-07-31T20:35:58Z
136261877,800548814,scheduled,ACTIVE,S,12,Pole Upgrade,,WESTMINSTER,ORANGE,92683,33.7655435,-117.984348,2026-08-06T08:00:00Z,8/6/2026 17:00,Work is in progress.,Enhancing Reliability,20,PO,33,VILLA PARK,7/20/2026 15:32,2026-07-31T13:29:30,1:scheduled,2026-07-31T20:35:58Z
136323441,800553710,scheduled,ACTIVE,S,2,Transformer Upgrade,,MALIBU,LOS ANGELES,90265,34.01038169,-118.8087911,2026-08-05T12:00:00Z,8/5/2026 15:00,Work is in progress.,Enhancing Reliability,6,PO,35,MOORPARK,7/24/2026 8:42,2026-07-31T13:29:30,1:scheduled,2026-07-31T20:35:58Z
136328339,800554105,scheduled,ACTIVE,S,11,Pole Upgrade,,HUNTINGTON BEACH,ORANGE,92647,33.73658579,-118.0203328,2026-08-06T09:00:00Z,8/6/2026 16:00,Work is in progress.,Enhancing Reliability,6,PO,33,VILLA PARK,7/25/2026 7:27,2026-07-31T13:29:30,1:scheduled,2026-07-31T20:35:58Z
136322019,800553410,scheduled,ACTIVE,S,80,Pole Upgrade,,LA MIRADA,LOS ANGELES,90638,33.90147471,-118.011048,2026-08-04T21:00:00Z,8/5/2026 3:00,Work is in progress.,Enhancing Reliability,18,PO,47,LIGHTHIPE,7/23/2026 15:04,2026-07-31T13:29:30,1:scheduled,2026-07-31T20:35:58Z
136324041,800553733,scheduled,ACTIVE,S,0,Upgrading Equipment,,LONG BEACH,LOS ANGELES,90803,33.76038526,-118.1506967,2026-08-05T13:00:00Z,8/5/2026 15:00,Work is in progress.,Enhancing Reliability,6,PO,46,LIGHTHIPE,7/24/2026 10:53,2026-07-31T13:29:30,1:scheduled,2026-07-31T20:35:58Z
136344182,800555282,scheduled,ACTIVE,S,8,Upgrading Equipment,,TUSTIN,ORANGE,92782,33.72890721,-117.7969947,2026-08-07T21:00:00Z,8/8/2026 4:30,Work is in progress.,Enhancing Reliability,6,PO,29,VILLA PARK,7/28/2026 17:05,2026-07-31T13:29:30,1:scheduled,2026-07-31T20:35:58Z
136317047,800553160,scheduled,ACTIVE,S,16,Upgrading Equipment,,LAKEWOOD,LOS ANGELES,90712,33.85671487,-118.1302985,2026-08-03T09:00:00Z,8/3/2026 15:00,Work is in progress.,Enhancing Reliability,6,PO,46,LIGHTHIPE,7/22/2026 13:26,2026-07-31T13:29:30,1:scheduled,2026-07-31T20:35:58Z
136325029,800553881,scheduled,ACTIVE,S,3,Upgrading Equipment,,LONG BEACH,LOS ANGELES,90807,33.83605212,-118.1891562,2026-08-05T23:00:00Z,8/6/2026 3:00,Work is in progress.,Enhancing Reliability,6,PO,46,LIGHTHIPE,7/24/2026 15:40,2026-07-31T13:29:30,1:scheduled,2026-07-31T20:35:58Z
136321052,800553448,scheduled,ACTIVE,S,683,Upgrading Equipment,,LAGUNA WOODS,ORANGE,92653,33.6119456,-117.7497983,2026-08-03T08:00:00Z,8/3/2026 16:00,Work is in progress.,Enhancing Reliability,18,PO,43,ELLIS,7/23/2026 14:16,2026-07-31T13:29:30,1:scheduled,2026-07-31T20:35:58Z
136328244,800553855,scheduled,ACTIVE,S,9,Upgrading Equipment,,NEWPORT BEACH,ORANGE,92625,33.5984994,-117.8595397,2026-08-05T12:30:00Z,8/5/2026 15:30,Work is in progress.,Enhancing Reliability,6,PO,33,ELLIS,7/25/2026 6:50,2026-07-31T13:29:30,1:scheduled,2026-07-31T20:35:58Z
136316938,800552996,scheduled,ACTIVE,S,22,Pole Upgrade,,FLORENCE-GRAHAM,LOS ANGELES,90001,33.97263544,-118.2509854,2026-08-03T08:00:00Z,8/3/2026 14:00,Work is in progress.,Enhancing Reliability,18,PO,32,LIGHTHIPE,7/22/2026 12:59,2026-07-31T13:29:30,1:scheduled,2026-07-31T20:35:58Z
136344245,800555284,scheduled,ACTIVE,S,169,Upgrading Equipment,,SANTA ANA,ORANGE,92706,33.7753755,-117.8713716,2026-08-08T01:00:00Z,8/8/2026 4:00,Work is in progress.,Enhancing Reliability,18,PO,29,VILLA PARK,7/28/2026 17:25,2026-07-31T13:29:30,1:scheduled,2026-07-31T20:35:58Z
136328829,800554072,scheduled,ACTIVE,S,20,Upgrading Equipment,,Unincorporated Area,LOS ANGELES,91302,34.15257476,-118.6650683,2026-08-07T08:00:00Z,8/7/2026 10:00,Work is in progress.,Enhancing Reliability,18,PO,35,MOORPARK,7/25/2026 10:00,2026-07-31T13:29:30,1:scheduled,2026-07-31T20:35:58Z
136343923,800555139,scheduled,ACTIVE,S,63,Upgrading Equipment,,TORRANCE,LOS ANGELES,90503,33.84843561,-118.3460968,2026-08-07T09:00:00Z,8/7/2026 14:00,Work is in progress.,Enhancing Reliability,6,PO,44,EL NIDO,7/28/2026 16:05,2026-07-31T13:29:30,1:scheduled,2026-07-31T20:35:58Z
136343950,800555210,scheduled,ACTIVE,S,0,Transformer Upgrade,,PALOS VERDES ESTATES,LOS ANGELES,90274,33.79104265,-118.4060172,2026-08-07T09:30:00Z,8/7/2026 15:00,Work is in progress.,Enhancing Reliability,6,PO,44,EL NIDO,7/28/2026 16:12,2026-07-31T13:29:30,1:scheduled,2026-07-31T20:35:58Z
136353174,800556000,scheduled,ACTIVE,S,3,Transformer Upgrade,,Unincorporated Area,LOS ANGELES,91355,34.44640337,-118.6336984,2026-08-08T08:00:00Z,8/8/2026 12:00,Work is in progress.,Enhancing Reliability,6,PO,59,SAUGUS,7/30/2026 10:57,2026-07-31T13:29:30,1:scheduled,2026-07-31T20:35:58Z
136328880,800554074,scheduled,ACTIVE,S,21,Upgrading Equipment,,RANCHO PALOS VERDES,LOS ANGELES,90275,33.73619225,-118.3510731,2026-08-06T09:30:00Z,8/6/2026 16:00,Work is in progress.,Enhancing Reliability,6,PO,44,EL NIDO,7/25/2026 10:21,2026-07-31T13:29:30,1:scheduled,2026-07-31T20:35:58Z
136250576,800548032,scheduled,ACTIVE,S,103,Pole Upgrade,,SAN DIMAS,LOS ANGELES,91773,34.1024412,-117.8113775,2026-08-03T20:00:00Z,8/4/2026 3:00,Work is in progress.,Enhancing Reliability,20,PO,26,MIRA LOMA,7/20/2026 12:31,2026-07-31T13:29:30,1:scheduled,2026-07-31T20:35:58Z
136322045,800553399,scheduled,ACTIVE,S,25,Upgrading Equipment,,ARCADIA,LOS ANGELES,91007,34.10996826,-118.0517336,2026-08-04T08:30:00Z,8/4/2026 12:30,Work is in progress.,Enhancing Reliability,6,PO,27,MESA,7/23/2026 15:19,2026-07-31T13:29:30,1:scheduled,2026-07-31T20:35:58Z
136349292,800555686,scheduled,ACTIVE,S,1,Pole Upgrade,,VAL VERDE,LOS ANGELES,91384,34.44791172,-118.6710681,2026-08-07T11:00:00Z,8/7/2026 12:00,Work is in progress.,Enhancing Reliability,6,PO,59,SAUGUS,7/29/2026 15:49,2026-07-31T13:29:30,1:scheduled,2026-07-31T20:35:58Z
136318033,800553153,scheduled,ACTIVE,S,165,Upgrading Equipment,,EL MONTE,LOS ANGELES,91732,34.05977133,-118.0189228,2026-08-03T21:00:00Z,8/4/2026 6:30,Work is in progress.,Enhancing Reliability,18,PO,22,MESA,7/22/2026 17:55,2026-07-31T13:29:30,1:scheduled,2026-07-31T20:35:58Z
136325442,800553944,scheduled,ACTIVE,S,4,Upgrading Equipment,,Unincorporated Area,LOS ANGELES,91301,34.1131244,-118.7746848,2026-08-06T14:30:00Z,8/6/2026 15:00,Work is in progress.,Enhancing Reliability,18,PO,35,MOORPARK,7/24/2026 17:27,2026-07-31T13:29:30,1:scheduled,2026-07-31T20:35:58Z
136240909,800547179,scheduled,ACTIVE,S,66,Upgrading Equipment,,CLAREMONT,LOS ANGELES,91711,34.09250572,-117.7058495,2026-08-06T08:00:00Z,8/6/2026 13:00,Work is in progress.,Enhancing Reliability,20,PO,26,MIRA LOMA,7/14/2026 13:03,2026-07-31T13:29:30,1:scheduled,2026-07-31T20:35:58Z
136328723,800554051,scheduled,ACTIVE,S,4,Upgrading Equipment,,NEWPORT BEACH,ORANGE,92660,33.61587759,-117.8682633,2026-08-06T01:30:00Z,8/6/2026 7:00,Work is in progress.,Enhancing Reliability,6,PO,33,ELLIS,7/25/2026 9:30,2026-07-31T13:29:30,1:scheduled,2026-07-31T20:35:58Z
136328525,800554069,scheduled,ACTIVE,S,3,Upgrading Equipment,,WEST COVINA,LOS ANGELES,91790,34.0922105,-117.9415812,2026-08-07T18:30:00Z,8/8/2026 6:00,Work is in progress.,Enhancing Reliability,6,PO,26,MIRA LOMA,7/25/2026 8:24,2026-07-31T13:29:30,1:scheduled,2026-07-31T20:35:58Z
136328871,800554139,scheduled,ACTIVE,S,11,Upgrading Equipment,,RANCHO PALOS VERDES,LOS ANGELES,90275,33.78385249,-118.3703259,2026-08-06T09:30:00Z,8/6/2026 17:00,Work is in progress.,Enhancing Reliability,6,PO,44,EL NIDO,7/25/2026 10:18,2026-07-31T13:29:30,1:scheduled,2026-07-31T20:35:58Z
136352743,800555880,scheduled,ACTIVE,S,93,Pole Upgrade,,AVALON,LOS ANGELES,90704,33.34537318,-118.3287448,2026-08-11T08:00:00Z,8/11/2026 16:00,Work is in progress.,Enhancing Reliability,6,PO,,CATALINA,7/30/2026 9:22,2026-07-31T13:29:30,1:scheduled,2026-07-31T20:35:58Z
136320980,800553392,scheduled,ACTIVE,S,9,Upgrading Equipment,,ARTESIA,LOS ANGELES,90701,33.85805747,-118.0773066,2026-08-03T21:00:00Z,8/4/2026 1:00,Work is in progress.,Enhancing Reliability,6,PO,46,LIGHTHIPE,7/23/2026 13:41,2026-07-31T13:29:30,1:scheduled,2026-07-31T20:35:58Z
136347543,800555485,scheduled,ACTIVE,S,52,Upgrading Equipment,,LANCASTER,LOS ANGELES,93535,34.65274199,-118.1141508,2026-08-03T22:00:00Z,8/4/2026 4:00,Work is in progress.,Enhancing Reliability,6,PO,36,VINCENT,7/29/2026 10:10,2026-07-31T13:29:30,1:scheduled,2026-07-31T20:35:58Z
136357798,800556275,scheduled,ACTIVE,S,203,Upgrading Equipment,,AGOURA HILLS,LOS ANGELES,91301,34.14423758,-118.794676,2026-08-12T00:30:00Z,8/12/2026 6:00,Work is in progress.,Enhancing Reliability,6,PO,35,MOORPARK,7/31/2026 9:29,2026-07-31T13:29:30,1:scheduled,2026-07-31T20:35:58Z
136328164,800553974,scheduled,ACTIVE,S,60,Upgrading Equipment,,LOS ALAMITOS,ORANGE,90720,33.79085931,-118.0706217,2026-08-07T09:00:00Z,8/7/2026 16:00,Work is in progress.,Enhancing Reliability,6,PO,46,LIGHTHIPE,7/25/2026 5:24,2026-07-31T13:29:30,1:scheduled,2026-07-31T20:35:58Z
136328235,800554027,scheduled,ACTIVE,S,71,Upgrading Equipment,,Unincorporated Area,LOS ANGELES,91107,34.13891313,-118.107844,2026-08-06T08:30:00Z,8/6/2026 16:00,Work is in progress.,Enhancing Reliability,18,PO,27,MESA,7/25/2026 6:36,2026-07-31T13:29:30,1:scheduled,2026-07-31T20:35:58Z
136325359,800553836,scheduled,ACTIVE,S,12,Upgrading Equipment,,Unincorporated Area,LOS ANGELES,93543,34.57093481,-117.9232375,2026-08-04T09:00:00Z,8/4/2026 18:30,Work is in progress.,Enhancing Reliability,6,PO,36,VINCENT,7/24/2026 17:06,2026-07-31T13:29:30,1:scheduled,2026-07-31T20:35:58Z
136337666,800554722,scheduled,ACTIVE,S,28,Transformer Upgrade,,CULVER CITY,LOS ANGELES,90232,34.01224685,-118.3978082,2026-08-04T09:00:00Z,8/4/2026 14:00,Work is in progress.,Enhancing Reliability,6,PO,42,EL NIDO,7/27/2026 10:18,2026-07-31T13:29:30,1:scheduled,2026-07-31T20:35:58Z
136354621,800556057,scheduled,ACTIVE,S,61,Upgrading Equipment,,LONG BEACH,LOS ANGELES,90806,33.80565224,-118.1876829,2026-08-11T03:00:00Z,8/11/2026 6:00,Work is in progress.,Enhancing Reliability,6,PO,46,LIGHTHIPE,7/30/2026 17:17,2026-07-31T13:29:30,1:scheduled,2026-07-31T20:35:58Z
136341738,800555082,scheduled,ACTIVE,S,7,Upgrading Equipment,,SIERRA MADRE,LOS ANGELES,91024,34.16817273,-118.0460868,2026-08-11T08:00:00Z,8/11/2026 9:00,Work is in progress.,Enhancing Reliability,18,PO,27,MESA,7/28/2026 9:01,2026-07-31T13:29:30,1:scheduled,2026-07-31T20:35:58Z
136349318,800555552,scheduled,ACTIVE,S,7,Upgrading Equipment,,WILLOWBROOK,LOS ANGELES,90059,33.91386274,-118.2647869,2026-08-07T22:00:00Z,8/8/2026 6:00,Work is in progress.,Enhancing Reliability,18,PO,32,LIGHTHIPE,7/29/2026 15:57,2026-07-31T13:29:30,1:scheduled,2026-07-31T20:35:58Z
136352855,800555798,scheduled,ACTIVE,S,1,Cable Upgrade,,SANTA ANA,ORANGE,92706,33.76888369,-117.8843268,2026-08-10T09:00:00Z,8/10/2026 14:00,Work is in progress.,Enhancing Reliability,6,PO,29,ELLIS,7/30/2026 9:52,2026-07-31T13:29:30,1:scheduled,2026-07-31T20:35:58Z
136337919,800554705,scheduled,ACTIVE,S,16,Upgrading Equipment,,HAWTHORNE,LOS ANGELES,90250,33.92968705,-118.3517912,2026-08-04T21:00:00Z,8/5/2026 6:00,Work is in progress.,Enhancing Reliability,6,PO,44,EL NIDO,7/27/2026 11:18,2026-07-31T13:29:30,1:scheduled,2026-07-31T20:35:58Z
136321086,800553545,scheduled,ACTIVE,S,71,Upgrading Equipment,,LONG BEACH,LOS ANGELES,90803,33.761305,-118.1324824,2026-08-04T09:15:00Z,8/4/2026 13:00,Work is in progress.,Enhancing Reliability,6,PO,46,LIGHTHIPE,7/23/2026 14:29,2026-07-31T13:29:30,1:scheduled,2026-07-31T20:35:58Z
136349165,800555572,scheduled,ACTIVE,S,1,Pole Upgrade,,Unincorporated Area,LOS ANGELES,91384,34.43258979,-118.6963066,2026-08-07T09:00:00Z,8/7/2026 10:00,Work is in progress.,Enhancing Reliability,6,PO,59,SAUGUS,7/29/2026 15:20,2026-07-31T13:29:30,1:scheduled,2026-07-31T20:35:58Z
136342548,800555111,scheduled,ACTIVE,S,13,Pole Upgrade,,LANCASTER,LOS ANGELES,93536,34.67755125,-118.178455,2026-08-04T09:00:00Z,8/4/2026 18:30,Work is in progress.,Enhancing Reliability,6,PO,36,VINCENT,7/28/2026 11:47,2026-07-31T13:29:30,1:scheduled,2026-07-31T20:35:58Z
136349263,800555597,scheduled,ACTIVE,S,271,Upgrading Equipment,,WILLOWBROOK,LOS ANGELES,90059,33.92167968,-118.2694709,2026-08-07T22:00:00Z,8/7/2026 23:00,Work is in progress.,Enhancing Reliability,18,PO,32,LIGHTHIPE,7/29/2026 15:42,2026-07-31T13:29:30,1:scheduled,2026-07-31T20:35:58Z
136352302,800555715,scheduled,ACTIVE,S,103,Upgrading Equipment,,ALHAMBRA,LOS ANGELES,91801,34.10675953,-118.1324577,2026-08-11T08:00:00Z,8/11/2026 16:00,Work is in progress.,Enhancing Reliability,18,PO,22,MESA,7/30/2026 7:51,2026-07-31T13:29:30,1:scheduled,2026-07-31T20:35:58Z
136325330,800553867,scheduled,ACTIVE,S,1,Pole Upgrade,,LOS ANGELES,LOS ANGELES,91311,34.27711414,-118.6068765,2026-08-06T09:00:00Z,8/6/2026 13:00,Work is in progress.,Enhancing Reliability,6,PO,,,7/24/2026 16:58,2026-07-31T13:29:30,1:scheduled,2026-07-31T20:35:58Z
136349509,800555693,scheduled,ACTIVE,S,6,Pole Upgrade,,LA VERNE,LOS ANGELES,91750,34.10287859,-117.7626249,2026-08-04T17:00:00Z,8/4/2026 21:00,Work is in progress.,Enhancing Reliability,6,PO,26,MIRA LOMA,7/29/2026 16:58,2026-07-31T13:29:30,1:scheduled,2026-07-31T20:35:58Z
136337972,800554707,scheduled,ACTIVE,S,15,Pole Upgrade,,TORRANCE,LOS ANGELES,90504,33.85885452,-118.3318755,2026-08-05T08:30:00Z,8/5/2026 14:30,Work is in progress.,Enhancing Reliability,18,PO,44,EL NIDO,7/27/2026 11:35,2026-07-31T13:29:30,1:scheduled,2026-07-31T20:35:58Z
136347767,800555356,scheduled,ACTIVE,S,85,Upgrading Equipment,,SIERRA MADRE,LOS ANGELES,91024,34.16932992,-118.0447878,2026-08-11T09:00:00Z,8/11/2026 19:00,Work is in progress.,Enhancing Reliability,6,PO,27,MESA,7/29/2026 10:49,2026-07-31T13:29:30,1:scheduled,2026-07-31T20:35:58Z
136347573,800555524,scheduled,ACTIVE,S,63,Upgrading Equipment,,MONROVIA,LOS ANGELES,91016,34.12825972,-118.0036399,2026-08-10T08:00:00Z,8/10/2026 16:00,Work is in progress.,Enhancing Reliability,18,PO,27,MESA,7/29/2026 10:11,2026-07-31T13:29:30,1:scheduled,2026-07-31T20:35:58Z
136354687,800556128,scheduled,ACTIVE,S,300,Upgrading Equipment,,LONG BEACH,LOS ANGELES,90804,33.79357858,-118.1491087,2026-08-11T09:15:00Z,8/11/2026 13:00,Work is in progress.,Enhancing Reliability,6,PO,46,LIGHTHIPE,7/30/2026 17:44,2026-07-31T13:29:30,1:scheduled,2026-07-31T20:35:58Z
136299520,800551850,scheduled,ACTIVE,S,58,Upgrading Equipment,,WHITTIER,LOS ANGELES,90606,33.98576565,-118.0667289,2026-08-01T09:30:00Z,8/1/2026 17:00,Work is in progress.,Enhancing Reliability,6,PO,22,MESA,7/18/2026 8:09,2026-07-31T13:29:30,1:scheduled,2026-07-31T20:35:58Z
136354662,800556127,scheduled,ACTIVE,S,12,Upgrading Equipment,,LAKEWOOD,LOS ANGELES,90712,33.85688287,-118.1294064,2026-08-11T09:00:00Z,8/11/2026 15:00,Work is in progress.,Enhancing Reliability,6,PO,46,LIGHTHIPE,7/30/2026 17:31,2026-07-31T13:29:31,1:scheduled,2026-07-31T20:35:58Z
136328473,800554165,scheduled,ACTIVE,S,3,Upgrading Equipment,,ALTADENA,LOS ANGELES,91001,34.19163422,-118.1220476,2026-08-07T09:00:00Z,8/7/2026 14:00,Work is in progress.,Enhancing Reliability,6,PO,27,MESA,7/25/2026 8:16,2026-07-31T13:29:31,1:scheduled,2026-07-31T20:35:58Z
136317857,800553189,scheduled,ACTIVE,S,1,Upgrading Equipment,,Unincorporated Area,LOS ANGELES,91384,34.43817543,-118.6905556,2026-08-03T10:00:00Z,8/3/2026 11:30,Work is in progress.,Enhancing Reliability,6,PO,59,SAUGUS,7/22/2026 16:59,2026-07-31T13:29:31,1:scheduled,2026-07-31T20:35:58Z
136354056,800556009,scheduled,ACTIVE,S,14,Upgrading Equipment,,TORRANCE,LOS ANGELES,90503,33.85356397,-118.3662394,2026-08-10T09:00:00Z,8/10/2026 13:00,Work is in progress.,Enhancing Reliability,6,PO,44,EL NIDO,7/30/2026 14:45,2026-07-31T13:29:31,1:scheduled,2026-07-31T20:35:58Z
136349787,800555556,scheduled,ACTIVE,S,95,Upgrading Equipment,,SOUTH EL MONTE,LOS ANGELES,91733,34.0497875,-118.0515204,2026-08-06T22:00:00Z,8/7/2026 6:30,Work is in progress.,Enhancing Reliability,18,PO,22,MESA,7/29/2026 18:27,2026-07-31T13:29:31,1:scheduled,2026-07-31T20:35:58Z
136343167,800555220,scheduled,ACTIVE,S,97,Upgrading Equipment,,FLORENCE-GRAHAM,LOS ANGELES,90001,33.97111054,-118.2544791,2026-08-06T08:00:00Z,8/6/2026 16:00,Work is in progress.,Enhancing Reliability,18,PO,32,LIGHTHIPE,7/28/2026 13:58,2026-07-31T13:29:31,1:scheduled,2026-07-31T20:35:58Z
136312021,800552766,scheduled,ACTIVE,S,7,Upgrading Equipment,,MONTEREY PARK,LOS ANGELES,91755,34.05908053,-118.1125244,2026-08-03T13:00:00Z,8/3/2026 15:00,Work is in progress.,Enhancing Reliability,18,PO,22,MESA,7/21/2026 14:39,2026-07-31T13:29:31,1:scheduled,2026-07-31T20:35:58Z
136337397,800554741,scheduled,ACTIVE,S,75,Upgrading Equipment,,CULVER CITY,LOS ANGELES,90232,34.01817581,-118.389682,2026-08-04T09:00:00Z,8/4/2026 16:00,Work is in progress.,Enhancing Reliability,6,PO,42,EL NIDO,7/27/2026 10:07,2026-07-31T13:29:31,1:scheduled,2026-07-31T20:35:58Z
136328199,800553853,scheduled,ACTIVE,S,1,Upgrading Equipment,,Unincorporated Area,LOS ANGELES,93563,34.20541916,-117.8567034,2026-08-03T09:00:00Z,8/3/2026 16:30,Work is in progress.,Enhancing Reliability,6,PO,27,MESA,7/25/2026 5:59,2026-07-31T13:29:31,1:scheduled,2026-07-31T20:35:58Z
136306249,800552238,scheduled,ACTIVE,S,21,Upgrading Equipment,,TORRANCE,LOS ANGELES,90505,33.82477826,-118.3496501,2026-07-31T21:00:00Z,8/1/2026 7:00,Work is in progress.,Enhancing Reliability,6,PO,44,EL NIDO,7/20/2026 6:29,2026-07-31T13:29:31,1:scheduled,2026-07-31T20:35:58Z
136307715,800552406,scheduled,ACTIVE,S,83,Transformer Upgrade,,CALABASAS,LOS ANGELES,91302,34.13881158,-118.7045132,2026-08-01T08:00:00Z,8/1/2026 12:00,Work is in progress.,Enhancing Reliability,18,PO,35,MOORPARK,7/20/2026 12:55,2026-07-31T13:29:31,1:scheduled,2026-07-31T20:35:58Z
136328170,800554006,scheduled,ACTIVE,S,15,Upgrading Equipment,,CERRITOS,LOS ANGELES,90703,33.88666881,-118.066159,2026-08-07T09:00:00Z,8/7/2026 15:00,Work is in progress.,Enhancing Reliability,6,PO,46,LIGHTHIPE,7/25/2026 5:28,2026-07-31T13:29:31,1:scheduled,2026-07-31T20:35:58Z
136323433,800553612,scheduled,ACTIVE,S,255,Upgrading Equipment,,SANTA ANA,ORANGE,92703,33.73575468,-117.8885351,2026-08-04T22:00:00Z,8/5/2026 4:30,Work is in progress.,Enhancing Reliability,6,PO,29,ELLIS,7/24/2026 8:41,2026-07-31T13:29:31,1:scheduled,2026-07-31T20:35:58Z
136242596,800547299,active,ACTIVE,,19,Upgrading Equipment,,WESTMINSTER,ORANGE,92683,33.7715677,-118.0384916,2026-07-31T12:00:00Z,7/31/2026 15:00,Work is in progress.,Enhancing Reliability,14,PO,33,VILLA PARK,7/31/2026 13:23,2026-07-31T13:39:31,0:active,2026-07-31T20:51:00Z
136299596,800551797,active,ACTIVE,,12,Pole Upgrade,,WESTMINSTER,ORANGE,92683,33.7655435,-117.984348,2026-07-31T08:00:00Z,7/31/2026 16:00,Work is in progress.,Enhancing Reliability,18,PO,33,VILLA PARK,7/31/2026 8:33,2026-07-31T13:39:31,0:active,2026-07-31T20:51:00Z
136306688,800552273,active,ACTIVE,,53,Upgrading Equipment,,MONTEREY PARK,LOS ANGELES,91755,34.04644915,-118.1256575,2026-07-31T09:30:00Z,Most up by 07/31/2026 03:00:00 PM,We have completed this repair.,Enhancing Reliability,6,PO,22,MESA,7/31/2026 12:40,2026-07-31T13:39:31,0:active,2026-07-31T20:51:00Z
136358348,800556420,active,ACTIVE,,4,Analyzing Problem,,COMMERCE,LOS ANGELES,90040,34.00128252,-118.1584301,2026-07-31T10:03:01Z,Most up by 07/31/2026 07:00:00 PM,We have notified our repair crews. ,Not Available,3,QI,32,LIGHTHIPE,7/31/2026 13:32,2026-07-31T13:39:31,0:active,2026-07-31T20:51:00Z
136312619,800552685,active,ACTIVE,,101,Upgrading Equipment,,GARDEN GROVE,ORANGE,92845,33.78216509,-118.0388118,2026-07-31T09:16:17Z,7/31/2026 16:00,Work is in progress.,Enhancing Reliability,18,PO,29,VILLA PARK,7/31/2026 9:16,2026-07-31T13:39:31,0:active,2026-07-31T20:51:00Z
136307451,800552404,active,ACTIVE,,120,Pole Upgrade,,LA PUENTE,LOS ANGELES,91744,34.01288174,-117.9347218,2026-07-31T08:00:00Z,7/31/2026 17:00,Work is in progress.,Enhancing Reliability,18,PO,26,MIRA LOMA,7/31/2026 8:25,2026-07-31T13:39:31,0:active,2026-07-31T20:51:00Z
136323990,800553658,active,ACTIVE,,2,Pole Upgrade,,BELLFLOWER,LOS ANGELES,90706,33.88008732,-118.1429655,2026-07-31T08:00:00Z,7/31/2026 16:00,Work is in progress.,Enhancing Reliability,18,PO,32,LIGHTHIPE,7/31/2026 8:22,2026-07-31T13:39:31,0:active,2026-07-31T20:51:00Z
136357539,800556235,active,ACTIVE,,175,Equipment Problems,,COSTA MESA,ORANGE,92627,33.63494141,-117.9019107,2026-07-31T08:50:01Z,7/31/2026 15:00,Work is in progress.,Not Available,3,Not Available,33,ELLIS,7/31/2026 13:03,2026-07-31T13:39:31,0:active,2026-07-31T20:51:00Z
136358223,800556311,active,ACTIVE,,14,Analyzing Problem,,LONG BEACH,LOS ANGELES,90805,33.86940909,-118.2032971,2026-07-31T10:22:49Z,7/31/2026 16:00,Work is in progress.,Not Available,1,Not Available,46,LIGHTHIPE,7/31/2026 11:46,2026-07-31T13:39:31,0:active,2026-07-31T20:51:00Z
136300590,800552081,active,ACTIVE,,56,Transformer Upgrade,,LAKE LOS ANGELES,LOS ANGELES,93535,34.63310306,-117.8583545,2026-07-31T09:25:59Z,7/31/2026 16:00,Work is in progress.,Enhancing Reliability,6,PO,36,VINCENT,7/31/2026 9:46,2026-07-31T13:39:32,0:active,2026-07-31T20:51:00Z
136357417,800556234,active,ACTIVE,,8,Equipment Problems,,WESTMINSTER,ORANGE,92683,33.7658988,-117.9837158,2026-07-31T08:26:48Z,7/31/2026 14:00,Work is in progress.,Not Available,1,QI,33,VILLA PARK,7/31/2026 13:23,2026-07-31T13:39:32,0:active,2026-07-31T20:51:00Z
136307297,800552403,active,ACTIVE,,13,Pole Upgrade,,GLENDORA,LOS ANGELES,91741,34.13474741,-117.8193494,2026-07-31T08:00:00Z,7/31/2026 14:00,Work is in progress.,Enhancing Reliability,18,PO,26,MIRA LOMA,7/31/2026 8:34,2026-07-31T13:39:32,0:active,2026-07-31T20:51:00Z
136307252,800552216,active,ACTIVE,,0,Pole Upgrade,,Unincorporated Area,ORANGE,92821,33.94641754,-117.8622588,2026-07-31T07:00:00Z,7/31/2026 16:00,Work is in progress.,Enhancing Reliability,18,PO,48,VILLA PARK,7/31/2026 13:09,2026-07-31T13:39:32,0:active,2026-07-31T20:51:00Z
136357248,800556197,active,ACTIVE,,104,Equipment Problems,,CERRITOS,LOS ANGELES,90703,33.88319306,-118.0702729,2026-07-31T07:22:28Z,7/31/2026 23:00,We have identified the problem and are working to restore your service.,Not Available,1,Not Available,46,LIGHTHIPE,7/31/2026 10:56,2026-07-31T13:39:32,0:active,2026-07-31T20:51:00Z
136308152,800552371,active,ACTIVE,,193,Upgrading Equipment,,COMPTON,LOS ANGELES,90221,33.88399658,-118.2115962,2026-07-31T08:00:00Z,Most up by 07/31/2026 03:30:00 PM,Work is in progress.,Enhancing Reliability,18,PO,32,LIGHTHIPE,7/31/2026 13:30,2026-07-31T13:39:32,0:active,2026-07-31T20:51:00Z
136312255,800552631,active,ACTIVE,,8,Upgrading Equipment,,BELLFLOWER,LOS ANGELES,90706,33.8722072,-118.1088695,2026-07-31T10:00:00Z,7/31/2026 15:00,Work is in progress.,Enhancing Reliability,6,PO,32,LIGHTHIPE,7/31/2026 13:11,2026-07-31T13:39:32,0:active,2026-07-31T20:51:00Z
136299436,800551828,active,ACTIVE,,2,Upgrading Equipment,,PASADENA,LOS ANGELES,91011,34.2226954,-118.1884371,2026-07-31T11:32:05Z,7/31/2026 18:30,Our crews are on the way. ,Enhancing Reliability,6,PO,,,7/31/2026 11:35,2026-07-31T13:39:32,0:active,2026-07-31T20:51:00Z
136312637,800552784,active,ACTIVE,,144,Pole Upgrade,,LA HABRA HEIGHTS,LOS ANGELES,90631,33.96172107,-117.9308329,2026-07-31T09:00:00Z,7/31/2026 15:00,Work is in progress.,Enhancing Reliability,18,PO,48,VILLA PARK,7/31/2026 10:17,2026-07-31T13:39:32,0:active,2026-07-31T20:51:00Z
136323960,800553656,active,ACTIVE,,0,Pole Upgrade,,BELLFLOWER,LOS ANGELES,90706,33.88558447,-118.1428186,2026-07-31T08:00:00Z,7/31/2026 15:00,Work is in progress.,Enhancing Reliability,18,PO,32,LIGHTHIPE,7/31/2026 10:53,2026-07-31T13:39:33,0:active,2026-07-31T20:51:00Z
136358955,800556327,active,ACTIVE,,18,Equipment Problems,,MISSION VIEJO,ORANGE,92691,33.60557426,-117.656317,2026-07-31T13:13:50Z,7/31/2026 15:00,Work is in progress.,Not Available,7,QI,43,ELLIS,7/31/2026 13:36,2026-07-31T13:39:33,0:active,2026-07-31T20:51:00Z
136323966,800553657,active,ACTIVE,,13,Pole Upgrade,,BELLFLOWER,LOS ANGELES,90706,33.88368935,-118.1427963,2026-07-31T08:00:00Z,7/31/2026 15:00,Work is in progress.,Enhancing Reliability,18,PO,32,LIGHTHIPE,7/31/2026 8:09,2026-07-31T13:39:33,0:active,2026-07-31T20:51:00Z
136355042,800556092,active,ACTIVE,,83,Equipment Problems,,TUSTIN,ORANGE,92782,33.73142816,-117.7999606,2026-07-30T19:31:20Z,Not Available,We have identified the problem and are working to restore your service.,Not Available,1,Not Available,29,VILLA PARK,7/31/2026 13:37,2026-07-31T13:39:33,0:active,2026-07-31T20:51:00Z
136358836,800556462,active,ACTIVE,,22,Analyzing Problem,,PALMDALE,LOS ANGELES,93550,34.58369845,-118.1069034,2026-07-31T12:42:01Z,Most up by 07/31/2026 07:00:00 PM,We are aware of the problem.,Not Available,1,Not Available,36,VINCENT,7/31/2026 13:37,2026-07-31T13:39:33,0:active,2026-07-31T20:51:00Z
136357238,800556248,active,ACTIVE,,9,Equipment Problems,,BELLFLOWER,LOS ANGELES,90706,33.88520522,-118.1428036,2026-07-31T07:22:55Z,7/31/2026 15:00,Work is in progress.,Not Available,7,QI,32,LIGHTHIPE,7/31/2026 8:21,2026-07-31T13:39:33,0:active,2026-07-31T20:51:00Z
136299922,800551810,active,ACTIVE,,10,Upgrading Equipment,,INGLEWOOD,LOS ANGELES,90056,33.98166817,-118.3622268,2026-07-31T08:00:00Z,7/31/2026 16:00,Work is in progress.,Enhancing Reliability,6,PO,44,EL NIDO,7/31/2026 12:46,2026-07-31T13:39:33,0:active,2026-07-31T20:51:00Z
136358703,800556461,active,ACTIVE,,34,Equipment Problems,,MONTEREY PARK,LOS ANGELES,91754,34.06103641,-118.1558221,2026-07-31T12:08:01Z,7/31/2026 17:30,Work is in progress.,Not Available,7,QI,22,MESA,7/31/2026 13:01,2026-07-31T13:39:33,0:active,2026-07-31T20:51:00Z
136358625,800556318,active,ACTIVE,,3,Equipment Problems,,ORANGE,ORANGE,92867,33.80367799,-117.8626642,2026-07-31T11:49:31Z,7/31/2026 18:00,Work is in progress.,Not Available,7,QI,29,VILLA PARK,7/31/2026 13:31,2026-07-31T13:39:33,0:active,2026-07-31T20:51:00Z
136328621,800554131,scheduled,ACTIVE,S,85,Pole Upgrade,,GARDEN GROVE,ORANGE,92845,33.79046524,-118.023733,2026-08-05T08:00:00Z,8/5/2026 15:00,Work is in progress.,Enhancing Reliability,18,PO,29,VILLA PARK,7/25/2026 9:00,2026-07-31T13:39:31,1:scheduled,2026-07-31T20:51:00Z
136344097,800555301,scheduled,ACTIVE,S,39,Upgrading Equipment,,LA HABRA HEIGHTS,LOS ANGELES,90631,33.9579514,-117.9614348,2026-08-07T09:00:00Z,8/7/2026 15:00,Work is in progress.,Enhancing Reliability,18,PO,48,VILLA PARK,7/28/2026 17:02,2026-07-31T13:39:31,1:scheduled,2026-07-31T20:51:00Z
136336505,800554479,scheduled,ACTIVE,S,1,Upgrading Equipment,,Unincorporated Area,LOS ANGELES,91301,34.11505,-118.8039062,2026-08-06T08:30:00Z,8/6/2026 9:30,Work is in progress.,Enhancing Reliability,18,PO,35,MOORPARK,7/27/2026 6:59,2026-07-31T13:39:31,1:scheduled,2026-07-31T20:51:00Z
136318052,800553195,scheduled,ACTIVE,S,5,Upgrading Equipment,,LA CANADA FLINTRIDGE,LOS ANGELES,91011,34.21133769,-118.2008708,2026-08-06T08:00:00Z,8/6/2026 16:00,Work is in progress.,Enhancing Reliability,18,PO,27,MESA,7/22/2026 18:04,2026-07-31T13:39:31,1:scheduled,2026-07-31T20:51:00Z
136357611,800556237,scheduled,ACTIVE,S,15,Upgrading Equipment,,LAKEWOOD,LOS ANGELES,90713,33.85731011,-118.1244317,2026-08-11T09:00:00Z,8/11/2026 15:00,Work is in progress.,Enhancing Reliability,6,PO,46,LIGHTHIPE,7/31/2026 8:59,2026-07-31T13:39:31,1:scheduled,2026-07-31T20:51:00Z
136328850,800554137,scheduled,ACTIVE,S,93,Pole Upgrade,,TORRANCE,LOS ANGELES,90505,33.8140158,-118.3731575,2026-08-04T08:00:00Z,8/4/2026 15:00,Work is in progress.,Enhancing Reliability,18,PO,44,EL NIDO,7/25/2026 10:12,2026-07-31T13:39:31,1:scheduled,2026-07-31T20:51:00Z
136354357,800555977,scheduled,ACTIVE,S,28,Transformer Upgrade,,AGOURA HILLS,LOS ANGELES,91301,34.13206743,-118.7252688,2026-08-11T10:00:00Z,8/11/2026 16:00,Work is in progress.,Enhancing Reliability,18,PO,35,MOORPARK,7/30/2026 16:02,2026-07-31T13:39:31,1:scheduled,2026-07-31T20:51:00Z
136358857,800556463,scheduled,ACTIVE,S,3,Upgrading Equipment,,SAN MARINO,LOS ANGELES,91108,34.11820712,-118.1001942,2026-08-10T08:00:00Z,8/10/2026 11:00,Work is in progress.,Enhancing Reliability,6,PO,27,MESA,7/31/2026 12:57,2026-07-31T13:39:31,1:scheduled,2026-07-31T20:51:00Z
136349614,800555694,scheduled,ACTIVE,S,3,Upgrading Equipment,,COSTA MESA,ORANGE,92626,33.67372071,-117.8776947,2026-08-09T09:00:00Z,8/9/2026 14:00,Work is in progress.,Enhancing Reliability,6,PO,33,ELLIS,7/29/2026 17:14,2026-07-31T13:39:31,1:scheduled,2026-07-31T20:51:00Z
136341334,800554965,scheduled,ACTIVE,S,21,Upgrading Equipment,,ARCADIA,LOS ANGELES,91006,34.14054518,-118.0266569,2026-08-08T00:00:00Z,8/8/2026 10:00,Work is in progress.,Enhancing Reliability,6,PO,27,MESA,7/28/2026 7:23,2026-07-31T13:39:31,1:scheduled,2026-07-31T20:51:00Z
136325558,800553950,scheduled,ACTIVE,S,24,Upgrading Equipment,,LONG BEACH,LOS ANGELES,90804,33.77679173,-118.1507197,2026-08-06T09:15:00Z,8/6/2026 14:00,Work is in progress.,Enhancing Reliability,6,PO,46,LIGHTHIPE,7/24/2026 18:00,2026-07-31T13:39:31,1:scheduled,2026-07-31T20:51:00Z
136328193,800554023,scheduled,ACTIVE,S,89,Upgrading Equipment,,AZUSA,LOS ANGELES,91702,34.23969693,-117.8388153,2026-08-03T09:00:00Z,8/3/2026 16:30,Work is in progress.,Enhancing Reliability,6,PO,,,7/25/2026 5:54,2026-07-31T13:39:31,1:scheduled,2026-07-31T20:51:00Z
136354633,800556086,scheduled,ACTIVE,S,23,Upgrading Equipment,,COMMERCE,LOS ANGELES,90040,34.00816689,-118.1610802,2026-08-11T08:00:00Z,8/11/2026 12:00,Work is in progress.,Enhancing Reliability,18,PO,32,LIGHTHIPE,7/30/2026 17:21,2026-07-31T13:39:31,1:scheduled,2026-07-31T20:51:00Z
136317781,800553072,scheduled,ACTIVE,S,1,Upgrading Equipment,,Unincorporated Area,LOS ANGELES,93536,34.77508086,-118.5705604,2026-08-03T08:00:00Z,8/3/2026 16:00,Work is in progress.,Enhancing Reliability,18,PO,36,VINCENT,7/22/2026 16:37,2026-07-31T13:39:31,1:scheduled,2026-07-31T20:51:00Z
136307441,800552422,scheduled,ACTIVE,S,1,Transformer Upgrade,,Unincorporated Area,LOS ANGELES,91302,34.093598,-118.6946087,2026-08-01T12:00:00Z,8/1/2026 16:00,Work is in progress.,Enhancing Reliability,18,PO,35,MOORPARK,7/20/2026 11:41,2026-07-31T13:39:31,1:scheduled,2026-07-31T20:51:00Z
136316883,800552956,scheduled,ACTIVE,S,4,Upgrading Equipment,,SIERRA MADRE,LOS ANGELES,91024,34.1677902,-118.0449766,2026-08-04T08:00:00Z,8/4/2026 15:00,Work is in progress.,Enhancing Reliability,6,PO,27,MESA,7/22/2026 12:43,2026-07-31T13:39:31,1:scheduled,2026-07-31T20:51:00Z
136321020,800553394,scheduled,ACTIVE,S,26,Upgrading Equipment,,PICO RIVERA,LOS ANGELES,90660,33.99379235,-118.0949804,2026-08-04T09:00:00Z,8/4/2026 13:00,Work is in progress.,Enhancing Reliability,6,PO,47,LIGHTHIPE,7/23/2026 13:58,2026-07-31T13:39:31,1:scheduled,2026-07-31T20:51:00Z
136328231,800553937,scheduled,ACTIVE,S,3,Upgrading Equipment,,DUARTE,LOS ANGELES,91010,34.13599463,-117.9635851,2026-08-06T08:00:00Z,8/6/2026 13:00,Work is in progress.,Enhancing Reliability,18,PO,27,MESA,7/25/2026 6:33,2026-07-31T13:39:31,1:scheduled,2026-07-31T20:51:00Z
136323325,800553593,scheduled,ACTIVE,S,148,Upgrading Equipment,,CALABASAS,LOS ANGELES,91302,34.14175234,-118.6197488,2026-08-04T21:00:00Z,8/5/2026 5:00,Work is in progress.,Enhancing Reliability,20,PO,35,MOORPARK,7/30/2026 14:54,2026-07-31T13:39:31,1:scheduled,2026-07-31T20:51:00Z
136354898,800556183,scheduled,ACTIVE,S,27,Pole Upgrade,,WEST HOLLYWOOD,LOS ANGELES,90069,34.08287428,-118.3752506,2026-08-10T23:00:00Z,8/11/2026 11:00,Work is in progress.,Enhancing Reliability,6,PO,42,EL NIDO,7/30/2026 18:52,2026-07-31T13:39:31,1:scheduled,2026-07-31T20:51:00Z
136338444,800554634,scheduled,ACTIVE,S,2,Upgrading Equipment,,BUENA PARK,ORANGE,90620,33.84441724,-118.0287711,2026-08-06T08:00:00Z,8/6/2026 18:30,Work is in progress.,Enhancing Reliability,6,PO,48,VILLA PARK,7/27/2026 13:18,2026-07-31T13:39:31,1:scheduled,2026-07-31T20:51:00Z
136344012,800555172,scheduled,ACTIVE,S,8,Upgrading Equipment,,LA MIRADA,LOS ANGELES,90638,33.88146135,-118.0155489,2026-08-09T21:00:00Z,8/10/2026 6:00,Work is in progress.,Enhancing Reliability,6,PO,47,LIGHTHIPE,7/28/2026 16:25,2026-07-31T13:39:31,1:scheduled,2026-07-31T20:51:00Z
136343889,800555171,scheduled,ACTIVE,S,21,Upgrading Equipment,,HAWTHORNE,LOS ANGELES,90250,33.91041534,-118.3407117,2026-08-12T11:30:00Z,8/12/2026 13:30,Work is in progress.,Enhancing Reliability,20,PO,44,EL NIDO,7/29/2026 6:53,2026-07-31T13:39:31,1:scheduled,2026-07-31T20:51:00Z
136324984,800553699,scheduled,ACTIVE,S,1,Pole Upgrade,,DOWNEY,LOS ANGELES,90241,33.9272081,-118.1119709,2026-08-05T20:00:00Z,8/6/2026 6:00,Work is in progress.,Enhancing Reliability,6,PO,47,LIGHTHIPE,7/24/2026 15:28,2026-07-31T13:39:31,1:scheduled,2026-07-31T20:51:00Z
136349795,800555705,scheduled,ACTIVE,S,35,Upgrading Equipment,,MONTEREY PARK,LOS ANGELES,91755,34.06608745,-118.1092785,2026-08-10T08:00:00Z,8/10/2026 16:00,Work is in progress.,Enhancing Reliability,18,PO,22,MESA,7/29/2026 18:31,2026-07-31T13:39:31,1:scheduled,2026-07-31T20:51:00Z
136325405,800553961,scheduled,ACTIVE,S,1,Upgrading Equipment,,Unincorporated Area,LOS ANGELES,91301,34.12037247,-118.7870711,2026-08-06T11:30:00Z,8/6/2026 12:00,Work is in progress.,Enhancing Reliability,18,PO,35,MOORPARK,7/24/2026 17:19,2026-07-31T13:39:31,1:scheduled,2026-07-31T20:51:00Z
136353941,800556043,scheduled,ACTIVE,S,7,Upgrading Equipment,,TORRANCE,LOS ANGELES,90505,33.81211285,-118.3460533,2026-08-09T20:30:00Z,8/10/2026 4:00,Work is in progress.,Enhancing Reliability,6,PO,44,EL NIDO,7/30/2026 14:24,2026-07-31T13:39:31,1:scheduled,2026-07-31T20:51:00Z
136343210,800555153,scheduled,ACTIVE,S,426,Upgrading Equipment,,LONG BEACH,LOS ANGELES,90810,33.81330115,-118.219291,2026-08-09T09:00:00Z,8/9/2026 14:00,Work is in progress.,Enhancing Reliability,6,PO,46,LIGHTHIPE,7/28/2026 14:09,2026-07-31T13:39:31,1:scheduled,2026-07-31T20:51:00Z
136339293,800554786,scheduled,ACTIVE,S,12,Transformer Upgrade,,CULVER CITY,LOS ANGELES,90232,34.00914774,-118.3913174,2026-08-07T09:30:00Z,8/7/2026 15:30,Work is in progress.,Enhancing Reliability,6,PO,42,EL NIDO,7/27/2026 16:21,2026-07-31T13:39:31,1:scheduled,2026-07-31T20:51:00Z
136325466,800553838,scheduled,ACTIVE,S,82,Pole Upgrade,,CYPRESS,ORANGE,90630,33.80789052,-118.0121504,2026-08-04T09:00:00Z,8/4/2026 17:00,Work is in progress.,Enhancing Reliability,6,PO,48,VILLA PARK,7/24/2026 17:34,2026-07-31T13:39:31,1:scheduled,2026-07-31T20:51:00Z
136317866,800553074,scheduled,ACTIVE,S,1,Pole Upgrade,,Unincorporated Area,LOS ANGELES,91384,34.42884476,-118.690609,2026-08-03T13:00:00Z,8/3/2026 14:00,Work is in progress.,Enhancing Reliability,6,PO,59,SAUGUS,7/22/2026 16:59,2026-07-31T13:39:31,1:scheduled,2026-07-31T20:51:00Z
136358561,800556374,scheduled,ACTIVE,S,80,Transformer Upgrade,,SANTA CLARITA,LOS ANGELES,91355,34.38451256,-118.5550151,2026-08-11T10:00:00Z,8/11/2026 16:00,Work is in progress.,Enhancing Reliability,6,PO,59,SAUGUS,7/31/2026 11:34,2026-07-31T13:39:31,1:scheduled,2026-07-31T20:51:00Z
136349634,800555555,scheduled,ACTIVE,S,683,Cable Upgrade,,LAGUNA WOODS,ORANGE,92653,33.6119456,-117.7497983,2026-08-10T08:00:00Z,8/10/2026 16:00,Work is in progress.,Enhancing Reliability,18,PO,43,ELLIS,7/29/2026 17:27,2026-07-31T13:39:31,1:scheduled,2026-07-31T20:51:00Z
136317805,800553149,scheduled,ACTIVE,S,58,Upgrading Equipment,,Unincorporated Area,LOS ANGELES,93543,34.57617671,-117.9534229,2026-08-03T09:00:00Z,8/3/2026 17:00,Work is in progress.,Enhancing Reliability,6,PO,36,VINCENT,7/22/2026 16:43,2026-07-31T13:39:31,1:scheduled,2026-07-31T20:51:00Z
136342059,800554995,scheduled,ACTIVE,S,40,Transformer Upgrade,,LA HABRA,ORANGE,90631,33.9116404,-117.9563619,2026-08-06T12:00:00Z,8/6/2026 15:30,Work is in progress.,Enhancing Reliability,18,PO,48,VILLA PARK,7/28/2026 10:03,2026-07-31T13:39:31,1:scheduled,2026-07-31T20:51:00Z
136310333,800552620,scheduled,ACTIVE,S,4,Pole Upgrade,,COMMERCE,LOS ANGELES,90040,34.00118304,-118.1583078,2026-08-02T09:00:00Z,8/2/2026 19:00,Work is in progress.,Enhancing Reliability,6,PO,32,LIGHTHIPE,7/21/2026 8:23,2026-07-31T13:39:31,1:scheduled,2026-07-31T20:51:00Z
136348798,800555595,scheduled,ACTIVE,S,36,Upgrading Equipment,,PALOS VERDES ESTATES,LOS ANGELES,90274,33.78383754,-118.3877913,2026-08-03T08:00:00Z,8/3/2026 12:00,Work is in progress.,Enhancing Reliability,18,PO,44,EL NIDO,7/29/2026 13:51,2026-07-31T13:39:31,1:scheduled,2026-07-31T20:51:00Z
136354498,800555979,scheduled,ACTIVE,S,49,Upgrading Equipment,,CARSON,LOS ANGELES,90746,33.86292567,-118.2730232,2026-08-10T09:00:00Z,8/10/2026 15:00,Work is in progress.,Enhancing Reliability,6,PO,32,LIGHTHIPE,7/30/2026 16:35,2026-07-31T13:39:31,1:scheduled,2026-07-31T20:51:00Z
136349334,800555649,scheduled,ACTIVE,S,50,Transformer Upgrade,,SEAL BEACH,ORANGE,90740,33.76701141,-118.0829121,2026-08-10T09:00:00Z,8/10/2026 15:00,Work is in progress.,Enhancing Reliability,6,PO,46,LIGHTHIPE,7/29/2026 16:02,2026-07-31T13:39:31,1:scheduled,2026-07-31T20:51:00Z
136344265,800555251,scheduled,ACTIVE,S,47,Upgrading Equipment,,IRWINDALE,LOS ANGELES,91702,34.12398092,-117.9328636,2026-08-05T22:00:00Z,8/6/2026 3:30,Work is in progress.,Enhancing Reliability,18,PO,27,MESA,7/28/2026 17:38,2026-07-31T13:39:31,1:scheduled,2026-07-31T20:51:00Z
136328219,800553998,scheduled,ACTIVE,S,14,Upgrading Equipment,,WESTMINSTER,ORANGE,92683,33.73995308,-118.0056592,2026-08-04T12:30:00Z,8/4/2026 15:00,Work is in progress.,Enhancing Reliability,6,PO,33,VILLA PARK,7/25/2026 6:24,2026-07-31T13:39:31,1:scheduled,2026-07-31T20:51:00Z
136323485,800553627,scheduled,ACTIVE,S,425,Upgrading Equipment,,CALABASAS,LOS ANGELES,91302,34.14579895,-118.6155726,2026-08-05T21:00:00Z,8/6/2026 5:00,Work is in progress.,Enhancing Reliability,20,PO,35,MOORPARK,7/30/2026 17:50,2026-07-31T13:39:31,1:scheduled,2026-07-31T20:51:00Z
136344209,800555175,scheduled,ACTIVE,S,422,Upgrading Equipment,,YORBA LINDA,ORANGE,92886,33.90556746,-117.8294755,2026-08-07T09:00:00Z,8/7/2026 16:00,Work is in progress.,Enhancing Reliability,6,PO,48,VILLA PARK,7/28/2026 17:14,2026-07-31T13:39:31,1:scheduled,2026-07-31T20:51:00Z
136341941,800555103,scheduled,ACTIVE,S,3,Transformer Upgrade,,CARSON,LOS ANGELES,90810,33.82517108,-118.2326424,2026-08-09T08:00:00Z,8/9/2026 15:00,Work is in progress.,Enhancing Reliability,6,PO,32,LIGHTHIPE,7/28/2026 9:35,2026-07-31T13:39:31,1:scheduled,2026-07-31T20:51:00Z
136354691,800556073,scheduled,ACTIVE,S,152,Upgrading Equipment,,DUARTE,LOS ANGELES,91010,34.14289519,-117.9419591,2026-08-11T10:00:00Z,8/11/2026 13:00,Work is in progress.,Enhancing Reliability,6,PO,27,MESA,7/30/2026 17:47,2026-07-31T13:39:31,1:scheduled,2026-07-31T20:51:00Z
136328223,800553936,scheduled,ACTIVE,S,39,Upgrading Equipment,,Unincorporated Area,LOS ANGELES,90290,34.09715496,-118.5989538,2026-08-07T08:00:00Z,8/7/2026 14:00,Work is in progress.,Enhancing Reliability,6,PO,35,MOORPARK,7/25/2026 6:25,2026-07-31T13:39:31,1:scheduled,2026-07-31T20:51:00Z
136328454,800554163,scheduled,ACTIVE,S,2,Upgrading Equipment,,SOUTH PASADENA,LOS ANGELES,91030,34.11790455,-118.1671991,2026-08-07T09:00:00Z,8/7/2026 14:00,Work is in progress.,Enhancing Reliability,6,PO,27,MESA,7/25/2026 8:08,2026-07-31T13:39:31,1:scheduled,2026-07-31T20:51:00Z
136349298,800555499,scheduled,ACTIVE,S,835,Upgrading Equipment,,WILLOWBROOK,LOS ANGELES,90061,33.91560933,-118.2670459,2026-08-07T22:00:00Z,8/8/2026 6:00,Work is in progress.,Enhancing Reliability,18,PO,32,LIGHTHIPE,7/29/2026 15:51,2026-07-31T13:39:31,1:scheduled,2026-07-31T20:51:00Z
136344151,800555159,scheduled,ACTIVE,S,7,Upgrading Equipment,,Unincorporated Area,LOS ANGELES,91384,34.44208264,-118.6083838,2026-08-07T08:00:00Z,8/7/2026 11:00,Work is in progress.,Enhancing Reliability,18,PO,59,SAUGUS,7/28/2026 17:01,2026-07-31T13:39:31,1:scheduled,2026-07-31T20:51:00Z
136325474,800553907,scheduled,ACTIVE,S,30,Transformer Upgrade,,COMMERCE,LOS ANGELES,90040,33.9774688,-118.1368662,2026-08-01T08:00:00Z,8/1/2026 15:00,Work is in progress.,Enhancing Reliability,6,PO,32,LIGHTHIPE,7/24/2026 17:36,2026-07-31T13:39:31,1:scheduled,2026-07-31T20:51:00Z
136324080,800553763,scheduled,ACTIVE,S,13,Pole Upgrade,,Unincorporated Area,LOS ANGELES,93591,34.58030193,-117.9537278,2026-08-04T08:00:00Z,8/4/2026 19:00,Work is in progress.,Enhancing Reliability,6,PO,36,VINCENT,7/24/2026 11:08,2026-07-31T13:39:31,1:scheduled,2026-07-31T20:51:00Z
136353678,800555928,scheduled,ACTIVE,S,36,Transformer Upgrade,,CALABASAS,LOS ANGELES,91302,34.13251694,-118.6615078,2026-08-11T08:00:00Z,8/11/2026 10:00,Work is in progress.,Enhancing Reliability,18,PO,35,MOORPARK,7/30/2026 13:16,2026-07-31T13:39:31,1:scheduled,2026-07-31T20:51:00Z
136322026,800553526,scheduled,ACTIVE,S,41,Pole Upgrade,,LONG BEACH,LOS ANGELES,90815,33.79713144,-118.142189,2026-08-04T22:00:00Z,8/5/2026 3:00,Work is in progress.,Enhancing Reliability,6,PO,46,LIGHTHIPE,7/23/2026 15:08,2026-07-31T13:39:31,1:scheduled,2026-07-31T20:51:00Z
136344160,800555188,scheduled,ACTIVE,S,2,Transformer Upgrade,,YORBA LINDA,ORANGE,92886,33.89010942,-117.8131706,2026-08-07T21:00:00Z,8/8/2026 1:00,Work is in progress.,Enhancing Reliability,18,PO,48,VILLA PARK,7/28/2026 17:00,2026-07-31T13:39:31,1:scheduled,2026-07-31T20:51:00Z
136317523,800553109,scheduled,ACTIVE,S,80,Transformer Upgrade,,WESTLAKE VILLAGE,LOS ANGELES,91362,34.15157305,-118.7933552,2026-08-03T08:30:00Z,8/3/2026 16:30,Work is in progress.,Enhancing Reliability,18,PO,35,MOORPARK,7/22/2026 15:26,2026-07-31T13:39:31,1:scheduled,2026-07-31T20:51:00Z
136247971,800547785,scheduled,ACTIVE,S,17,Upgrading Equipment,,ARCADIA,LOS ANGELES,91007,34.14514839,-118.0614922,2026-08-06T12:00:00Z,8/6/2026 16:00,Work is in progress.,Enhancing Reliability,20,PO,27,MESA,7/15/2026 15:12,2026-07-31T13:39:31,1:scheduled,2026-07-31T20:51:00Z
136341822,800555067,scheduled,ACTIVE,S,260,Pole Upgrade,,BUENA PARK,ORANGE,90621,33.86317337,-118.0096891,2026-08-06T09:00:00Z,8/6/2026 17:00,Work is in progress.,Enhancing Reliability,6,PO,48,VILLA PARK,7/28/2026 9:22,2026-07-31T13:39:31,1:scheduled,2026-07-31T20:51:00Z
136354676,800556072,scheduled,ACTIVE,S,17,Upgrading Equipment,,LA CANADA FLINTRIDGE,LOS ANGELES,91011,34.22627203,-118.2179548,2026-08-11T09:00:00Z,8/11/2026 16:00,Work is in progress.,Enhancing Reliability,18,PO,27,MESA,7/30/2026 17:38,2026-07-31T13:39:31,1:scheduled,2026-07-31T20:51:00Z
136328844,800554054,scheduled,ACTIVE,S,509,Upgrading Equipment,,SANTA CLARITA,LOS ANGELES,91350,34.45025851,-118.4904379,2026-08-04T10:00:00Z,8/4/2026 15:00,Work is in progress.,Enhancing Reliability,6,PO,59,SAUGUS,7/25/2026 10:06,2026-07-31T13:39:31,1:scheduled,2026-07-31T20:51:00Z
136328861,800554138,scheduled,ACTIVE,S,64,Upgrading Equipment,,COMPTON,LOS ANGELES,90222,33.91060145,-118.2371641,2026-08-10T08:00:00Z,8/10/2026 15:00,Work is in progress.,Enhancing Reliability,18,PO,32,LIGHTHIPE,7/25/2026 10:17,2026-07-31T13:39:31,1:scheduled,2026-07-31T20:51:00Z
136349357,800555625,scheduled,ACTIVE,S,1,Pole Upgrade,,Unincorporated Area,LOS ANGELES,91384,34.47373487,-118.7152507,2026-08-07T12:00:00Z,8/7/2026 15:00,Work is in progress.,Enhancing Reliability,6,PO,59,SAUGUS,7/29/2026 16:16,2026-07-31T13:39:31,1:scheduled,2026-07-31T20:51:00Z
136317001,800552957,scheduled,ACTIVE,S,34,Upgrading Equipment,,EL MONTE,LOS ANGELES,91732,34.07791073,-118.015199,2026-08-04T08:30:00Z,8/4/2026 14:30,Work is in progress.,Enhancing Reliability,6,PO,22,MESA,7/22/2026 13:17,2026-07-31T13:39:31,1:scheduled,2026-07-31T20:51:00Z
136358264,800556400,scheduled,ACTIVE,S,7,Transformer Upgrade,,SANTA CLARITA,LOS ANGELES,91355,34.41909812,-118.5453251,2026-08-11T01:00:00Z,8/11/2026 6:30,Work is in progress.,Enhancing Reliability,6,PO,59,SAUGUS,7/31/2026 10:38,2026-07-31T13:39:31,1:scheduled,2026-07-31T20:51:00Z
136354629,800555957,scheduled,ACTIVE,S,6,Upgrading Equipment,,ARCADIA,LOS ANGELES,91007,34.11156364,-118.0456802,2026-08-06T08:30:00Z,8/6/2026 15:00,Work is in progress.,Enhancing Reliability,6,PO,27,MESA,7/30/2026 17:21,2026-07-31T13:39:31,1:scheduled,2026-07-31T20:51:00Z
136354639,800556058,scheduled,ACTIVE,S,3,Pole Upgrade,,LANCASTER,LOS ANGELES,93535,34.6909357,-118.1280624,2026-08-07T08:30:00Z,8/7/2026 15:00,Work is in progress.,Enhancing Reliability,6,PO,36,VINCENT,7/30/2026 17:23,2026-07-31T13:39:31,1:scheduled,2026-07-31T20:51:00Z
136325006,800553880,scheduled,ACTIVE,S,64,Upgrading Equipment,,LONG BEACH,LOS ANGELES,90802,33.77143516,-118.1822727,2026-08-05T22:00:00Z,8/6/2026 4:00,Work is in progress.,Enhancing Reliability,18,PO,46,LIGHTHIPE,7/24/2026 15:35,2026-07-31T13:39:31,1:scheduled,2026-07-31T20:51:00Z
136358363,800556295,scheduled,ACTIVE,S,13,Pole Upgrade,,Unincorporated Area,LOS ANGELES,93543,34.54827788,-117.9171167,2026-08-10T09:00:00Z,8/10/2026 18:30,Work is in progress.,Enhancing Reliability,6,PO,36,VINCENT,7/31/2026 11:02,2026-07-31T13:39:31,1:scheduled,2026-07-31T20:51:00Z
136321088,800553546,scheduled,ACTIVE,S,37,Upgrading Equipment,,NEWPORT BEACH,ORANGE,92660,33.62521741,-117.9024109,2026-08-03T09:00:00Z,8/3/2026 13:00,Work is in progress.,Enhancing Reliability,6,PO,33,ELLIS,7/23/2026 14:39,2026-07-31T13:39:31,1:scheduled,2026-07-31T20:51:00Z
136355024,800555918,scheduled,ACTIVE,S,13,Upgrading Equipment,,EAST LOS ANGELES,LOS ANGELES,90022,34.02010183,-118.1529305,2026-08-07T20:00:00Z,8/8/2026 8:00,Work is in progress.,Enhancing Reliability,18,PO,22,MESA,7/30/2026 19:34,2026-07-31T13:39:31,1:scheduled,2026-07-31T20:51:00Z
136317077,800553104,scheduled,ACTIVE,S,18,Pole Upgrade,,COMPTON,LOS ANGELES,90220,33.89743042,-118.2481732,2026-08-03T09:00:00Z,8/3/2026 19:00,Work is in progress.,Enhancing Reliability,6,PO,32,LIGHTHIPE,7/22/2026 13:33,2026-07-31T13:39:31,1:scheduled,2026-07-31T20:51:00Z
136339270,800554881,scheduled,ACTIVE,S,6,Pole Upgrade,,LENNOX,LOS ANGELES,90304,33.94307136,-118.369701,2026-08-04T20:30:00Z,8/5/2026 4:30,Work is in progress.,Enhancing Reliability,6,PO,44,EL NIDO,7/27/2026 16:15,2026-07-31T13:39:31,1:scheduled,2026-07-31T20:51:00Z
136328910,800554153,scheduled,ACTIVE,S,26,Upgrading Equipment,,INGLEWOOD,LOS ANGELES,90303,33.93183549,-118.3256027,2026-08-07T21:00:00Z,8/8/2026 5:00,Work is in progress.,Enhancing Reliability,6,PO,44,EL NIDO,7/25/2026 10:30,2026-07-31T13:39:31,1:scheduled,2026-07-31T20:51:00Z
136325450,800553945,scheduled,ACTIVE,S,255,Pole Upgrade,,SANTA ANA,ORANGE,92703,33.73575468,-117.8885351,2026-08-04T08:00:00Z,8/4/2026 16:00,Work is in progress.,Enhancing Reliability,18,PO,29,ELLIS,7/24/2026 17:30,2026-07-31T13:39:31,1:scheduled,2026-07-31T20:51:00Z
136320896,800553505,scheduled,ACTIVE,S,0,Upgrading Equipment,,WESTMINSTER,ORANGE,92683,33.74944862,-117.9998345,2026-08-02T09:00:00Z,8/2/2026 14:00,Work is in progress.,Enhancing Reliability,6,PO,33,VILLA PARK,7/23/2026 13:07,2026-07-31T13:39:31,1:scheduled,2026-07-31T20:51:00Z
136324967,800553842,scheduled,ACTIVE,S,2,Upgrading Equipment,,DOWNEY,LOS ANGELES,90241,33.927631,-118.1138962,2026-08-05T20:00:00Z,8/6/2026 6:00,Work is in progress.,Enhancing Reliability,6,PO,47,LIGHTHIPE,7/24/2026 15:23,2026-07-31T13:39:31,1:scheduled,2026-07-31T20:51:00Z
136348222,800555565,scheduled,ACTIVE,S,5,Transformer Upgrade,,ROLLING HILLS ESTATES,LOS ANGELES,90274,33.78781291,-118.3625644,2026-08-11T09:30:00Z,8/11/2026 15:00,Work is in progress.,Enhancing Reliability,6,PO,44,EL NIDO,7/29/2026 13:02,2026-07-31T13:39:31,1:scheduled,2026-07-31T20:51:00Z
136323418,800553741,scheduled,ACTIVE,S,137,Cable Upgrade,,LANCASTER,LOS ANGELES,93536,34.70182938,-118.2868932,2026-08-03T09:00:00Z,8/3/2026 16:00,Work is in progress.,Enhancing Reliability,6,PO,36,VINCENT,7/24/2026 8:37,2026-07-31T13:39:31,1:scheduled,2026-07-31T20:51:00Z
136323256,800553724,scheduled,ACTIVE,S,2,Upgrading Equipment,,GARDEN GROVE,ORANGE,92841,33.78998494,-118.0036221,2026-08-03T21:00:00Z,8/4/2026 2:00,Work is in progress.,Enhancing Reliability,18,PO,29,VILLA PARK,7/24/2026 8:01,2026-07-31T13:39:31,1:scheduled,2026-07-31T20:51:00Z
136299764,800551857,scheduled,ACTIVE,S,140,Transformer Upgrade,,SANTA ANA,ORANGE,92707,33.70141982,-117.8695297,2026-07-31T15:00:00Z,7/31/2026 19:00,Work is in progress.,Enhancing Reliability,18,PO,29,ELLIS,7/18/2026 9:16,2026-07-31T13:39:31,1:scheduled,2026-07-31T20:51:00Z
136328243,800554010,scheduled,ACTIVE,S,1,Upgrading Equipment,,ALTADENA,LOS ANGELES,91001,34.19110266,-118.1232433,2026-08-06T09:00:00Z,8/6/2026 14:00,Work is in progress.,Enhancing Reliability,6,PO,27,MESA,7/25/2026 6:45,2026-07-31T13:39:31,1:scheduled,2026-07-31T20:51:00Z
136328278,800554104,scheduled,ACTIVE,S,14,Upgrading Equipment,,FOUNTAIN VALLEY,ORANGE,92708,33.72696063,-117.9329349,2026-08-05T12:30:00Z,8/5/2026 15:00,Work is in progress.,Enhancing Reliability,6,PO,33,ELLIS,7/25/2026 7:15,2026-07-31T13:39:31,1:scheduled,2026-07-31T20:51:00Z
136317915,800553129,scheduled,ACTIVE,S,3,Pole Upgrade,,Unincorporated Area,LOS ANGELES,93536,34.77453755,-118.5693218,2026-08-04T08:00:00Z,8/4/2026 16:00,Work is in progress.,Enhancing Reliability,18,PO,36,VINCENT,7/22/2026 17:10,2026-07-31T13:39:31,1:scheduled,2026-07-31T20:51:00Z
136358632,800556350,scheduled,ACTIVE,S,2,Upgrading Equipment,,RANCHO PALOS VERDES,LOS ANGELES,90275,33.73848183,-118.322536,2026-08-10T09:00:00Z,8/10/2026 10:30,Work is in progress.,Enhancing Reliability,18,PO,44,EL NIDO,7/31/2026 11:57,2026-07-31T13:39:31,1:scheduled,2026-07-31T20:51:00Z
136344047,800555158,scheduled,ACTIVE,S,2,Upgrading Equipment,,Unincorporated Area,LOS ANGELES,91390,34.4902163,-118.4600319,2026-08-06T09:00:00Z,8/6/2026 15:00,Work is in progress.,Enhancing Reliability,6,PO,59,SAUGUS,7/28/2026 16:38,2026-07-31T13:39:31,1:scheduled,2026-07-31T20:51:00Z
136354161,800556017,scheduled,ACTIVE,S,59,Upgrading Equipment,,INGLEWOOD,LOS ANGELES,90301,33.95679505,-118.3536081,2026-08-10T09:30:00Z,8/10/2026 16:30,Work is in progress.,Enhancing Reliability,6,PO,44,EL NIDO,7/30/2026 15:27,2026-07-31T13:39:31,1:scheduled,2026-07-31T20:51:00Z
136328766,800554150,scheduled,ACTIVE,S,76,Upgrading Equipment,,TORRANCE,LOS ANGELES,90503,33.84428369,-118.3573941,2026-08-03T09:30:00Z,8/3/2026 17:00,Work is in progress.,Enhancing Reliability,6,PO,44,EL NIDO,7/25/2026 9:52,2026-07-31T13:39:31,1:scheduled,2026-07-31T20:51:00Z
136358641,800556317,scheduled,ACTIVE,S,44,Pole Upgrade,,SANTA CLARITA,LOS ANGELES,91355,34.40751641,-118.5666222,2026-08-12T09:00:00Z,8/12/2026 13:00,Work is in progress.,Enhancing Reliability,6,PO,59,SAUGUS,7/31/2026 11:52,2026-07-31T13:39:31,1:scheduled,2026-07-31T20:51:00Z
136325431,800553868,scheduled,ACTIVE,S,2,Upgrading Equipment,,Unincorporated Area,LOS ANGELES,91301,34.1133076,-118.7760379,2026-08-06T13:30:00Z,8/6/2026 14:00,Work is in progress.,Enhancing Reliability,18,PO,35,MOORPARK,7/24/2026 17:24,2026-07-31T13:39:31,1:scheduled,2026-07-31T20:51:00Z
136317994,800553194,scheduled,ACTIVE,S,16,Upgrading Equipment,,LAKEWOOD,LOS ANGELES,90712,33.84137867,-118.1525395,2026-08-01T09:00:00Z,8/1/2026 15:00,Work is in progress.,Enhancing Reliability,6,PO,46,LIGHTHIPE,7/22/2026 17:33,2026-07-31T13:39:31,1:scheduled,2026-07-31T20:51:00Z
136343941,800555229,scheduled,ACTIVE,S,18,Upgrading Equipment,,FOUNTAIN VALLEY,ORANGE,92708,33.71635934,-117.970908,2026-08-07T01:00:00Z,8/7/2026 6:30,Work is in progress.,Enhancing Reliability,6,PO,33,ELLIS,7/28/2026 16:10,2026-07-31T13:39:31,1:scheduled,2026-07-31T20:51:00Z
136300596,800551967,scheduled,ACTIVE,S,154,Upgrading Equipment,,HUNTINGTON BEACH,ORANGE,92646,33.66020884,-117.9838715,2026-08-03T09:00:00Z,8/3/2026 15:00,Work is in progress.,Enhancing Reliability,6,PO,33,ELLIS,7/18/2026 12:22,2026-07-31T13:39:31,1:scheduled,2026-07-31T20:51:00Z
136343943,800555157,scheduled,ACTIVE,S,182,Upgrading Equipment,,PALMDALE,LOS ANGELES,93552,34.57080327,-118.0413464,2026-08-06T09:00:00Z,8/6/2026 15:00,Work is in progress.,Enhancing Reliability,6,PO,36,VINCENT,7/28/2026 16:14,2026-07-31T13:39:31,1:scheduled,2026-07-31T20:51:00Z
136328245,800553938,scheduled,ACTIVE,S,9,Pole Upgrade,,CHARTER OAK,LOS ANGELES,91724,34.09840679,-117.855199,2026-08-04T09:00:00Z,8/4/2026 19:00,Work is in progress.,Enhancing Reliability,6,PO,26,MIRA LOMA,7/25/2026 6:42,2026-07-31T13:39:31,1:scheduled,2026-07-31T20:51:00Z
136337279,800554700,scheduled,ACTIVE,S,7,Upgrading Equipment,,SOUTH EL MONTE,LOS ANGELES,91733,34.05234074,-118.048394,2026-08-05T11:00:00Z,8/5/2026 13:30,Work is in progress.,Enhancing Reliability,6,PO,22,MESA,7/27/2026 9:36,2026-07-31T13:39:31,1:scheduled,2026-07-31T20:51:00Z
136308316,800552373,scheduled,ACTIVE,S,4,Upgrading Equipment,,DOWNEY,LOS ANGELES,90242,33.92311731,-118.151489,2026-07-31T21:00:00Z,8/1/2026 4:00,Work is in progress.,Enhancing Reliability,6,PO,47,LIGHTHIPE,7/20/2026 14:44,2026-07-31T13:39:31,1:scheduled,2026-07-31T20:51:00Z
136325389,800553885,scheduled,ACTIVE,S,15,Upgrading Equipment,,PALOS VERDES ESTATES,LOS ANGELES,90274,33.79735017,-118.3647295,2026-08-03T08:00:00Z,8/3/2026 10:00,Work is in progress.,Enhancing Reliability,18,PO,44,EL NIDO,7/24/2026 17:13,2026-07-31T13:39:31,1:scheduled,2026-07-31T20:51:00Z
136328261,800553939,scheduled,ACTIVE,S,1,Upgrading Equipment,,CALABASAS,LOS ANGELES,91302,34.14237772,-118.7004175,2026-08-07T08:00:00Z,8/7/2026 14:00,Work is in progress.,Enhancing Reliability,6,PO,35,MOORPARK,7/25/2026 6:54,2026-07-31T13:39:31,1:scheduled,2026-07-31T20:51:00Z
136312051,800552710,scheduled,ACTIVE,S,35,Upgrading Equipment,,ALHAMBRA,LOS ANGELES,91801,34.0859853,-118.1240284,2026-08-02T09:00:00Z,8/2/2026 16:00,Work is in progress.,Enhancing Reliability,6,PO,22,MESA,7/21/2026 15:02,2026-07-31T13:39:31,1:scheduled,2026-07-31T20:51:00Z
136328862,800554204,scheduled,ACTIVE,S,16,Pole Upgrade,,SANTA MONICA,LOS ANGELES,90405,34.00777169,-118.4730362,2026-08-06T08:30:00Z,8/6/2026 17:30,Work is in progress.,Enhancing Reliability,6,PO,42,EL NIDO,7/25/2026 10:15,2026-07-31T13:39:31,1:scheduled,2026-07-31T20:51:00Z
136325479,800553946,scheduled,ACTIVE,S,21,Upgrading Equipment,,SANTA ANA,ORANGE,92704,33.71986342,-117.9063215,2026-08-04T09:00:00Z,8/4/2026 16:00,Work is in progress.,Enhancing Reliability,6,PO,29,ELLIS,7/24/2026 17:37,2026-07-31T13:39:31,1:scheduled,2026-07-31T20:51:00Z
136324788,800553827,scheduled,ACTIVE,S,116,Pole Upgrade,,ROWLAND HEIGHTS,LOS ANGELES,91748,33.98968711,-117.8995236,2026-08-03T08:00:00Z,8/3/2026 16:00,Work is in progress.,Enhancing Reliability,18,PO,26,MIRA LOMA,7/24/2026 14:24,2026-07-31T13:39:31,1:scheduled,2026-07-31T20:51:00Z
136354538,800556141,scheduled,ACTIVE,S,33,Upgrading Equipment,,COMPTON,LOS ANGELES,90221,33.90147585,-118.2063701,2026-08-11T08:00:00Z,8/11/2026 12:00,Work is in progress.,Enhancing Reliability,18,PO,32,LIGHTHIPE,7/30/2026 16:44,2026-07-31T13:39:31,1:scheduled,2026-07-31T20:51:00Z
136328682,800554187,scheduled,ACTIVE,S,1,Transformer Upgrade,,IRVINE,ORANGE,92618,33.66578857,-117.7876401,2026-08-05T13:00:00Z,8/5/2026 15:30,Work is in progress.,Enhancing Reliability,18,PO,43,ELLIS,7/25/2026 9:16,2026-07-31T13:39:31,1:scheduled,2026-07-31T20:51:00Z
136347682,800555418,scheduled,ACTIVE,S,101,Upgrading Equipment,,TEMPLE CITY,LOS ANGELES,91780,34.11095399,-118.0730495,2026-08-10T09:00:00Z,8/10/2026 16:30,Work is in progress.,Enhancing Reliability,18,PO,27,MESA,7/29/2026 10:36,2026-07-31T13:39:31,1:scheduled,2026-07-31T20:51:00Z
136342912,800555150,scheduled,ACTIVE,S,6,Upgrading Equipment,,MONROVIA,LOS ANGELES,91016,34.15484402,-118.007105,2026-08-04T09:30:00Z,8/4/2026 14:00,Work is in progress.,Enhancing Reliability,6,PO,27,MESA,7/28/2026 12:51,2026-07-31T13:39:31,1:scheduled,2026-07-31T20:51:00Z
136358322,800556386,scheduled,ACTIVE,S,4,Pole Upgrade,,SANTA CLARITA,LOS ANGELES,91321,34.37948795,-118.4964697,2026-08-11T08:30:00Z,8/11/2026 15:30,Work is in progress.,Enhancing Reliability,6,PO,59,SAUGUS,7/31/2026 10:51,2026-07-31T13:39:31,1:scheduled,2026-07-31T20:51:00Z
136354806,800556181,scheduled,ACTIVE,S,1,Upgrading Equipment,,HAWTHORNE,LOS ANGELES,90250,33.92289562,-118.3336244,2026-08-10T09:00:00Z,8/10/2026 16:00,Work is in progress.,Enhancing Reliability,6,PO,44,EL NIDO,7/30/2026 18:12,2026-07-31T13:39:31,1:scheduled,2026-07-31T20:51:00Z
136352687,800555776,scheduled,ACTIVE,S,1,Upgrading Equipment,,SANTA FE SPRINGS,LOS ANGELES,90670,33.94656785,-118.0669886,2026-08-11T04:00:00Z,8/11/2026 6:00,Work is in progress.,Enhancing Reliability,6,PO,47,LIGHTHIPE,7/30/2026 9:13,2026-07-31T13:39:31,1:scheduled,2026-07-31T20:51:00Z
136347742,800555452,scheduled,ACTIVE,S,19,Upgrading Equipment,,ROSEMEAD,LOS ANGELES,91770,34.05797209,-118.1046686,2026-08-11T08:30:00Z,8/11/2026 13:30,Work is in progress.,Enhancing Reliability,6,PO,22,MESA,7/29/2026 10:44,2026-07-31T13:39:32,1:scheduled,2026-07-31T20:51:00Z
136328262,800554029,scheduled,ACTIVE,S,7,Upgrading Equipment,,NEWPORT BEACH,ORANGE,92660,33.62437551,-117.8657592,2026-08-05T12:30:00Z,8/5/2026 15:30,Work is in progress.,Enhancing Reliability,6,PO,33,ELLIS,7/25/2026 7:02,2026-07-31T13:39:32,1:scheduled,2026-07-31T20:51:00Z
136336991,800554516,scheduled,ACTIVE,S,2,Upgrading Equipment,,BELLFLOWER,LOS ANGELES,90706,33.87428414,-118.1272763,2026-08-04T09:00:00Z,8/4/2026 15:15,Work is in progress.,Enhancing Reliability,6,PO,32,LIGHTHIPE,7/27/2026 8:40,2026-07-31T13:39:32,1:scheduled,2026-07-31T20:51:00Z
136339156,800554639,scheduled,ACTIVE,S,19,Upgrading Equipment,,Unincorporated Area,LOS ANGELES,90290,34.07462526,-118.6279987,2026-08-07T08:00:00Z,8/7/2026 16:00,Work is in progress.,Enhancing Reliability,18,PO,35,MOORPARK,7/27/2026 15:45,2026-07-31T13:39:32,1:scheduled,2026-07-31T20:51:00Z
136339144,800554657,scheduled,ACTIVE,S,3,Upgrading Equipment,,Unincorporated Area,LOS ANGELES,90290,34.07623226,-118.6178571,2026-08-07T08:00:00Z,8/7/2026 16:00,Work is in progress.,Enhancing Reliability,18,PO,35,MOORPARK,7/27/2026 15:41,2026-07-31T13:39:32,1:scheduled,2026-07-31T20:51:00Z
136325566,800553911,scheduled,ACTIVE,S,30,Upgrading Equipment,,MONTEBELLO,LOS ANGELES,90640,34.0261416,-118.1383909,2026-08-06T07:00:00Z,8/6/2026 17:00,Work is in progress.,Enhancing Reliability,14,PO,22,MESA,7/25/2026 4:56,2026-07-31T13:39:32,1:scheduled,2026-07-31T20:51:00Z
136354665,800555914,scheduled,ACTIVE,S,70,Upgrading Equipment,,ALHAMBRA,LOS ANGELES,91801,34.10390601,-118.130235,2026-08-11T08:00:00Z,8/11/2026 16:00,Work is in progress.,Enhancing Reliability,18,PO,22,MESA,7/30/2026 17:35,2026-07-31T13:39:32,1:scheduled,2026-07-31T20:51:00Z
136328253,800554012,scheduled,ACTIVE,S,19,Upgrading Equipment,,MAYFLOWER VILLAGE,LOS ANGELES,91006,34.11052557,-118.0130018,2026-08-06T13:00:00Z,8/6/2026 16:00,Work is in progress.,Enhancing Reliability,18,PO,27,MESA,7/25/2026 6:53,2026-07-31T13:39:32,1:scheduled,2026-07-31T20:51:00Z
136354345,800556065,scheduled,ACTIVE,S,41,Pole Upgrade,,LA PUENTE,LOS ANGELES,91744,34.02547885,-117.945087,2026-08-10T08:00:00Z,8/10/2026 16:00,Work is in progress.,Enhancing Reliability,18,PO,26,MIRA LOMA,7/30/2026 15:59,2026-07-31T13:39:32,1:scheduled,2026-07-31T20:51:00Z
136354660,800556143,scheduled,ACTIVE,S,30,Transformer Upgrade,,SAN DIMAS,LOS ANGELES,91773,34.12196472,-117.8082564,2026-08-10T09:00:00Z,8/10/2026 15:00,Work is in progress.,Enhancing Reliability,6,PO,26,MIRA LOMA,7/30/2026 17:30,2026-07-31T13:39:32,1:scheduled,2026-07-31T20:51:00Z
136328225,800554063,scheduled,ACTIVE,S,23,Transformer Upgrade,,PLACENTIA,ORANGE,92870,33.86854751,-117.8314997,2026-08-05T08:00:00Z,8/5/2026 11:00,Work is in progress.,Enhancing Reliability,18,PO,48,VILLA PARK,7/25/2026 6:38,2026-07-31T13:39:32,1:scheduled,2026-07-31T20:51:00Z
136299776,800551892,scheduled,ACTIVE,S,2,Upgrading Equipment,,IRVINE,ORANGE,92614,33.69546017,-117.8617122,2026-08-01T08:00:00Z,8/1/2026 15:00,Work is in progress.,Enhancing Reliability,6,PO,43,ELLIS,7/18/2026 9:19,2026-07-31T13:39:32,1:scheduled,2026-07-31T20:51:00Z
136323196,800553592,scheduled,ACTIVE,S,5,Upgrading Equipment,,ORANGE,ORANGE,92868,33.7853559,-117.8894843,2026-08-03T19:30:00Z,8/3/2026 22:30,Work is in progress.,Enhancing Reliability,6,PO,29,VILLA PARK,7/24/2026 7:23,2026-07-31T13:39:32,1:scheduled,2026-07-31T20:51:00Z
136278650,800550286,scheduled,ACTIVE,S,2,Upgrading Equipment,,ARCADIA,LOS ANGELES,91006,34.10301641,-118.0087889,2026-08-07T08:00:00Z,8/7/2026 12:00,Work is in progress.,Enhancing Reliability,6,PO,27,MESA,7/14/2026 10:58,2026-07-31T13:39:32,1:scheduled,2026-07-31T20:51:00Z
136354171,800555995,scheduled,ACTIVE,S,15,Pole Upgrade,,INDUSTRY,LOS ANGELES,91748,33.99301544,-117.9041804,2026-08-05T04:30:00Z,8/5/2026 15:00,Work is in progress.,Enhancing Reliability,18,PO,26,MIRA LOMA,7/30/2026 15:17,2026-07-31T13:39:32,1:scheduled,2026-07-31T20:51:00Z
136310580,800552606,scheduled,ACTIVE,S,8,Upgrading Equipment,,MONTEREY PARK,LOS ANGELES,91755,34.03943959,-118.105901,2026-08-01T08:00:00Z,8/1/2026 14:00,Work is in progress.,Enhancing Reliability,18,PO,22,MESA,7/21/2026 9:03,2026-07-31T13:39:32,1:scheduled,2026-07-31T20:51:00Z
136338073,800554652,scheduled,ACTIVE,S,16,Upgrading Equipment,,INGLEWOOD,LOS ANGELES,90305,33.95859389,-118.3227475,2026-08-07T10:00:00Z,8/7/2026 16:30,Work is in progress.,Enhancing Reliability,6,PO,44,EL NIDO,7/27/2026 12:01,2026-07-31T13:39:32,1:scheduled,2026-07-31T20:51:00Z
136328348,800554106,scheduled,ACTIVE,S,39,Pole Upgrade,,Unincorporated Area,LOS ANGELES,93543,34.57443132,-117.9646733,2026-08-05T10:00:00Z,8/5/2026 19:00,Work is in progress.,Enhancing Reliability,6,PO,36,VINCENT,7/25/2026 7:28,2026-07-31T13:39:32,1:scheduled,2026-07-31T20:51:00Z
136344234,800555190,scheduled,ACTIVE,S,26,Transformer Upgrade,,HUNTINGTON BEACH,ORANGE,92649,33.7125713,-118.0448671,2026-08-07T09:00:00Z,8/7/2026 13:00,Work is in progress.,Enhancing Reliability,6,PO,33,VILLA PARK,7/28/2026 17:21,2026-07-31T13:39:32,1:scheduled,2026-07-31T20:51:00Z
136328271,800554120,scheduled,ACTIVE,S,32,Pole Upgrade,,LA PUENTE,LOS ANGELES,91744,34.03539412,-117.9421693,2026-08-04T09:15:00Z,8/4/2026 15:00,Work is in progress.,Enhancing Reliability,6,PO,26,MIRA LOMA,7/25/2026 7:02,2026-07-31T13:39:32,1:scheduled,2026-07-31T20:51:00Z
136314379,800552697,scheduled,ACTIVE,S,272,Upgrading Equipment,,MONTEREY PARK,LOS ANGELES,91755,34.04821613,-118.1253894,2026-08-03T10:00:00Z,8/3/2026 15:00,Work is in progress.,Enhancing Reliability,6,PO,22,MESA,7/22/2026 7:09,2026-07-31T13:39:32,1:scheduled,2026-07-31T20:51:00Z
136337117,800554556,scheduled,ACTIVE,S,36,Pole Upgrade,,HAWTHORNE,LOS ANGELES,90250,33.90814325,-118.3515623,2026-08-03T08:00:00Z,8/3/2026 11:00,Work is in progress.,Enhancing Reliability,18,PO,44,EL NIDO,7/27/2026 9:10,2026-07-31T13:39:32,1:scheduled,2026-07-31T20:51:00Z
136353384,800555945,scheduled,ACTIVE,S,1,Upgrading Equipment,,FULLERTON,ORANGE,92833,33.88810721,-117.9425669,2026-08-10T09:00:00Z,8/10/2026 16:00,Work is in progress.,Enhancing Reliability,6,PO,48,VILLA PARK,7/30/2026 12:00,2026-07-31T13:39:32,1:scheduled,2026-07-31T20:51:00Z
136328462,800554108,scheduled,ACTIVE,S,15,Upgrading Equipment,,PICO RIVERA,LOS ANGELES,90660,33.99375799,-118.0932249,2026-08-07T09:00:00Z,8/7/2026 13:00,Work is in progress.,Enhancing Reliability,6,PO,47,LIGHTHIPE,7/25/2026 8:12,2026-07-31T13:39:32,1:scheduled,2026-07-31T20:51:00Z
136312665,800552686,scheduled,ACTIVE,S,104,Cable Upgrade,,BUENA PARK,ORANGE,90620,33.83989924,-117.9952055,2026-07-31T23:00:00Z,8/1/2026 6:30,Work is in progress.,Enhancing Reliability,18,PO,48,VILLA PARK,7/21/2026 18:22,2026-07-31T13:39:32,1:scheduled,2026-07-31T20:51:00Z
136341407,800554967,scheduled,ACTIVE,S,15,Upgrading Equipment,,MONTEREY PARK,LOS ANGELES,91755,34.0453556,-118.1025147,2026-08-10T08:30:00Z,8/10/2026 14:00,Work is in progress.,Enhancing Reliability,6,PO,22,MESA,7/28/2026 7:59,2026-07-31T13:39:32,1:scheduled,2026-07-31T20:51:00Z
136296252,800551558,scheduled,ACTIVE,S,26,Upgrading Equipment,,MONTEREY PARK,LOS ANGELES,91755,34.06450715,-118.1119444,2026-08-04T09:00:00Z,8/4/2026 18:30,Work is in progress.,Enhancing Reliability,14,PO,22,MESA,7/29/2026 14:19,2026-07-31T13:39:32,1:scheduled,2026-07-31T20:51:00Z
136328212,800554009,scheduled,ACTIVE,S,11,Upgrading Equipment,,NEWPORT BEACH,ORANGE,92625,33.60526308,-117.8704354,2026-08-04T12:30:00Z,8/4/2026 15:30,Work is in progress.,Enhancing Reliability,6,PO,33,ELLIS,7/25/2026 6:14,2026-07-31T13:39:32,1:scheduled,2026-07-31T20:51:00Z
136353881,800555934,scheduled,ACTIVE,S,81,Upgrading Equipment,,SANTA MONICA,LOS ANGELES,90404,34.01328832,-118.4832824,2026-08-09T09:00:00Z,8/9/2026 17:00,Work is in progress.,Enhancing Reliability,6,PO,42,EL NIDO,7/30/2026 14:11,2026-07-31T13:39:32,1:scheduled,2026-07-31T20:51:00Z
136314447,800552898,scheduled,ACTIVE,S,16,Upgrading Equipment,,MONTEREY PARK,LOS ANGELES,91755,34.06187842,-118.1213904,2026-08-04T00:00:00Z,8/4/2026 8:00,Work is in progress.,Enhancing Reliability,6,PO,22,MESA,7/25/2026 7:28,2026-07-31T13:39:32,1:scheduled,2026-07-31T20:51:00Z
136328222,800553979,scheduled,ACTIVE,S,8,Upgrading Equipment,,LA CANADA FLINTRIDGE,LOS ANGELES,91011,34.20430114,-118.1817758,2026-08-06T08:00:00Z,8/6/2026 16:00,Work is in progress.,Enhancing Reliability,18,PO,27,MESA,7/25/2026 6:26,2026-07-31T13:39:32,1:scheduled,2026-07-31T20:51:00Z
136325548,800553949,scheduled,ACTIVE,S,3,Transformer Upgrade,,CUDAHY,LOS ANGELES,90201,33.96578144,-118.1923681,2026-08-06T09:00:00Z,8/6/2026 18:00,Work is in progress.,Enhancing Reliability,6,PO,32,LIGHTHIPE,7/24/2026 17:57,2026-07-31T13:39:32,1:scheduled,2026-07-31T20:51:00Z
136348882,800555645,scheduled,ACTIVE,S,43,Upgrading Equipment,,RANCHO PALOS VERDES,LOS ANGELES,90275,33.78290036,-118.386786,2026-08-03T08:00:00Z,8/3/2026 12:00,Work is in progress.,Enhancing Reliability,18,PO,44,EL NIDO,7/29/2026 14:04,2026-07-31T13:39:32,1:scheduled,2026-07-31T20:51:00Z
136344144,800555212,scheduled,ACTIVE,S,57,Upgrading Equipment,,SANTA ANA,ORANGE,92706,33.77602339,-117.8722866,2026-08-07T21:00:00Z,8/8/2026 1:00,Work is in progress.,Enhancing Reliability,18,PO,29,VILLA PARK,7/28/2026 16:57,2026-07-31T13:39:32,1:scheduled,2026-07-31T20:51:00Z
136349469,800555690,scheduled,ACTIVE,S,73,Upgrading Equipment,,IRVINE,ORANGE,92602,33.72158327,-117.7908643,2026-08-08T08:00:00Z,8/8/2026 15:00,Work is in progress.,Enhancing Reliability,6,PO,43,ELLIS,7/29/2026 16:50,2026-07-31T13:39:32,1:scheduled,2026-07-31T20:51:00Z
136328489,800554128,scheduled,ACTIVE,S,1,Upgrading Equipment,,LANCASTER,LOS ANGELES,93535,34.6702734,-118.0625641,2026-08-05T12:00:00Z,8/5/2026 18:30,Work is in progress.,Enhancing Reliability,6,PO,36,VINCENT,7/25/2026 8:20,2026-07-31T13:39:32,1:scheduled,2026-07-31T20:51:00Z
136343858,800555225,scheduled,ACTIVE,S,122,Upgrading Equipment,,VIEW PARK-WINDSOR HILLS,LOS ANGELES,90043,33.98985103,-118.3553094,2026-08-12T08:00:00Z,8/12/2026 10:30,Work is in progress.,Enhancing Reliability,20,PO,44,EL NIDO,7/29/2026 6:50,2026-07-31T13:39:32,1:scheduled,2026-07-31T20:51:00Z
136300609,800551954,scheduled,ACTIVE,S,53,Upgrading Equipment,,GARDEN GROVE,ORANGE,92845,33.77716562,-118.0391821,2026-08-03T08:00:00Z,8/3/2026 15:00,Work is in progress.,Enhancing Reliability,18,PO,29,VILLA PARK,7/18/2026 12:28,2026-07-31T13:39:32,1:scheduled,2026-07-31T20:51:00Z
136328752,800554202,scheduled,ACTIVE,S,2,Upgrading Equipment,,Unincorporated Area,LOS ANGELES,91302,34.14156762,-118.7041182,2026-08-05T22:00:00Z,8/6/2026 5:00,Work is in progress.,Enhancing Reliability,6,PO,35,MOORPARK,7/25/2026 9:35,2026-07-31T13:39:32,1:scheduled,2026-07-31T20:51:00Z
136352829,800555816,scheduled,ACTIVE,S,1,Upgrading Equipment,,NEWPORT BEACH,ORANGE,92660,33.64245359,-117.8671646,2026-08-10T09:00:00Z,8/10/2026 11:00,Work is in progress.,Enhancing Reliability,6,PO,33,ELLIS,7/30/2026 9:43,2026-07-31T13:39:32,1:scheduled,2026-07-31T20:51:00Z
136202942,800544860,scheduled,ACTIVE,S,1,Transformer Upgrade,,GARDENA,LOS ANGELES,90249,33.89112479,-118.3157992,2026-08-03T08:00:00Z,8/3/2026 12:00,Work is in progress.,Enhancing Reliability,20,PO,44,EL NIDO,7/10/2026 7:29,2026-07-31T13:39:32,1:scheduled,2026-07-31T20:51:00Z
136310937,800552497,scheduled,ACTIVE,S,2,Upgrading Equipment,,Unincorporated Area,LOS ANGELES,91384,34.45036276,-118.5993263,2026-08-05T05:00:00Z,10/2/2026 16:00,Work is in progress.,Enhancing Reliability,14,PO,59,SAUGUS,7/22/2026 6:49,2026-07-31T13:39:32,1:scheduled,2026-07-31T20:51:00Z
136352296,800555828,scheduled,ACTIVE,S,130,Upgrading Equipment,,SANTA CLARITA,LOS ANGELES,91355,34.4042273,-118.5579251,2026-08-10T09:00:00Z,8/10/2026 15:00,Work is in progress.,Enhancing Reliability,6,PO,59,SAUGUS,7/30/2026 7:50,2026-07-31T13:39:32,1:scheduled,2026-07-31T20:51:00Z
136341205,800554947,scheduled,ACTIVE,S,14,Transformer Upgrade,,ROWLAND HEIGHTS,LOS ANGELES,91748,33.99542001,-117.8828353,2026-08-09T01:00:00Z,8/9/2026 7:00,Work is in progress.,Enhancing Reliability,6,PO,26,MIRA LOMA,7/28/2026 5:54,2026-07-31T13:39:32,1:scheduled,2026-07-31T20:51:00Z
136352242,800555734,scheduled,ACTIVE,S,3,Upgrading Equipment,,ARCADIA,LOS ANGELES,91006,34.14282886,-118.0295332,2026-08-11T08:00:00Z,8/11/2026 15:00,Work is in progress.,Enhancing Reliability,18,PO,27,MESA,7/30/2026 7:25,2026-07-31T13:39:32,1:scheduled,2026-07-31T20:51:00Z
136314405,800552913,scheduled,ACTIVE,S,19,Upgrading Equipment,,MONROVIA,LOS ANGELES,91016,34.15166131,-118.0102787,2026-08-03T22:00:00Z,8/4/2026 6:30,Work is in progress.,Enhancing Reliability,18,PO,27,MESA,7/22/2026 7:17,2026-07-31T13:39:32,1:scheduled,2026-07-31T20:51:00Z
136354675,800555959,scheduled,ACTIVE,S,53,Transformer Upgrade,,LA VERNE,LOS ANGELES,91750,34.1327931,-117.7774199,2026-08-10T09:00:00Z,8/10/2026 15:00,Work is in progress.,Enhancing Reliability,6,PO,26,MIRA LOMA,7/30/2026 17:38,2026-07-31T13:39:32,1:scheduled,2026-07-31T20:51:00Z
136328479,800554145,scheduled,ACTIVE,S,1,Upgrading Equipment,,Unincorporated Area,LOS ANGELES,90601,34.0235945,-118.0360875,2026-08-08T08:00:00Z,8/8/2026 15:00,Work is in progress.,Enhancing Reliability,6,PO,22,MESA,7/25/2026 8:20,2026-07-31T13:39:32,1:scheduled,2026-07-31T20:51:00Z
136325398,800553960,scheduled,ACTIVE,S,61,Transformer Upgrade,,PALMDALE,LOS ANGELES,93552,34.56891643,-118.0481432,2026-08-10T09:00:00Z,8/10/2026 15:00,Work is in progress.,Enhancing Reliability,14,PO,36,VINCENT,7/29/2026 17:17,2026-07-31T13:39:32,1:scheduled,2026-07-31T20:51:00Z
136344187,800555283,scheduled,ACTIVE,S,129,Upgrading Equipment,,SANTA ANA,ORANGE,92704,33.69767168,-117.8947289,2026-08-07T09:00:00Z,8/7/2026 15:00,Work is in progress.,Enhancing Reliability,6,PO,29,ELLIS,7/28/2026 17:06,2026-07-31T13:39:32,1:scheduled,2026-07-31T20:51:00Z
136343875,800555226,scheduled,ACTIVE,S,6,Transformer Upgrade,,DEL AIRE,LOS ANGELES,90045,33.92904523,-118.3769087,2026-08-06T09:30:00Z,8/6/2026 15:00,Work is in progress.,Enhancing Reliability,6,PO,44,EL NIDO,7/28/2026 15:48,2026-07-31T13:39:32,1:scheduled,2026-07-31T20:51:00Z
136339595,800554825,scheduled,ACTIVE,S,2,Pole Upgrade,,VAL VERDE,LOS ANGELES,91384,34.44720586,-118.6640893,2026-08-06T09:00:00Z,8/6/2026 16:00,Work is in progress.,Enhancing Reliability,6,PO,59,SAUGUS,7/27/2026 18:07,2026-07-31T13:39:32,1:scheduled,2026-07-31T20:51:00Z
136328827,800554203,scheduled,ACTIVE,S,1,Pole Upgrade,,EL SEGUNDO,LOS ANGELES,90245,33.92378593,-118.3928821,2026-08-03T21:30:00Z,8/4/2026 4:30,Work is in progress.,Enhancing Reliability,6,PO,44,EL NIDO,7/25/2026 10:01,2026-07-31T13:39:32,1:scheduled,2026-07-31T20:51:00Z
136353020,800555886,scheduled,ACTIVE,S,2,Transformer Upgrade,,Unincorporated Area,LOS ANGELES,93536,34.7007823,-118.2617108,2026-08-06T08:00:00Z,8/6/2026 15:00,Work is in progress.,Enhancing Reliability,6,PO,36,VINCENT,7/30/2026 10:27,2026-07-31T13:39:32,1:scheduled,2026-07-31T20:51:00Z
136357889,800556344,scheduled,ACTIVE,S,38,Pole Upgrade,,Unincorporated Area,LOS ANGELES,93543,34.57443132,-117.9646733,2026-08-11T08:00:00Z,8/11/2026 16:00,Work is in progress.,Enhancing Reliability,6,PO,36,VINCENT,7/31/2026 9:51,2026-07-31T13:39:32,1:scheduled,2026-07-31T20:51:00Z
136348704,800555605,scheduled,ACTIVE,S,0,Pole Upgrade,,LA VERNE,LOS ANGELES,91750,34.10507925,-117.7683166,2026-08-04T09:00:00Z,8/4/2026 15:00,Work is in progress.,Enhancing Reliability,6,PO,26,MIRA LOMA,7/29/2026 13:18,2026-07-31T13:39:32,1:scheduled,2026-07-31T20:51:00Z
136312599,800552735,scheduled,ACTIVE,S,231,Upgrading Equipment,,WEST COVINA,LOS ANGELES,91791,34.07013862,-117.8937259,2026-08-01T22:00:00Z,8/2/2026 5:00,Work is in progress.,Enhancing Reliability,18,PO,26,MIRA LOMA,7/21/2026 17:56,2026-07-31T13:39:32,1:scheduled,2026-07-31T20:51:00Z
136352774,800555882,scheduled,ACTIVE,S,21,Pole Upgrade,,SOUTH WHITTIER,LOS ANGELES,90604,33.92781392,-118.0119502,2026-08-10T05:00:00Z,8/10/2026 18:30,Work is in progress.,Enhancing Reliability,6,PO,48,VILLA PARK,7/30/2026 9:34,2026-07-31T13:39:32,1:scheduled,2026-07-31T20:51:00Z
136341250,800554948,scheduled,ACTIVE,S,28,Upgrading Equipment,,ALTADENA,LOS ANGELES,91001,34.18238547,-118.1463208,2026-08-10T12:00:00Z,8/10/2026 16:00,Work is in progress.,Enhancing Reliability,20,PO,27,MESA,7/29/2026 14:24,2026-07-31T13:39:32,1:scheduled,2026-07-31T20:51:00Z
136348209,800555583,scheduled,ACTIVE,S,9,Transformer Upgrade,,SANTA CLARITA,LOS ANGELES,91387,34.38800863,-118.411105,2026-08-07T09:00:00Z,8/7/2026 14:00,Work is in progress.,Enhancing Reliability,6,PO,59,SAUGUS,7/29/2026 12:14,2026-07-31T13:39:32,1:scheduled,2026-07-31T20:51:00Z
136325763,800553952,scheduled,ACTIVE,S,61,Upgrading Equipment,,LA CRESCENTA-MONTROSE,LOS ANGELES,91214,34.23781108,-118.2287946,2026-08-05T09:00:00Z,8/5/2026 18:30,Work is in progress.,Enhancing Reliability,6,PO,27,MESA,7/24/2026 19:09,2026-07-31T13:39:32,1:scheduled,2026-07-31T20:51:00Z
136358177,800556217,scheduled,ACTIVE,S,81,Upgrading Equipment,,MANHATTAN BEACH,LOS ANGELES,90266,33.88143431,-118.3943232,2026-08-07T22:00:00Z,8/8/2026 6:00,Work is in progress.,Enhancing Reliability,6,PO,44,EL NIDO,7/31/2026 10:26,2026-07-31T13:39:32,1:scheduled,2026-07-31T20:51:00Z
136255354,800548295,scheduled,ACTIVE,S,0,Transformer Upgrade,,Unincorporated Area,LOS ANGELES,90265,34.04416646,-118.5700743,2026-08-06T09:30:00Z,8/6/2026 17:00,Work is in progress.,Enhancing Reliability,14,PO,35,MOORPARK,7/21/2026 12:33,2026-07-31T13:39:32,1:scheduled,2026-07-31T20:51:00Z
136328437,800554066,scheduled,ACTIVE,S,39,Pole Upgrade,,LA PUENTE,LOS ANGELES,91744,34.03645066,-117.9646501,2026-08-07T08:00:00Z,8/7/2026 18:00,Work is in progress.,Enhancing Reliability,18,PO,26,MIRA LOMA,7/25/2026 8:04,2026-07-31T13:39:32,1:scheduled,2026-07-31T20:51:00Z
136337813,800554693,scheduled,ACTIVE,S,0,Transformer Upgrade,,BEVERLY HILLS,LOS ANGELES,90210,34.08736616,-118.4112551,2026-08-04T09:30:00Z,8/4/2026 16:00,Work is in progress.,Enhancing Reliability,6,PO,42,EL NIDO,7/27/2026 10:54,2026-07-31T13:39:32,1:scheduled,2026-07-31T20:51:00Z
136325568,800553872,scheduled,ACTIVE,S,38,Upgrading Equipment,,SEAL BEACH,ORANGE,90740,33.76137699,-118.0782458,2026-08-06T22:00:00Z,8/7/2026 4:00,Work is in progress.,Enhancing Reliability,6,PO,46,LIGHTHIPE,7/24/2026 18:06,2026-07-31T13:39:32,1:scheduled,2026-07-31T20:51:00Z
136316363,800552876,scheduled,ACTIVE,S,10,Upgrading Equipment,,INGLEWOOD,LOS ANGELES,90301,33.96264075,-118.356982,2026-08-02T21:00:00Z,8/3/2026 1:00,Work is in progress.,Enhancing Reliability,6,PO,44,EL NIDO,7/22/2026 11:14,2026-07-31T13:39:32,1:scheduled,2026-07-31T20:51:00Z
136002244,800534248,scheduled,ACTIVE,S,97,Upgrading Equipment,,LAKEWOOD,LOS ANGELES,90715,33.8368287,-118.0871747,2026-08-03T01:00:00Z,8/3/2026 8:00,Work is in progress.,Enhancing Reliability,14,PO,46,LIGHTHIPE,7/10/2026 8:16,2026-07-31T13:39:32,1:scheduled,2026-07-31T20:51:00Z
136349028,800555682,scheduled,ACTIVE,S,17,Upgrading Equipment,,FLORENCE-GRAHAM,LOS ANGELES,90002,33.95496158,-118.2355334,2026-08-10T09:00:00Z,8/10/2026 15:00,Work is in progress.,Enhancing Reliability,6,PO,32,LIGHTHIPE,7/29/2026 14:47,2026-07-31T13:39:32,1:scheduled,2026-07-31T20:51:00Z
136344072,800555281,scheduled,ACTIVE,S,35,Upgrading Equipment,,FULLERTON,ORANGE,92833,33.8939339,-117.9484701,2026-08-07T09:00:00Z,8/7/2026 16:00,Work is in progress.,Enhancing Reliability,6,PO,48,VILLA PARK,7/28/2026 16:45,2026-07-31T13:39:32,1:scheduled,2026-07-31T20:51:00Z
136328173,800553975,scheduled,ACTIVE,S,2,Upgrading Equipment,,HUNTINGTON PARK,LOS ANGELES,90058,33.99115735,-118.2279883,2026-08-07T10:00:00Z,8/7/2026 18:00,Work is in progress.,Enhancing Reliability,6,PO,32,LIGHTHIPE,7/25/2026 5:33,2026-07-31T13:39:32,1:scheduled,2026-07-31T20:51:00Z
136348161,800555456,scheduled,ACTIVE,S,16,Pole Upgrade,,LANCASTER,LOS ANGELES,93534,34.69277666,-118.1314044,2026-08-06T17:00:00Z,8/6/2026 22:00,Work is in progress.,Enhancing Reliability,6,PO,36,VINCENT,7/29/2026 12:04,2026-07-31T13:39:32,1:scheduled,2026-07-31T20:51:00Z
136320552,800553404,scheduled,ACTIVE,S,1,Upgrading Equipment,,YORBA LINDA,ORANGE,92886,33.89045615,-117.8140499,2026-08-01T09:00:00Z,8/1/2026 16:00,Work is in progress.,Enhancing Reliability,6,PO,48,VILLA PARK,7/23/2026 11:20,2026-07-31T13:39:32,1:scheduled,2026-07-31T20:51:00Z
136349441,800555667,scheduled,ACTIVE,S,46,Pole Upgrade,,SANTA ANA,ORANGE,92705,33.76636762,-117.8340199,2026-08-06T08:00:00Z,8/6/2026 16:00,Work is in progress.,Enhancing Reliability,18,PO,29,VILLA PARK,7/29/2026 16:40,2026-07-31T13:39:32,1:scheduled,2026-07-31T20:51:00Z
136328428,800554032,scheduled,ACTIVE,S,65,Pole Upgrade,,LA PUENTE,LOS ANGELES,91744,34.01334896,-117.9340657,2026-08-07T08:00:00Z,8/7/2026 17:00,Work is in progress.,Enhancing Reliability,18,PO,26,MIRA LOMA,7/25/2026 8:01,2026-07-31T13:39:32,1:scheduled,2026-07-31T20:51:00Z
136342596,800555113,scheduled,ACTIVE,S,4,Upgrading Equipment,,Unincorporated Area,LOS ANGELES,91301,34.10301717,-118.7207613,2026-08-03T17:00:00Z,8/4/2026 1:30,Work is in progress.,Enhancing Reliability,18,PO,35,MOORPARK,7/28/2026 12:01,2026-07-31T13:39:32,1:scheduled,2026-07-31T20:51:00Z
136339497,800554715,scheduled,ACTIVE,S,4,Pole Upgrade,,LANCASTER,LOS ANGELES,93534,34.64586129,-118.168716,2026-08-05T00:30:00Z,8/5/2026 11:00,Work is in progress.,Enhancing Reliability,6,PO,36,VINCENT,7/27/2026 17:26,2026-07-31T13:39:32,1:scheduled,2026-07-31T20:51:00Z
136299546,800551851,scheduled,ACTIVE,S,0,Upgrading Equipment,,SOUTH PASADENA,LOS ANGELES,91030,34.10488257,-118.1455766,2026-08-03T08:00:00Z,8/3/2026 10:00,Work is in progress.,Enhancing Reliability,18,PO,27,MESA,7/18/2026 8:18,2026-07-31T13:39:32,1:scheduled,2026-07-31T20:51:00Z
136347655,800555398,scheduled,ACTIVE,S,61,Upgrading Equipment,,MONROVIA,LOS ANGELES,91016,34.15200051,-117.9881984,2026-08-10T08:30:00Z,8/10/2026 16:30,Work is in progress.,Enhancing Reliability,18,PO,27,MESA,7/29/2026 10:30,2026-07-31T13:39:32,1:scheduled,2026-07-31T20:51:00Z
136311432,800552596,scheduled,ACTIVE,S,22,Pole Upgrade,,COVINA,LOS ANGELES,91723,34.07972608,-117.8886699,2026-08-02T08:00:00Z,8/2/2026 15:00,Work is in progress.,Enhancing Reliability,6,PO,26,MIRA LOMA,7/21/2026 11:58,2026-07-31T13:39:32,1:scheduled,2026-07-31T20:51:00Z
136357639,800556239,scheduled,ACTIVE,S,1,Transformer Upgrade,,LONG BEACH,LOS ANGELES,90803,33.76368142,-118.1161752,2026-08-11T09:30:00Z,8/11/2026 13:00,Work is in progress.,Enhancing Reliability,6,PO,46,LIGHTHIPE,7/31/2026 9:04,2026-07-31T13:39:32,1:scheduled,2026-07-31T20:51:00Z
136325493,800553925,scheduled,ACTIVE,S,50,Pole Upgrade,,BUENA PARK,ORANGE,90620,33.84982791,-118.0105616,2026-08-03T21:00:00Z,8/4/2026 3:00,Work is in progress.,Enhancing Reliability,18,PO,48,VILLA PARK,7/24/2026 17:43,2026-07-31T13:39:32,1:scheduled,2026-07-31T20:51:00Z
136317637,800553184,scheduled,ACTIVE,S,17,Upgrading Equipment,,GLENDORA,LOS ANGELES,91741,34.1322976,-117.8215397,2026-08-03T08:00:00Z,8/3/2026 15:30,Work is in progress.,Enhancing Reliability,18,PO,26,MIRA LOMA,7/22/2026 15:53,2026-07-31T13:39:32,1:scheduled,2026-07-31T20:51:00Z
136299745,800551928,scheduled,ACTIVE,S,317,Upgrading Equipment,,LAKE LOS ANGELES,LOS ANGELES,93535,34.62308267,-117.8515447,2026-08-13T09:00:00Z,8/13/2026 14:00,Work is in progress.,Enhancing Reliability,14,PO,36,VINCENT,7/30/2026 13:41,2026-07-31T13:39:32,1:scheduled,2026-07-31T20:51:00Z
136324923,800553793,scheduled,ACTIVE,S,0,Upgrading Equipment,,SANTA FE SPRINGS,LOS ANGELES,90670,33.94359895,-118.0551139,2026-08-01T08:00:00Z,8/1/2026 13:00,Work is in progress.,Enhancing Reliability,6,PO,47,LIGHTHIPE,7/24/2026 15:09,2026-07-31T13:39:32,1:scheduled,2026-07-31T20:51:00Z
136316229,800553035,scheduled,ACTIVE,S,15,Upgrading Equipment,,BALDWIN PARK,LOS ANGELES,91706,34.10235219,-117.9562249,2026-08-04T08:00:00Z,8/4/2026 14:00,Work is in progress.,Enhancing Reliability,18,PO,27,MESA,7/22/2026 10:35,2026-07-31T13:39:32,1:scheduled,2026-07-31T20:51:00Z
136308865,800552418,scheduled,ACTIVE,S,11,Pole Upgrade,,POMONA,LOS ANGELES,91766,34.05783773,-117.7565761,2026-07-31T18:00:00Z,8/1/2026 4:00,Work is in progress.,Enhancing Reliability,6,PO,26,MIRA LOMA,7/20/2026 17:52,2026-07-31T13:39:32,1:scheduled,2026-07-31T20:51:00Z
136353674,800555948,scheduled,ACTIVE,S,99,Upgrading Equipment,,HUNTINGTON BEACH,ORANGE,92646,33.65288831,-117.9783951,2026-08-10T10:00:00Z,8/10/2026 14:00,Work is in progress.,Enhancing Reliability,6,PO,33,ELLIS,7/30/2026 13:23,2026-07-31T13:39:32,1:scheduled,2026-07-31T20:51:00Z
136316176,800552973,scheduled,ACTIVE,S,20,Upgrading Equipment,,SIERRA MADRE,LOS ANGELES,91024,34.16222235,-118.0647586,2026-08-04T01:30:00Z,8/4/2026 6:30,Work is in progress.,Enhancing Reliability,18,PO,27,MESA,7/22/2026 10:26,2026-07-31T13:39:32,1:scheduled,2026-07-31T20:51:00Z
136325562,800553815,scheduled,ACTIVE,S,8,Transformer Upgrade,,SANTA FE SPRINGS,LOS ANGELES,90670,33.91613254,-118.0448573,2026-08-06T01:00:00Z,8/6/2026 6:00,Work is in progress.,Enhancing Reliability,6,PO,47,LIGHTHIPE,7/24/2026 18:03,2026-07-31T13:39:32,1:scheduled,2026-07-31T20:51:00Z
136317762,800553148,scheduled,ACTIVE,S,1,Upgrading Equipment,,STANTON,ORANGE,90680,33.80673803,-117.9906668,2026-08-03T07:30:00Z,8/3/2026 16:00,Work is in progress.,Enhancing Reliability,6,PO,48,VILLA PARK,7/22/2026 16:34,2026-07-31T13:39:32,1:scheduled,2026-07-31T20:51:00Z
136349055,800555684,scheduled,ACTIVE,S,0,Upgrading Equipment,,GARDEN GROVE,ORANGE,92841,33.79803057,-118.0032841,2026-07-31T23:00:00Z,8/1/2026 5:00,Work is in progress.,Enhancing Reliability,6,PO,29,VILLA PARK,7/29/2026 14:59,2026-07-31T13:39:32,1:scheduled,2026-07-31T20:51:00Z
136321999,800553511,scheduled,ACTIVE,S,27,Upgrading Equipment,,SANTA ANA,ORANGE,92706,33.75645897,-117.8706567,2026-08-03T09:00:00Z,8/3/2026 13:00,Work is in progress.,Enhancing Reliability,6,PO,29,VILLA PARK,7/23/2026 14:58,2026-07-31T13:39:32,1:scheduled,2026-07-31T20:51:00Z
136328459,800554164,scheduled,ACTIVE,S,24,Pole Upgrade,,VALINDA,LOS ANGELES,91744,34.04911928,-117.9409802,2026-08-08T08:00:00Z,8/8/2026 16:00,Work is in progress.,Enhancing Reliability,6,PO,26,MIRA LOMA,7/25/2026 8:11,2026-07-31T13:39:32,1:scheduled,2026-07-31T20:51:00Z
136317032,800552978,scheduled,ACTIVE,S,1,Upgrading Equipment,,CARSON,LOS ANGELES,90810,33.83818575,-118.2351044,2026-08-03T15:00:00Z,8/3/2026 18:00,Work is in progress.,Enhancing Reliability,14,PO,32,LIGHTHIPE,7/23/2026 9:24,2026-07-31T13:39:32,1:scheduled,2026-07-31T20:51:00Z
136336605,800554510,scheduled,ACTIVE,S,24,Pole Upgrade,,RANCHO PALOS VERDES,LOS ANGELES,90275,33.78533572,-118.382555,2026-08-04T08:30:00Z,8/4/2026 16:00,Work is in progress.,Enhancing Reliability,18,PO,44,EL NIDO,7/27/2026 7:59,2026-07-31T13:39:32,1:scheduled,2026-07-31T20:51:00Z
136325515,800553886,scheduled,ACTIVE,S,31,Pole Upgrade,,LONG BEACH,LOS ANGELES,90805,33.87607604,-118.1961774,2026-08-06T09:00:00Z,8/6/2026 14:30,Work is in progress.,Enhancing Reliability,6,PO,46,LIGHTHIPE,7/24/2026 17:47,2026-07-31T13:39:32,1:scheduled,2026-07-31T20:51:00Z
136328891,800554114,scheduled,ACTIVE,S,63,Upgrading Equipment,,BELLFLOWER,LOS ANGELES,90706,33.8785164,-118.1279621,2026-08-10T09:00:00Z,8/10/2026 16:00,Work is in progress.,Enhancing Reliability,6,PO,32,LIGHTHIPE,7/25/2026 10:28,2026-07-31T13:39:32,1:scheduled,2026-07-31T20:51:00Z
136319512,800553288,scheduled,ACTIVE,S,134,Upgrading Equipment,,CALABASAS,LOS ANGELES,91302,34.15755395,-118.6967379,2026-08-04T08:00:00Z,8/4/2026 14:00,Work is in progress.,Enhancing Reliability,18,PO,35,MOORPARK,7/23/2026 15:46,2026-07-31T13:39:32,1:scheduled,2026-07-31T20:51:00Z
136349752,800555668,scheduled,ACTIVE,S,409,Upgrading Equipment,,SOUTH EL MONTE,LOS ANGELES,91733,34.04567158,-118.0503738,2026-08-06T22:00:00Z,8/7/2026 6:30,Work is in progress.,Enhancing Reliability,18,PO,22,MESA,7/29/2026 18:15,2026-07-31T13:39:32,1:scheduled,2026-07-31T20:51:00Z
136338482,800554698,scheduled,ACTIVE,S,147,Upgrading Equipment,,LA HABRA,ORANGE,90631,33.9272655,-117.9569626,2026-08-06T09:00:00Z,8/6/2026 15:00,Work is in progress.,Enhancing Reliability,6,PO,48,VILLA PARK,7/27/2026 13:25,2026-07-31T13:39:32,1:scheduled,2026-07-31T20:51:00Z
136353892,800555899,scheduled,ACTIVE,S,5,Upgrading Equipment,,MALIBU,LOS ANGELES,90265,34.0427901,-118.9139633,2026-08-11T08:00:00Z,8/11/2026 13:00,Work is in progress.,Enhancing Reliability,18,PO,35,MOORPARK,7/30/2026 14:05,2026-07-31T13:39:32,1:scheduled,2026-07-31T20:51:00Z
136324505,800553803,scheduled,ACTIVE,S,79,Upgrading Equipment,,ARCADIA,LOS ANGELES,91006,34.17374058,-118.0218276,2026-08-04T08:00:00Z,8/4/2026 14:00,Work is in progress.,Enhancing Reliability,18,PO,27,MESA,7/24/2026 13:10,2026-07-31T13:39:32,1:scheduled,2026-07-31T20:51:00Z
136321077,800553397,scheduled,ACTIVE,S,24,Upgrading Equipment,,LAKEWOOD,LOS ANGELES,90713,33.8634572,-118.1104667,2026-08-04T09:00:00Z,8/4/2026 15:15,Work is in progress.,Enhancing Reliability,6,PO,46,LIGHTHIPE,7/23/2026 14:25,2026-07-31T13:39:32,1:scheduled,2026-07-31T20:51:00Z
136328183,800554008,scheduled,ACTIVE,S,77,Pole Upgrade,,LONG BEACH,LOS ANGELES,90805,33.87055,-118.1806371,2026-08-08T09:00:00Z,8/8/2026 16:00,Work is in progress.,Enhancing Reliability,6,PO,46,LIGHTHIPE,7/25/2026 5:50,2026-07-31T13:39:32,1:scheduled,2026-07-31T20:51:00Z
136325372,800553835,scheduled,ACTIVE,S,505,Upgrading Equipment,,HAWTHORNE,LOS ANGELES,90250,33.9050099,-118.3745712,2026-08-03T08:00:00Z,8/3/2026 16:00,Work is in progress.,Enhancing Reliability,18,PO,44,EL NIDO,7/24/2026 17:09,2026-07-31T13:39:32,1:scheduled,2026-07-31T20:51:00Z
136354673,800556105,scheduled,ACTIVE,S,12,Upgrading Equipment,,LONG BEACH,LOS ANGELES,90807,33.83777868,-118.1898062,2026-08-11T09:00:00Z,8/11/2026 11:00,Work is in progress.,Enhancing Reliability,6,PO,46,LIGHTHIPE,7/30/2026 17:36,2026-07-31T13:39:32,1:scheduled,2026-07-31T20:51:00Z
136339649,800554769,scheduled,ACTIVE,S,7,Upgrading Equipment,,GARDEN GROVE,ORANGE,92843,33.74984432,-117.9424282,2026-08-05T08:00:00Z,8/5/2026 15:00,Work is in progress.,Enhancing Reliability,18,PO,29,VILLA PARK,7/27/2026 18:19,2026-07-31T13:39:32,1:scheduled,2026-07-31T20:51:00Z
136341420,800554985,scheduled,ACTIVE,S,53,Pole Upgrade,,EL SEGUNDO,LOS ANGELES,90245,33.92245755,-118.4115352,2026-08-03T08:00:00Z,8/3/2026 15:00,Work is in progress.,Enhancing Reliability,18,PO,44,EL NIDO,7/28/2026 8:07,2026-07-31T13:39:32,1:scheduled,2026-07-31T20:51:00Z
136349519,800555576,scheduled,ACTIVE,S,597,Upgrading Equipment,,IRVINE,ORANGE,92612,33.64953804,-117.8256227,2026-08-08T08:30:00Z,8/8/2026 18:30,Work is in progress.,Enhancing Reliability,6,PO,43,ELLIS,7/29/2026 17:05,2026-07-31T13:39:32,1:scheduled,2026-07-31T20:51:00Z
136343331,800555205,scheduled,ACTIVE,S,34,Upgrading Equipment,,LONG BEACH,LOS ANGELES,90804,33.78291317,-118.1606925,2026-08-09T09:00:00Z,8/9/2026 15:00,Work is in progress.,Enhancing Reliability,6,PO,46,LIGHTHIPE,7/28/2026 14:36,2026-07-31T13:39:32,1:scheduled,2026-07-31T20:51:00Z
136352910,800555779,scheduled,ACTIVE,S,76,Upgrading Equipment,,COSTA MESA,ORANGE,92627,33.65240983,-117.9042265,2026-08-10T09:00:00Z,8/10/2026 10:30,Work is in progress.,Enhancing Reliability,6,PO,33,ELLIS,7/30/2026 10:12,2026-07-31T13:39:32,1:scheduled,2026-07-31T20:51:00Z
136344194,800555174,scheduled,ACTIVE,S,144,Transformer Upgrade,,NEWPORT BEACH,ORANGE,92663,33.62567206,-117.9107512,2026-08-07T09:30:00Z,8/7/2026 14:00,Work is in progress.,Enhancing Reliability,6,PO,33,ELLIS,7/28/2026 17:08,2026-07-31T13:39:32,1:scheduled,2026-07-31T20:51:00Z
136341342,800555024,scheduled,ACTIVE,S,90,Upgrading Equipment,,ROSEMEAD,LOS ANGELES,91770,34.06022284,-118.0826617,2026-08-08T09:00:00Z,8/8/2026 16:00,Work is in progress.,Enhancing Reliability,6,PO,22,MESA,7/28/2026 7:27,2026-07-31T13:39:32,1:scheduled,2026-07-31T20:51:00Z
136344210,800555320,scheduled,ACTIVE,S,2,Cable Upgrade,,HUNTINGTON BEACH,ORANGE,92647,33.74514438,-118.0263877,2026-08-08T07:30:00Z,8/8/2026 13:00,Work is in progress.,Enhancing Reliability,6,PO,33,VILLA PARK,7/28/2026 17:15,2026-07-31T13:39:32,1:scheduled,2026-07-31T20:51:00Z
136341287,800554950,scheduled,ACTIVE,S,60,Upgrading Equipment,,LA CANADA FLINTRIDGE,LOS ANGELES,91011,34.18233441,-118.1795009,2026-08-06T17:30:00Z,8/7/2026 6:30,Work is in progress.,Enhancing Reliability,18,PO,27,MESA,7/28/2026 6:48,2026-07-31T13:39:32,1:scheduled,2026-07-31T20:51:00Z
136308892,800552541,scheduled,ACTIVE,S,11,Pole Upgrade,,Unincorporated Area,LOS ANGELES,93543,34.55949521,-117.9520773,2026-08-01T09:00:00Z,8/1/2026 18:30,Work is in progress.,Enhancing Reliability,6,PO,36,VINCENT,7/20/2026 18:06,2026-07-31T13:39:32,1:scheduled,2026-07-31T20:51:00Z
136354735,800555916,scheduled,ACTIVE,S,6,Cable Upgrade,,TORRANCE,LOS ANGELES,90277,33.80430631,-118.3876104,2026-08-10T09:30:00Z,8/10/2026 15:00,Work is in progress.,Enhancing Reliability,6,PO,44,EL NIDO,7/30/2026 18:05,2026-07-31T13:39:32,1:scheduled,2026-07-31T20:51:00Z
136358897,800556445,scheduled,ACTIVE,S,10,Upgrading Equipment,,BALDWIN PARK,LOS ANGELES,91706,34.10184174,-117.9454843,2026-08-06T09:45:00Z,8/6/2026 14:00,Work is in progress.,Enhancing Reliability,6,PO,27,MESA,7/31/2026 13:06,2026-07-31T13:39:32,1:scheduled,2026-07-31T20:51:00Z
136321008,800553435,scheduled,ACTIVE,S,212,Pole Upgrade,,LONG BEACH,LOS ANGELES,90815,33.80392259,-118.1313968,2026-08-04T09:00:00Z,8/4/2026 15:00,Work is in progress.,Enhancing Reliability,6,PO,46,LIGHTHIPE,7/23/2026 13:50,2026-07-31T13:39:32,1:scheduled,2026-07-31T20:51:00Z
136321007,800553508,scheduled,ACTIVE,S,4,Upgrading Equipment,,LA HABRA HEIGHTS,LOS ANGELES,90631,33.95639769,-117.93762,2026-08-03T09:00:00Z,8/3/2026 16:30,Work is in progress.,Enhancing Reliability,6,PO,48,VILLA PARK,7/23/2026 13:56,2026-07-31T13:39:32,1:scheduled,2026-07-31T20:51:00Z
136328735,800554149,scheduled,ACTIVE,S,16,Pole Upgrade,,GLENDORA,LOS ANGELES,91741,34.15305006,-117.8656341,2026-08-05T08:00:00Z,8/5/2026 17:00,Work is in progress.,Enhancing Reliability,18,PO,26,MIRA LOMA,7/25/2026 9:27,2026-07-31T13:39:32,1:scheduled,2026-07-31T20:51:00Z
136325503,800553980,scheduled,ACTIVE,S,263,Upgrading Equipment,,LAGUNA WOODS,ORANGE,92653,33.61043065,-117.7391979,2026-08-07T01:30:00Z,8/7/2026 6:30,Work is in progress.,Enhancing Reliability,14,PO,43,ELLIS,7/31/2026 9:29,2026-07-31T13:39:32,1:scheduled,2026-07-31T20:51:00Z
136343103,800555096,scheduled,ACTIVE,S,77,Upgrading Equipment,,NORWALK,LOS ANGELES,90650,33.91807827,-118.067941,2026-08-07T22:00:00Z,8/8/2026 5:00,Work is in progress.,Enhancing Reliability,6,PO,47,LIGHTHIPE,7/28/2026 13:38,2026-07-31T13:39:32,1:scheduled,2026-07-31T20:51:00Z
136317790,800553164,scheduled,ACTIVE,S,3,Cable Upgrade,,NEWPORT BEACH,ORANGE,92660,33.61996204,-117.8781363,2026-08-01T09:00:00Z,8/1/2026 12:00,Work is in progress.,Enhancing Reliability,6,PO,33,ELLIS,7/22/2026 16:43,2026-07-31T13:39:32,1:scheduled,2026-07-31T20:51:00Z
136264194,800549244,scheduled,ACTIVE,S,3,Pole Upgrade,,Unincorporated Area,LOS ANGELES,93552,34.57557192,-117.9715347,2026-08-07T08:00:00Z,8/7/2026 17:00,Work is in progress.,Enhancing Reliability,14,PO,36,VINCENT,7/18/2026 12:34,2026-07-31T13:39:32,1:scheduled,2026-07-31T20:51:00Z
136341838,800555018,scheduled,ACTIVE,S,1,Pole Upgrade,,DOWNEY,LOS ANGELES,90241,33.9272081,-118.1119709,2026-08-06T20:00:00Z,8/7/2026 7:00,Work is in progress.,Enhancing Reliability,6,PO,47,LIGHTHIPE,7/28/2026 9:19,2026-07-31T13:39:32,1:scheduled,2026-07-31T20:51:00Z
136347435,800555413,scheduled,ACTIVE,S,0,Upgrading Equipment,,BALDWIN PARK,LOS ANGELES,91706,34.10109157,-117.9454966,2026-08-06T09:30:00Z,8/6/2026 14:00,Work is in progress.,Enhancing Reliability,6,PO,27,MESA,7/29/2026 9:48,2026-07-31T13:39:32,1:scheduled,2026-07-31T20:51:00Z
136355044,800556112,scheduled,ACTIVE,S,76,Upgrading Equipment,,EAST LOS ANGELES,LOS ANGELES,90022,34.02220846,-118.1528971,2026-08-07T20:00:00Z,8/8/2026 8:00,Work is in progress.,Enhancing Reliability,18,PO,22,MESA,7/30/2026 19:37,2026-07-31T13:39:32,1:scheduled,2026-07-31T20:51:00Z
136320987,800553523,scheduled,ACTIVE,S,9,Upgrading Equipment,,SIGNAL HILL,LOS ANGELES,90755,33.80498943,-118.168295,2026-08-04T04:00:00Z,8/4/2026 6:00,Work is in progress.,Enhancing Reliability,6,PO,46,LIGHTHIPE,7/23/2026 13:46,2026-07-31T13:39:32,1:scheduled,2026-07-31T20:51:00Z
136328601,800554200,scheduled,ACTIVE,S,162,Pole Upgrade,,ORANGE,ORANGE,92867,33.81202505,-117.8332468,2026-08-04T21:00:00Z,8/5/2026 3:00,Work is in progress.,Enhancing Reliability,18,PO,29,VILLA PARK,7/25/2026 8:52,2026-07-31T13:39:32,1:scheduled,2026-07-31T20:51:00Z
136328901,800554205,scheduled,ACTIVE,S,301,Upgrading Equipment,,WEST HOLLYWOOD,LOS ANGELES,90046,34.09620621,-118.3623496,2026-08-08T09:00:00Z,8/8/2026 16:00,Work is in progress.,Enhancing Reliability,6,PO,42,EL NIDO,7/25/2026 10:28,2026-07-31T13:39:32,1:scheduled,2026-07-31T20:51:00Z
136325151,800553864,scheduled,ACTIVE,S,3,Transformer Upgrade,,Unincorporated Area,LOS ANGELES,91750,34.12948621,-117.7480022,2026-08-04T08:00:00Z,8/4/2026 11:00,Work is in progress.,Enhancing Reliability,18,PO,26,MIRA LOMA,7/24/2026 16:22,2026-07-31T13:39:32,1:scheduled,2026-07-31T20:51:00Z
136354650,800555913,scheduled,ACTIVE,S,43,Upgrading Equipment,,CARSON,LOS ANGELES,90745,33.81821179,-118.2821965,2026-08-11T09:00:00Z,8/11/2026 18:00,Work is in progress.,Enhancing Reliability,6,PO,32,LIGHTHIPE,7/30/2026 17:27,2026-07-31T13:39:32,1:scheduled,2026-07-31T20:51:00Z
136317014,800553140,scheduled,ACTIVE,S,44,Upgrading Equipment,,DOWNEY,LOS ANGELES,90242,33.92260989,-118.1215806,2026-08-03T09:00:00Z,8/3/2026 18:00,Work is in progress.,Enhancing Reliability,6,PO,47,LIGHTHIPE,7/22/2026 13:20,2026-07-31T13:39:32,1:scheduled,2026-07-31T20:51:00Z
136316993,800553124,scheduled,ACTIVE,S,19,Pole Upgrade,,FLORENCE-GRAHAM,LOS ANGELES,90001,33.97184186,-118.251472,2026-08-03T08:00:00Z,8/3/2026 14:00,Work is in progress.,Enhancing Reliability,18,PO,32,LIGHTHIPE,7/22/2026 13:16,2026-07-31T13:39:32,1:scheduled,2026-07-31T20:51:00Z
136283305,800550534,scheduled,ACTIVE,S,30,Upgrading Equipment,,LA CANADA FLINTRIDGE,LOS ANGELES,91011,34.20949945,-118.1870753,2026-08-10T08:00:00Z,8/10/2026 16:00,Work is in progress.,Enhancing Reliability,18,PO,27,MESA,7/15/2026 9:56,2026-07-31T13:39:32,1:scheduled,2026-07-31T20:51:00Z
136328178,800553934,scheduled,ACTIVE,S,1,Upgrading Equipment,,PARAMOUNT,LOS ANGELES,90723,33.88491971,-118.1671431,2026-08-08T08:00:00Z,8/8/2026 18:00,Work is in progress.,Enhancing Reliability,6,PO,32,LIGHTHIPE,7/25/2026 5:44,2026-07-31T13:39:32,1:scheduled,2026-07-31T20:51:00Z
136251381,800548200,scheduled,ACTIVE,S,62,Pole Upgrade,,LA HABRA HEIGHTS,LOS ANGELES,90631,33.95854186,-117.9517014,2026-08-10T09:00:00Z,8/10/2026 15:00,Work is in progress.,Enhancing Reliability,20,PO,48,VILLA PARK,7/27/2026 7:26,2026-07-31T13:39:32,1:scheduled,2026-07-31T20:51:00Z
136354456,800556070,scheduled,ACTIVE,S,70,Pole Upgrade,,ORANGE,ORANGE,92866,33.78533883,-117.8452814,2026-08-10T09:30:00Z,8/10/2026 16:00,Work is in progress.,Enhancing Reliability,18,PO,29,VILLA PARK,7/30/2026 16:30,2026-07-31T13:39:32,1:scheduled,2026-07-31T20:51:00Z
136328493,800554184,scheduled,ACTIVE,S,35,Cable Upgrade,,WEST COVINA,LOS ANGELES,91791,34.07057005,-117.8931056,2026-08-06T08:30:00Z,8/6/2026 16:30,Work is in progress.,Enhancing Reliability,18,PO,26,MIRA LOMA,7/25/2026 8:22,2026-07-31T13:39:32,1:scheduled,2026-07-31T20:51:00Z
136347600,800555471,scheduled,ACTIVE,S,5,Pole Upgrade,,LITTLEROCK,LOS ANGELES,93543,34.52530435,-117.9731599,2026-08-06T09:00:00Z,8/6/2026 17:00,Work is in progress.,Enhancing Reliability,6,PO,36,VINCENT,7/29/2026 10:19,2026-07-31T13:39:32,1:scheduled,2026-07-31T20:51:00Z
136328207,800554025,scheduled,ACTIVE,S,119,Upgrading Equipment,,EL MONTE,LOS ANGELES,91733,34.05865241,-118.0328333,2026-08-06T08:00:00Z,8/6/2026 16:30,Work is in progress.,Enhancing Reliability,18,PO,22,MESA,7/25/2026 6:07,2026-07-31T13:39:32,1:scheduled,2026-07-31T20:51:00Z
136347996,800555561,scheduled,ACTIVE,S,27,Pole Upgrade,,QUARTZ HILL,LOS ANGELES,93536,34.67182731,-118.2209793,2026-08-06T08:30:00Z,8/6/2026 16:30,Work is in progress.,Enhancing Reliability,6,PO,36,VINCENT,7/29/2026 11:52,2026-07-31T13:39:32,1:scheduled,2026-07-31T20:51:00Z
136321993,800553547,scheduled,ACTIVE,S,35,Cable Upgrade,,CARSON,LOS ANGELES,90746,33.84925597,-118.2558135,2026-08-04T09:00:00Z,8/4/2026 17:00,Work is in progress.,Enhancing Reliability,6,PO,32,LIGHTHIPE,7/23/2026 14:46,2026-07-31T13:39:32,1:scheduled,2026-07-31T20:51:00Z
136328451,800554034,scheduled,ACTIVE,S,28,Upgrading Equipment,,HACIENDA HEIGHTS,LOS ANGELES,91745,34.01299714,-117.964451,2026-08-07T09:00:00Z,8/7/2026 15:00,Work is in progress.,Enhancing Reliability,6,PO,26,MIRA LOMA,7/25/2026 8:08,2026-07-31T13:39:32,1:scheduled,2026-07-31T20:51:00Z
136341800,800554969,scheduled,ACTIVE,S,2,Upgrading Equipment,,DOWNEY,LOS ANGELES,90241,33.927631,-118.1138962,2026-08-06T20:00:00Z,8/7/2026 7:00,Work is in progress.,Enhancing Reliability,6,PO,47,LIGHTHIPE,7/28/2026 9:10,2026-07-31T13:39:32,1:scheduled,2026-07-31T20:51:00Z
136255499,800548483,scheduled,ACTIVE,S,18,Upgrading Equipment,,CERRITOS,LOS ANGELES,90703,33.86906003,-118.0366769,2026-08-13T09:00:00Z,8/13/2026 15:00,Work is in progress.,Enhancing Reliability,14,PO,46,LIGHTHIPE,7/23/2026 8:47,2026-07-31T13:39:32,1:scheduled,2026-07-31T20:51:00Z
136338028,800554709,scheduled,ACTIVE,S,41,Pole Upgrade,,INGLEWOOD,LOS ANGELES,90302,33.97706279,-118.3391895,2026-08-06T09:30:00Z,8/6/2026 17:00,Work is in progress.,Enhancing Reliability,6,PO,44,EL NIDO,7/27/2026 11:48,2026-07-31T13:39:32,1:scheduled,2026-07-31T20:51:00Z
136325519,800553981,scheduled,ACTIVE,S,49,Upgrading Equipment,,SEAL BEACH,ORANGE,90740,33.77557887,-118.0564333,2026-08-04T12:00:00Z,8/4/2026 14:30,Work is in progress.,Enhancing Reliability,6,PO,33,VILLA PARK,7/24/2026 17:49,2026-07-31T13:39:32,1:scheduled,2026-07-31T20:51:00Z
136349272,800555665,scheduled,ACTIVE,S,271,Upgrading Equipment,,WILLOWBROOK,LOS ANGELES,90059,33.92167968,-118.2694709,2026-08-08T05:00:00Z,8/8/2026 6:00,Work is in progress.,Enhancing Reliability,18,PO,32,LIGHTHIPE,7/29/2026 15:45,2026-07-31T13:39:32,1:scheduled,2026-07-31T20:51:00Z
136328281,800554121,scheduled,ACTIVE,S,42,Upgrading Equipment,,TEMPLE CITY,LOS ANGELES,91780,34.10691336,-118.0528997,2026-08-07T00:00:00Z,8/7/2026 7:00,Work is in progress.,Enhancing Reliability,6,PO,27,MESA,7/25/2026 7:09,2026-07-31T13:39:32,1:scheduled,2026-07-31T20:51:00Z
136328465,800554182,scheduled,ACTIVE,S,18,Upgrading Equipment,,COVINA,LOS ANGELES,91723,34.08894885,-117.8910227,2026-08-06T01:00:00Z,8/6/2026 5:00,Work is in progress.,Enhancing Reliability,6,PO,26,MIRA LOMA,7/25/2026 8:14,2026-07-31T13:39:32,1:scheduled,2026-07-31T20:51:00Z
136354320,800556030,scheduled,ACTIVE,S,207,Pole Upgrade,,Unincorporated Area,LOS ANGELES,91724,34.07679952,-117.8505175,2026-08-10T08:00:00Z,8/10/2026 15:00,Work is in progress.,Enhancing Reliability,18,PO,26,MIRA LOMA,7/30/2026 15:54,2026-07-31T13:39:32,1:scheduled,2026-07-31T20:51:00Z
136343047,800555116,scheduled,ACTIVE,S,15,Upgrading Equipment,,GARDEN GROVE,ORANGE,92844,33.7687941,-117.9827472,2026-08-03T08:00:00Z,8/3/2026 12:00,Work is in progress.,Enhancing Reliability,18,PO,29,VILLA PARK,7/28/2026 13:25,2026-07-31T13:39:32,1:scheduled,2026-07-31T20:51:00Z
136323313,800553610,scheduled,ACTIVE,S,9,Pole Upgrade,,CALABASAS,LOS ANGELES,91302,34.13878608,-118.6233463,2026-08-04T21:00:00Z,8/5/2026 5:00,Work is in progress.,Enhancing Reliability,20,PO,35,MOORPARK,7/30/2026 14:55,2026-07-31T13:39:32,1:scheduled,2026-07-31T20:51:00Z
136349254,800555574,scheduled,ACTIVE,S,429,Upgrading Equipment,,SANTA ANA,ORANGE,92706,33.77111927,-117.9031743,2026-08-06T00:30:00Z,8/6/2026 4:30,Work is in progress.,Enhancing Reliability,6,PO,29,ELLIS,7/29/2026 15:42,2026-07-31T13:39:32,1:scheduled,2026-07-31T20:51:00Z
136328715,800554169,scheduled,ACTIVE,S,0,Pole Upgrade,,Unincorporated Area,LOS ANGELES,93543,34.43580408,-117.9313028,2026-08-05T16:00:00Z,8/5/2026 17:00,Work is in progress.,Enhancing Reliability,18,PO,36,VINCENT,7/25/2026 9:18,2026-07-31T13:39:33,1:scheduled,2026-07-31T20:51:00Z
136328478,800554036,scheduled,ACTIVE,S,2,Pole Upgrade,,WEST COVINA,LOS ANGELES,91791,34.05572167,-117.9132152,2026-08-06T08:00:00Z,8/6/2026 16:00,Work is in progress.,Enhancing Reliability,6,PO,26,MIRA LOMA,7/25/2026 8:18,2026-07-31T13:39:33,1:scheduled,2026-07-31T20:51:00Z
136328890,800554055,scheduled,ACTIVE,S,21,Upgrading Equipment,,BEVERLY HILLS,LOS ANGELES,90211,34.0640191,-118.3859941,2026-08-04T09:00:00Z,8/4/2026 17:00,Work is in progress.,Enhancing Reliability,6,PO,42,EL NIDO,7/25/2026 10:29,2026-07-31T13:39:33,1:scheduled,2026-07-31T20:51:00Z
136354015,800556006,scheduled,ACTIVE,S,17,Pole Upgrade,,TORRANCE,LOS ANGELES,90505,33.81854249,-118.360311,2026-08-10T09:00:00Z,8/10/2026 14:30,Work is in progress.,Enhancing Reliability,18,PO,44,EL NIDO,7/30/2026 14:38,2026-07-31T13:39:33,1:scheduled,2026-07-31T20:51:00Z
136312422,800552820,scheduled,ACTIVE,S,12,Pole Upgrade,,Unincorporated Area,LOS ANGELES,90290,34.1038364,-118.6308419,2026-08-01T08:00:00Z,8/1/2026 16:00,Work is in progress.,Enhancing Reliability,18,PO,35,MOORPARK,7/21/2026 16:48,2026-07-31T13:39:33,1:scheduled,2026-07-31T20:51:00Z
136328420,800554144,scheduled,ACTIVE,S,39,Pole Upgrade,,WEST COVINA,LOS ANGELES,91791,34.07070204,-117.8945607,2026-08-07T08:00:00Z,8/7/2026 16:00,Work is in progress.,Enhancing Reliability,18,PO,26,MIRA LOMA,7/25/2026 7:57,2026-07-31T13:39:33,1:scheduled,2026-07-31T20:51:00Z
136320721,800553503,scheduled,ACTIVE,S,30,Upgrading Equipment,,MONTEBELLO,LOS ANGELES,90640,34.0261416,-118.1383909,2026-08-04T07:00:00Z,8/4/2026 17:00,Work is in progress.,Enhancing Reliability,6,PO,22,MESA,7/23/2026 12:17,2026-07-31T13:39:33,1:scheduled,2026-07-31T20:51:00Z
136288541,800550929,scheduled,ACTIVE,S,113,Cable Upgrade,,WEST HOLLYWOOD,LOS ANGELES,90046,34.09716492,-118.3685656,2026-08-05T20:30:00Z,8/6/2026 5:00,Work is in progress.,Enhancing Reliability,14,PO,42,EL NIDO,7/29/2026 15:39,2026-07-31T13:39:33,1:scheduled,2026-07-31T20:51:00Z
136343038,800555164,scheduled,ACTIVE,S,32,Upgrading Equipment,,LA MIRADA,LOS ANGELES,90638,33.92175389,-118.0047115,2026-08-03T08:00:00Z,8/3/2026 14:00,Work is in progress.,Enhancing Reliability,18,PO,48,VILLA PARK,7/28/2026 13:23,2026-07-31T13:39:33,1:scheduled,2026-07-31T20:51:00Z
136322005,800553409,scheduled,ACTIVE,S,175,Pole Upgrade,,LA VERNE,LOS ANGELES,91750,34.11541977,-117.756123,2026-08-03T08:00:00Z,8/3/2026 17:00,Work is in progress.,Enhancing Reliability,18,PO,26,MIRA LOMA,7/23/2026 14:51,2026-07-31T13:39:33,1:scheduled,2026-07-31T20:51:00Z
136300584,800551988,scheduled,ACTIVE,S,6,Upgrading Equipment,,HUNTINGTON BEACH,ORANGE,92646,33.67649483,-117.979352,2026-08-03T09:00:00Z,8/3/2026 11:00,Work is in progress.,Enhancing Reliability,6,PO,33,ELLIS,7/18/2026 12:18,2026-07-31T13:39:33,1:scheduled,2026-07-31T20:51:00Z
136358304,800556385,scheduled,ACTIVE,S,16,Upgrading Equipment,,BEVERLY HILLS,LOS ANGELES,90211,34.06285484,-118.3859858,2026-08-11T09:00:00Z,8/11/2026 11:00,Work is in progress.,Enhancing Reliability,6,PO,42,EL NIDO,7/31/2026 10:52,2026-07-31T13:39:33,1:scheduled,2026-07-31T20:51:00Z
136354374,800555908,scheduled,ACTIVE,S,12,Pole Upgrade,,POMONA,LOS ANGELES,91767,34.08688077,-117.7457352,2026-08-10T08:00:00Z,8/10/2026 15:00,Work is in progress.,Enhancing Reliability,18,PO,26,MIRA LOMA,7/30/2026 16:05,2026-07-31T13:39:33,1:scheduled,2026-07-31T20:51:00Z
136317930,800553091,scheduled,ACTIVE,S,31,Transformer Upgrade,,AGOURA HILLS,LOS ANGELES,91301,34.14464177,-118.7640351,2026-08-03T21:00:00Z,8/4/2026 3:00,Work is in progress.,Enhancing Reliability,18,PO,35,MOORPARK,7/22/2026 17:15,2026-07-31T13:39:33,1:scheduled,2026-07-31T20:51:00Z
136341318,800554873,scheduled,ACTIVE,S,5,Upgrading Equipment,,ARCADIA,LOS ANGELES,91006,34.15725867,-118.0328166,2026-08-07T09:00:00Z,8/7/2026 16:00,Work is in progress.,Enhancing Reliability,6,PO,27,MESA,7/28/2026 7:15,2026-07-31T13:39:33,1:scheduled,2026-07-31T20:51:00Z
136347782,800555487,scheduled,ACTIVE,S,53,Transformer Upgrade,,LANCASTER,LOS ANGELES,93534,34.66139801,-118.1471403,2026-08-07T09:00:00Z,8/7/2026 13:00,Work is in progress.,Enhancing Reliability,6,PO,36,VINCENT,7/29/2026 10:59,2026-07-31T13:39:33,1:scheduled,2026-07-31T20:51:00Z
136352428,800555773,scheduled,ACTIVE,S,11,Upgrading Equipment,,Unincorporated Area,LOS ANGELES,91384,34.44064333,-118.6076168,2026-08-10T17:30:00Z,8/11/2026 4:30,Work is in progress.,Enhancing Reliability,18,PO,59,SAUGUS,7/30/2026 8:25,2026-07-31T13:39:33,1:scheduled,2026-07-31T20:51:00Z
136343082,800555095,scheduled,ACTIVE,S,8,Upgrading Equipment,,PARAMOUNT,LOS ANGELES,90723,33.88648121,-118.1761171,2026-08-06T09:00:00Z,8/6/2026 15:00,Work is in progress.,Enhancing Reliability,6,PO,32,LIGHTHIPE,7/28/2026 13:32,2026-07-31T13:39:33,1:scheduled,2026-07-31T20:51:00Z
136317873,800553167,scheduled,ACTIVE,S,3,Upgrading Equipment,,SANTA CLARITA,LOS ANGELES,91350,34.42685258,-118.5347947,2026-08-04T00:00:00Z,8/4/2026 4:00,Work is in progress.,Enhancing Reliability,6,PO,59,SAUGUS,7/22/2026 17:02,2026-07-31T13:39:33,1:scheduled,2026-07-31T20:51:00Z
136308499,800552433,scheduled,ACTIVE,S,17,Upgrading Equipment,,FOUNTAIN VALLEY,ORANGE,92708,33.6964226,-117.9491774,2026-08-04T12:00:00Z,8/4/2026 15:00,Work is in progress.,Enhancing Reliability,6,PO,33,ELLIS,7/20/2026 15:35,2026-07-31T13:39:33,1:scheduled,2026-07-31T20:51:00Z
136352199,800555733,scheduled,ACTIVE,S,136,Upgrading Equipment,,GLENDORA,LOS ANGELES,91741,34.13237772,-117.8588673,2026-08-06T08:00:00Z,8/6/2026 15:00,Work is in progress.,Enhancing Reliability,18,PO,26,MIRA LOMA,7/30/2026 6:52,2026-07-31T13:39:33,1:scheduled,2026-07-31T20:51:00Z
136342301,800554997,scheduled,ACTIVE,S,290,Transformer Upgrade,,LA HABRA,ORANGE,90631,33.92076995,-117.9609909,2026-08-07T08:30:00Z,8/7/2026 14:00,Work is in progress.,Enhancing Reliability,18,PO,48,VILLA PARK,7/28/2026 10:57,2026-07-31T13:39:33,1:scheduled,2026-07-31T20:51:00Z
136344200,800555264,scheduled,ACTIVE,S,32,Upgrading Equipment,,WESTMINSTER,ORANGE,92683,33.76958494,-118.0176228,2026-08-07T09:00:00Z,8/7/2026 11:00,Work is in progress.,Enhancing Reliability,6,PO,33,VILLA PARK,7/28/2026 17:11,2026-07-31T13:39:33,1:scheduled,2026-07-31T20:51:00Z
136343997,800555261,scheduled,ACTIVE,S,181,Upgrading Equipment,,PALMDALE,LOS ANGELES,93550,34.58419932,-118.1213768,2026-08-05T10:00:00Z,8/5/2026 18:30,Work is in progress.,Enhancing Reliability,6,PO,36,VINCENT,7/28/2026 16:22,2026-07-31T13:39:33,1:scheduled,2026-07-31T20:51:00Z
136252024,800548096,scheduled,ACTIVE,S,26,Upgrading Equipment,,LA HABRA,ORANGE,90631,33.9208937,-117.9432927,2026-08-02T09:00:00Z,8/2/2026 16:00,Work is in progress.,Enhancing Reliability,14,PO,48,VILLA PARK,7/15/2026 7:13,2026-07-31T13:39:33,1:scheduled,2026-07-31T20:51:00Z
136325113,800553901,scheduled,ACTIVE,S,66,Upgrading Equipment,,WEST COVINA,LOS ANGELES,91791,34.06648441,-117.8937687,2026-08-04T07:30:00Z,8/4/2026 16:00,Work is in progress.,Enhancing Reliability,18,PO,26,MIRA LOMA,7/24/2026 16:06,2026-07-31T13:39:33,1:scheduled,2026-07-31T20:51:00Z
136347158,800555410,scheduled,ACTIVE,S,120,Upgrading Equipment,,Unincorporated Area,LOS ANGELES,93591,34.58453128,-117.9580992,2026-08-06T09:00:00Z,8/6/2026 20:00,Work is in progress.,Enhancing Reliability,6,PO,36,VINCENT,7/29/2026 9:04,2026-07-31T13:39:33,1:scheduled,2026-07-31T20:51:00Z
136317837,800553188,scheduled,ACTIVE,S,2,Pole Upgrade,,Unincorporated Area,LOS ANGELES,91384,34.43062399,-118.6904507,2026-08-03T11:30:00Z,8/3/2026 13:00,Work is in progress.,Enhancing Reliability,6,PO,59,SAUGUS,7/22/2026 16:53,2026-07-31T13:39:33,1:scheduled,2026-07-31T20:51:00Z
136320310,800553422,scheduled,ACTIVE,S,2,Pole Upgrade,,Unincorporated Area,LOS ANGELES,90265,34.04566932,-118.7728852,2026-08-03T08:00:00Z,8/3/2026 14:00,Work is in progress.,Enhancing Reliability,18,PO,35,MOORPARK,7/24/2026 10:19,2026-07-31T13:39:33,1:scheduled,2026-07-31T20:51:00Z
136352384,800555846,scheduled,ACTIVE,S,55,Pole Upgrade,,WESTMINSTER,ORANGE,92683,33.76246723,-117.9872344,2026-08-05T08:30:00Z,8/5/2026 16:00,Work is in progress.,Enhancing Reliability,18,PO,33,VILLA PARK,7/30/2026 8:17,2026-07-31T13:39:33,1:scheduled,2026-07-31T20:51:00Z
136324024,800553801,scheduled,ACTIVE,S,29,Upgrading Equipment,,COMPTON,LOS ANGELES,90222,33.9105936,-118.2362153,2026-08-05T08:00:00Z,8/5/2026 15:00,Work is in progress.,Enhancing Reliability,18,PO,32,LIGHTHIPE,7/24/2026 10:49,2026-07-31T13:39:33,1:scheduled,2026-07-31T20:51:00Z
136210558,800545302,scheduled,ACTIVE,S,2,Pole Upgrade,,HUNTINGTON PARK,LOS ANGELES,90001,33.98818847,-118.2381867,2026-08-01T08:00:00Z,8/1/2026 19:00,Work is in progress.,Enhancing Reliability,14,PO,32,LIGHTHIPE,7/9/2026 13:26,2026-07-31T13:39:33,1:scheduled,2026-07-31T20:51:00Z
136336809,800554680,scheduled,ACTIVE,S,2,Upgrading Equipment,,LA MIRADA,LOS ANGELES,90638,33.90957171,-118.0111988,2026-08-06T08:00:00Z,8/6/2026 11:00,Work is in progress.,Enhancing Reliability,18,PO,48,VILLA PARK,7/27/2026 8:37,2026-07-31T13:39:33,1:scheduled,2026-07-31T20:51:00Z
136336582,800554537,scheduled,ACTIVE,S,22,Pole Upgrade,,RANCHO PALOS VERDES,LOS ANGELES,90275,33.78535609,-118.3814798,2026-08-04T08:30:00Z,8/4/2026 16:00,Work is in progress.,Enhancing Reliability,18,PO,44,EL NIDO,7/27/2026 7:47,2026-07-31T13:39:33,1:scheduled,2026-07-31T20:51:00Z
136215225,800545636,scheduled,ACTIVE,S,7,Upgrading Equipment,,LA CANADA FLINTRIDGE,LOS ANGELES,91011,34.22054297,-118.205469,2026-08-12T08:00:00Z,8/12/2026 16:00,Work is in progress.,Enhancing Reliability,20,PO,27,MESA,7/24/2026 9:55,2026-07-31T13:39:33,1:scheduled,2026-07-31T20:51:00Z
136358714,800556376,scheduled,ACTIVE,S,8,Upgrading Equipment,,BELLFLOWER,LOS ANGELES,90706,33.88391639,-118.1152731,2026-08-12T09:00:00Z,8/12/2026 15:00,Work is in progress.,Enhancing Reliability,6,PO,32,LIGHTHIPE,7/31/2026 12:11,2026-07-31T13:39:33,1:scheduled,2026-07-31T20:51:00Z
136328884,800554220,scheduled,ACTIVE,S,4,Transformer Upgrade,,RANCHO PALOS VERDES,LOS ANGELES,90275,33.78580322,-118.3743079,2026-08-07T09:30:00Z,8/7/2026 16:00,Work is in progress.,Enhancing Reliability,6,PO,44,EL NIDO,7/25/2026 10:23,2026-07-31T13:39:33,1:scheduled,2026-07-31T20:51:00Z
136261877,800548814,scheduled,ACTIVE,S,12,Pole Upgrade,,WESTMINSTER,ORANGE,92683,33.7655435,-117.984348,2026-08-06T08:00:00Z,8/6/2026 17:00,Work is in progress.,Enhancing Reliability,20,PO,33,VILLA PARK,7/20/2026 15:32,2026-07-31T13:39:33,1:scheduled,2026-07-31T20:51:00Z
136323441,800553710,scheduled,ACTIVE,S,2,Transformer Upgrade,,MALIBU,LOS ANGELES,90265,34.01038169,-118.8087911,2026-08-05T12:00:00Z,8/5/2026 15:00,Work is in progress.,Enhancing Reliability,6,PO,35,MOORPARK,7/24/2026 8:42,2026-07-31T13:39:33,1:scheduled,2026-07-31T20:51:00Z
136328339,800554105,scheduled,ACTIVE,S,11,Pole Upgrade,,HUNTINGTON BEACH,ORANGE,92647,33.73658579,-118.0203328,2026-08-06T09:00:00Z,8/6/2026 16:00,Work is in progress.,Enhancing Reliability,6,PO,33,VILLA PARK,7/25/2026 7:27,2026-07-31T13:39:33,1:scheduled,2026-07-31T20:51:00Z
136322019,800553410,scheduled,ACTIVE,S,80,Pole Upgrade,,LA MIRADA,LOS ANGELES,90638,33.90147471,-118.011048,2026-08-04T21:00:00Z,8/5/2026 3:00,Work is in progress.,Enhancing Reliability,18,PO,47,LIGHTHIPE,7/23/2026 15:04,2026-07-31T13:39:33,1:scheduled,2026-07-31T20:51:00Z
136324041,800553733,scheduled,ACTIVE,S,0,Upgrading Equipment,,LONG BEACH,LOS ANGELES,90803,33.76038526,-118.1506967,2026-08-05T13:00:00Z,8/5/2026 15:00,Work is in progress.,Enhancing Reliability,6,PO,46,LIGHTHIPE,7/24/2026 10:53,2026-07-31T13:39:33,1:scheduled,2026-07-31T20:51:00Z
136344182,800555282,scheduled,ACTIVE,S,8,Upgrading Equipment,,TUSTIN,ORANGE,92782,33.72890721,-117.7969947,2026-08-07T21:00:00Z,8/8/2026 4:30,Work is in progress.,Enhancing Reliability,6,PO,29,VILLA PARK,7/28/2026 17:05,2026-07-31T13:39:33,1:scheduled,2026-07-31T20:51:00Z
136317047,800553160,scheduled,ACTIVE,S,16,Upgrading Equipment,,LAKEWOOD,LOS ANGELES,90712,33.85671487,-118.1302985,2026-08-03T09:00:00Z,8/3/2026 15:00,Work is in progress.,Enhancing Reliability,6,PO,46,LIGHTHIPE,7/22/2026 13:26,2026-07-31T13:39:33,1:scheduled,2026-07-31T20:51:00Z
136325029,800553881,scheduled,ACTIVE,S,3,Upgrading Equipment,,LONG BEACH,LOS ANGELES,90807,33.83605212,-118.1891562,2026-08-05T23:00:00Z,8/6/2026 3:00,Work is in progress.,Enhancing Reliability,6,PO,46,LIGHTHIPE,7/24/2026 15:40,2026-07-31T13:39:33,1:scheduled,2026-07-31T20:51:00Z
136321052,800553448,scheduled,ACTIVE,S,683,Upgrading Equipment,,LAGUNA WOODS,ORANGE,92653,33.6119456,-117.7497983,2026-08-03T08:00:00Z,8/3/2026 16:00,Work is in progress.,Enhancing Reliability,18,PO,43,ELLIS,7/23/2026 14:16,2026-07-31T13:39:33,1:scheduled,2026-07-31T20:51:00Z
136328244,800553855,scheduled,ACTIVE,S,9,Upgrading Equipment,,NEWPORT BEACH,ORANGE,92625,33.5984994,-117.8595397,2026-08-05T12:30:00Z,8/5/2026 15:30,Work is in progress.,Enhancing Reliability,6,PO,33,ELLIS,7/25/2026 6:50,2026-07-31T13:39:33,1:scheduled,2026-07-31T20:51:00Z
136316938,800552996,scheduled,ACTIVE,S,22,Pole Upgrade,,FLORENCE-GRAHAM,LOS ANGELES,90001,33.97263544,-118.2509854,2026-08-03T08:00:00Z,8/3/2026 14:00,Work is in progress.,Enhancing Reliability,18,PO,32,LIGHTHIPE,7/22/2026 12:59,2026-07-31T13:39:33,1:scheduled,2026-07-31T20:51:00Z
136344245,800555284,scheduled,ACTIVE,S,169,Upgrading Equipment,,SANTA ANA,ORANGE,92706,33.7753755,-117.8713716,2026-08-08T01:00:00Z,8/8/2026 4:00,Work is in progress.,Enhancing Reliability,18,PO,29,VILLA PARK,7/28/2026 17:25,2026-07-31T13:39:33,1:scheduled,2026-07-31T20:51:00Z
136328829,800554072,scheduled,ACTIVE,S,20,Upgrading Equipment,,Unincorporated Area,LOS ANGELES,91302,34.15257476,-118.6650683,2026-08-07T08:00:00Z,8/7/2026 10:00,Work is in progress.,Enhancing Reliability,18,PO,35,MOORPARK,7/25/2026 10:00,2026-07-31T13:39:33,1:scheduled,2026-07-31T20:51:00Z
136343923,800555139,scheduled,ACTIVE,S,63,Upgrading Equipment,,TORRANCE,LOS ANGELES,90503,33.84843561,-118.3460968,2026-08-07T09:00:00Z,8/7/2026 14:00,Work is in progress.,Enhancing Reliability,6,PO,44,EL NIDO,7/28/2026 16:05,2026-07-31T13:39:33,1:scheduled,2026-07-31T20:51:00Z
136343950,800555210,scheduled,ACTIVE,S,0,Transformer Upgrade,,PALOS VERDES ESTATES,LOS ANGELES,90274,33.79104265,-118.4060172,2026-08-07T09:30:00Z,8/7/2026 15:00,Work is in progress.,Enhancing Reliability,6,PO,44,EL NIDO,7/28/2026 16:12,2026-07-31T13:39:33,1:scheduled,2026-07-31T20:51:00Z
136353174,800556000,scheduled,ACTIVE,S,3,Transformer Upgrade,,Unincorporated Area,LOS ANGELES,91355,34.44640337,-118.6336984,2026-08-08T08:00:00Z,8/8/2026 12:00,Work is in progress.,Enhancing Reliability,6,PO,59,SAUGUS,7/30/2026 10:57,2026-07-31T13:39:33,1:scheduled,2026-07-31T20:51:00Z
136328880,800554074,scheduled,ACTIVE,S,21,Upgrading Equipment,,RANCHO PALOS VERDES,LOS ANGELES,90275,33.73619225,-118.3510731,2026-08-06T09:30:00Z,8/6/2026 16:00,Work is in progress.,Enhancing Reliability,6,PO,44,EL NIDO,7/25/2026 10:21,2026-07-31T13:39:33,1:scheduled,2026-07-31T20:51:00Z
136250576,800548032,scheduled,ACTIVE,S,103,Pole Upgrade,,SAN DIMAS,LOS ANGELES,91773,34.1024412,-117.8113775,2026-08-03T20:00:00Z,8/4/2026 3:00,Work is in progress.,Enhancing Reliability,20,PO,26,MIRA LOMA,7/20/2026 12:31,2026-07-31T13:39:33,1:scheduled,2026-07-31T20:51:00Z
136322045,800553399,scheduled,ACTIVE,S,25,Upgrading Equipment,,ARCADIA,LOS ANGELES,91007,34.10996826,-118.0517336,2026-08-04T08:30:00Z,8/4/2026 12:30,Work is in progress.,Enhancing Reliability,6,PO,27,MESA,7/23/2026 15:19,2026-07-31T13:39:33,1:scheduled,2026-07-31T20:51:00Z
136349292,800555686,scheduled,ACTIVE,S,1,Pole Upgrade,,VAL VERDE,LOS ANGELES,91384,34.44791172,-118.6710681,2026-08-07T11:00:00Z,8/7/2026 12:00,Work is in progress.,Enhancing Reliability,6,PO,59,SAUGUS,7/29/2026 15:49,2026-07-31T13:39:33,1:scheduled,2026-07-31T20:51:00Z
136318033,800553153,scheduled,ACTIVE,S,165,Upgrading Equipment,,EL MONTE,LOS ANGELES,91732,34.05977133,-118.0189228,2026-08-03T21:00:00Z,8/4/2026 6:30,Work is in progress.,Enhancing Reliability,18,PO,22,MESA,7/22/2026 17:55,2026-07-31T13:39:33,1:scheduled,2026-07-31T20:51:00Z
136325442,800553944,scheduled,ACTIVE,S,4,Upgrading Equipment,,Unincorporated Area,LOS ANGELES,91301,34.1131244,-118.7746848,2026-08-06T14:30:00Z,8/6/2026 15:00,Work is in progress.,Enhancing Reliability,18,PO,35,MOORPARK,7/24/2026 17:27,2026-07-31T13:39:33,1:scheduled,2026-07-31T20:51:00Z
136240909,800547179,scheduled,ACTIVE,S,66,Upgrading Equipment,,CLAREMONT,LOS ANGELES,91711,34.09250572,-117.7058495,2026-08-06T08:00:00Z,8/6/2026 13:00,Work is in progress.,Enhancing Reliability,20,PO,26,MIRA LOMA,7/14/2026 13:03,2026-07-31T13:39:33,1:scheduled,2026-07-31T20:51:00Z
136328723,800554051,scheduled,ACTIVE,S,4,Upgrading Equipment,,NEWPORT BEACH,ORANGE,92660,33.61587759,-117.8682633,2026-08-06T01:30:00Z,8/6/2026 7:00,Work is in progress.,Enhancing Reliability,6,PO,33,ELLIS,7/25/2026 9:30,2026-07-31T13:39:33,1:scheduled,2026-07-31T20:51:00Z
136328525,800554069,scheduled,ACTIVE,S,3,Upgrading Equipment,,WEST COVINA,LOS ANGELES,91790,34.0922105,-117.9415812,2026-08-07T18:30:00Z,8/8/2026 6:00,Work is in progress.,Enhancing Reliability,6,PO,26,MIRA LOMA,7/25/2026 8:24,2026-07-31T13:39:33,1:scheduled,2026-07-31T20:51:00Z
136328871,800554139,scheduled,ACTIVE,S,11,Upgrading Equipment,,RANCHO PALOS VERDES,LOS ANGELES,90275,33.78385249,-118.3703259,2026-08-06T09:30:00Z,8/6/2026 17:00,Work is in progress.,Enhancing Reliability,6,PO,44,EL NIDO,7/25/2026 10:18,2026-07-31T13:39:33,1:scheduled,2026-07-31T20:51:00Z
136352743,800555880,scheduled,ACTIVE,S,93,Pole Upgrade,,AVALON,LOS ANGELES,90704,33.34537318,-118.3287448,2026-08-11T08:00:00Z,8/11/2026 16:00,Work is in progress.,Enhancing Reliability,6,PO,,CATALINA,7/30/2026 9:22,2026-07-31T13:39:33,1:scheduled,2026-07-31T20:51:00Z
136320980,800553392,scheduled,ACTIVE,S,9,Upgrading Equipment,,ARTESIA,LOS ANGELES,90701,33.85805747,-118.0773066,2026-08-03T21:00:00Z,8/4/2026 1:00,Work is in progress.,Enhancing Reliability,6,PO,46,LIGHTHIPE,7/23/2026 13:41,2026-07-31T13:39:33,1:scheduled,2026-07-31T20:51:00Z
136347543,800555485,scheduled,ACTIVE,S,52,Upgrading Equipment,,LANCASTER,LOS ANGELES,93535,34.65274199,-118.1141508,2026-08-03T22:00:00Z,8/4/2026 4:00,Work is in progress.,Enhancing Reliability,6,PO,36,VINCENT,7/29/2026 10:10,2026-07-31T13:39:33,1:scheduled,2026-07-31T20:51:00Z
136357798,800556275,scheduled,ACTIVE,S,203,Upgrading Equipment,,AGOURA HILLS,LOS ANGELES,91301,34.14423758,-118.794676,2026-08-12T00:30:00Z,8/12/2026 6:00,Work is in progress.,Enhancing Reliability,6,PO,35,MOORPARK,7/31/2026 9:29,2026-07-31T13:39:33,1:scheduled,2026-07-31T20:51:00Z
136328164,800553974,scheduled,ACTIVE,S,60,Upgrading Equipment,,LOS ALAMITOS,ORANGE,90720,33.79085931,-118.0706217,2026-08-07T09:00:00Z,8/7/2026 16:00,Work is in progress.,Enhancing Reliability,6,PO,46,LIGHTHIPE,7/25/2026 5:24,2026-07-31T13:39:33,1:scheduled,2026-07-31T20:51:00Z
136328235,800554027,scheduled,ACTIVE,S,71,Upgrading Equipment,,Unincorporated Area,LOS ANGELES,91107,34.13891313,-118.107844,2026-08-06T08:30:00Z,8/6/2026 16:00,Work is in progress.,Enhancing Reliability,18,PO,27,MESA,7/25/2026 6:36,2026-07-31T13:39:33,1:scheduled,2026-07-31T20:51:00Z
136325359,800553836,scheduled,ACTIVE,S,12,Upgrading Equipment,,Unincorporated Area,LOS ANGELES,93543,34.57093481,-117.9232375,2026-08-04T09:00:00Z,8/4/2026 18:30,Work is in progress.,Enhancing Reliability,6,PO,36,VINCENT,7/24/2026 17:06,2026-07-31T13:39:33,1:scheduled,2026-07-31T20:51:00Z
136337666,800554722,scheduled,ACTIVE,S,28,Transformer Upgrade,,CULVER CITY,LOS ANGELES,90232,34.01224685,-118.3978082,2026-08-04T09:00:00Z,8/4/2026 14:00,Work is in progress.,Enhancing Reliability,6,PO,42,EL NIDO,7/27/2026 10:18,2026-07-31T13:39:33,1:scheduled,2026-07-31T20:51:00Z
136354621,800556057,scheduled,ACTIVE,S,61,Upgrading Equipment,,LONG BEACH,LOS ANGELES,90806,33.80565224,-118.1876829,2026-08-11T03:00:00Z,8/11/2026 6:00,Work is in progress.,Enhancing Reliability,6,PO,46,LIGHTHIPE,7/30/2026 17:17,2026-07-31T13:39:33,1:scheduled,2026-07-31T20:51:00Z
136341738,800555082,scheduled,ACTIVE,S,7,Upgrading Equipment,,SIERRA MADRE,LOS ANGELES,91024,34.16817273,-118.0460868,2026-08-11T08:00:00Z,8/11/2026 9:00,Work is in progress.,Enhancing Reliability,18,PO,27,MESA,7/28/2026 9:01,2026-07-31T13:39:33,1:scheduled,2026-07-31T20:51:00Z
136349318,800555552,scheduled,ACTIVE,S,7,Upgrading Equipment,,WILLOWBROOK,LOS ANGELES,90059,33.91386274,-118.2647869,2026-08-07T22:00:00Z,8/8/2026 6:00,Work is in progress.,Enhancing Reliability,18,PO,32,LIGHTHIPE,7/29/2026 15:57,2026-07-31T13:39:33,1:scheduled,2026-07-31T20:51:00Z
136352855,800555798,scheduled,ACTIVE,S,1,Cable Upgrade,,SANTA ANA,ORANGE,92706,33.76888369,-117.8843268,2026-08-10T09:00:00Z,8/10/2026 14:00,Work is in progress.,Enhancing Reliability,6,PO,29,ELLIS,7/30/2026 9:52,2026-07-31T13:39:33,1:scheduled,2026-07-31T20:51:00Z
136337919,800554705,scheduled,ACTIVE,S,16,Upgrading Equipment,,HAWTHORNE,LOS ANGELES,90250,33.92968705,-118.3517912,2026-08-04T21:00:00Z,8/5/2026 6:00,Work is in progress.,Enhancing Reliability,6,PO,44,EL NIDO,7/27/2026 11:18,2026-07-31T13:39:33,1:scheduled,2026-07-31T20:51:00Z
136321086,800553545,scheduled,ACTIVE,S,71,Upgrading Equipment,,LONG BEACH,LOS ANGELES,90803,33.761305,-118.1324824,2026-08-04T09:15:00Z,8/4/2026 13:00,Work is in progress.,Enhancing Reliability,6,PO,46,LIGHTHIPE,7/23/2026 14:29,2026-07-31T13:39:33,1:scheduled,2026-07-31T20:51:00Z
136349165,800555572,scheduled,ACTIVE,S,1,Pole Upgrade,,Unincorporated Area,LOS ANGELES,91384,34.43258979,-118.6963066,2026-08-07T09:00:00Z,8/7/2026 10:00,Work is in progress.,Enhancing Reliability,6,PO,59,SAUGUS,7/29/2026 15:20,2026-07-31T13:39:33,1:scheduled,2026-07-31T20:51:00Z
136342548,800555111,scheduled,ACTIVE,S,13,Pole Upgrade,,LANCASTER,LOS ANGELES,93536,34.67755125,-118.178455,2026-08-04T09:00:00Z,8/4/2026 18:30,Work is in progress.,Enhancing Reliability,6,PO,36,VINCENT,7/28/2026 11:47,2026-07-31T13:39:33,1:scheduled,2026-07-31T20:51:00Z
136349263,800555597,scheduled,ACTIVE,S,271,Upgrading Equipment,,WILLOWBROOK,LOS ANGELES,90059,33.92167968,-118.2694709,2026-08-07T22:00:00Z,8/7/2026 23:00,Work is in progress.,Enhancing Reliability,18,PO,32,LIGHTHIPE,7/29/2026 15:42,2026-07-31T13:39:33,1:scheduled,2026-07-31T20:51:00Z
136352302,800555715,scheduled,ACTIVE,S,103,Upgrading Equipment,,ALHAMBRA,LOS ANGELES,91801,34.10675953,-118.1324577,2026-08-11T08:00:00Z,8/11/2026 16:00,Work is in progress.,Enhancing Reliability,18,PO,22,MESA,7/30/2026 7:51,2026-07-31T13:39:33,1:scheduled,2026-07-31T20:51:00Z
136325330,800553867,scheduled,ACTIVE,S,1,Pole Upgrade,,LOS ANGELES,LOS ANGELES,91311,34.27711414,-118.6068765,2026-08-06T09:00:00Z,8/6/2026 13:00,Work is in progress.,Enhancing Reliability,6,PO,,,7/24/2026 16:58,2026-07-31T13:39:33,1:scheduled,2026-07-31T20:51:00Z
136349509,800555693,scheduled,ACTIVE,S,6,Pole Upgrade,,LA VERNE,LOS ANGELES,91750,34.10287859,-117.7626249,2026-08-04T17:00:00Z,8/4/2026 21:00,Work is in progress.,Enhancing Reliability,6,PO,26,MIRA LOMA,7/29/2026 16:58,2026-07-31T13:39:33,1:scheduled,2026-07-31T20:51:00Z
136337972,800554707,scheduled,ACTIVE,S,15,Pole Upgrade,,TORRANCE,LOS ANGELES,90504,33.85885452,-118.3318755,2026-08-05T08:30:00Z,8/5/2026 14:30,Work is in progress.,Enhancing Reliability,18,PO,44,EL NIDO,7/27/2026 11:35,2026-07-31T13:39:33,1:scheduled,2026-07-31T20:51:00Z
136347767,800555356,scheduled,ACTIVE,S,85,Upgrading Equipment,,SIERRA MADRE,LOS ANGELES,91024,34.16932992,-118.0447878,2026-08-11T09:00:00Z,8/11/2026 19:00,Work is in progress.,Enhancing Reliability,6,PO,27,MESA,7/29/2026 10:49,2026-07-31T13:39:33,1:scheduled,2026-07-31T20:51:00Z
136347573,800555524,scheduled,ACTIVE,S,63,Upgrading Equipment,,MONROVIA,LOS ANGELES,91016,34.12825972,-118.0036399,2026-08-10T08:00:00Z,8/10/2026 16:00,Work is in progress.,Enhancing Reliability,18,PO,27,MESA,7/29/2026 10:11,2026-07-31T13:39:33,1:scheduled,2026-07-31T20:51:00Z
136354687,800556128,scheduled,ACTIVE,S,300,Upgrading Equipment,,LONG BEACH,LOS ANGELES,90804,33.79357858,-118.1491087,2026-08-11T09:15:00Z,8/11/2026 13:00,Work is in progress.,Enhancing Reliability,6,PO,46,LIGHTHIPE,7/30/2026 17:44,2026-07-31T13:39:33,1:scheduled,2026-07-31T20:51:00Z
136299520,800551850,scheduled,ACTIVE,S,58,Upgrading Equipment,,WHITTIER,LOS ANGELES,90606,33.98576565,-118.0667289,2026-08-01T09:30:00Z,8/1/2026 17:00,Work is in progress.,Enhancing Reliability,6,PO,22,MESA,7/18/2026 8:09,2026-07-31T13:39:33,1:scheduled,2026-07-31T20:51:00Z
136354662,800556127,scheduled,ACTIVE,S,12,Upgrading Equipment,,LAKEWOOD,LOS ANGELES,90712,33.85688287,-118.1294064,2026-08-11T09:00:00Z,8/11/2026 15:00,Work is in progress.,Enhancing Reliability,6,PO,46,LIGHTHIPE,7/30/2026 17:31,2026-07-31T13:39:33,1:scheduled,2026-07-31T20:51:00Z
136328473,800554165,scheduled,ACTIVE,S,3,Upgrading Equipment,,ALTADENA,LOS ANGELES,91001,34.19163422,-118.1220476,2026-08-07T09:00:00Z,8/7/2026 14:00,Work is in progress.,Enhancing Reliability,6,PO,27,MESA,7/25/2026 8:16,2026-07-31T13:39:33,1:scheduled,2026-07-31T20:51:00Z
136317857,800553189,scheduled,ACTIVE,S,1,Upgrading Equipment,,Unincorporated Area,LOS ANGELES,91384,34.43817543,-118.6905556,2026-08-03T10:00:00Z,8/3/2026 11:30,Work is in progress.,Enhancing Reliability,6,PO,59,SAUGUS,7/22/2026 16:59,2026-07-31T13:39:33,1:scheduled,2026-07-31T20:51:00Z
136354056,800556009,scheduled,ACTIVE,S,14,Upgrading Equipment,,TORRANCE,LOS ANGELES,90503,33.85356397,-118.3662394,2026-08-10T09:00:00Z,8/10/2026 13:00,Work is in progress.,Enhancing Reliability,6,PO,44,EL NIDO,7/30/2026 14:45,2026-07-31T13:39:33,1:scheduled,2026-07-31T20:51:00Z
136349787,800555556,scheduled,ACTIVE,S,95,Upgrading Equipment,,SOUTH EL MONTE,LOS ANGELES,91733,34.0497875,-118.0515204,2026-08-06T22:00:00Z,8/7/2026 6:30,Work is in progress.,Enhancing Reliability,18,PO,22,MESA,7/29/2026 18:27,2026-07-31T13:39:33,1:scheduled,2026-07-31T20:51:00Z
136343167,800555220,scheduled,ACTIVE,S,97,Upgrading Equipment,,FLORENCE-GRAHAM,LOS ANGELES,90001,33.97111054,-118.2544791,2026-08-06T08:00:00Z,8/6/2026 16:00,Work is in progress.,Enhancing Reliability,18,PO,32,LIGHTHIPE,7/28/2026 13:58,2026-07-31T13:39:33,1:scheduled,2026-07-31T20:51:00Z
136359033,800556394,scheduled,ACTIVE,S,41,Upgrading Equipment,,WILLOWBROOK,LOS ANGELES,90061,33.91818667,-118.2724499,2026-08-06T08:00:00Z,8/6/2026 17:00,Work is in progress.,Enhancing Reliability,6,PO,32,LIGHTHIPE,7/31/2026 13:26,2026-07-31T13:39:33,1:scheduled,2026-07-31T20:51:00Z
136312021,800552766,scheduled,ACTIVE,S,7,Upgrading Equipment,,MONTEREY PARK,LOS ANGELES,91755,34.05908053,-118.1125244,2026-08-03T13:00:00Z,8/3/2026 15:00,Work is in progress.,Enhancing Reliability,18,PO,22,MESA,7/21/2026 14:39,2026-07-31T13:39:33,1:scheduled,2026-07-31T20:51:00Z
136337397,800554741,scheduled,ACTIVE,S,75,Upgrading Equipment,,CULVER CITY,LOS ANGELES,90232,34.01817581,-118.389682,2026-08-04T09:00:00Z,8/4/2026 16:00,Work is in progress.,Enhancing Reliability,6,PO,42,EL NIDO,7/27/2026 10:07,2026-07-31T13:39:33,1:scheduled,2026-07-31T20:51:00Z
136328199,800553853,scheduled,ACTIVE,S,1,Upgrading Equipment,,Unincorporated Area,LOS ANGELES,93563,34.20541916,-117.8567034,2026-08-03T09:00:00Z,8/3/2026 16:30,Work is in progress.,Enhancing Reliability,6,PO,27,MESA,7/25/2026 5:59,2026-07-31T13:39:33,1:scheduled,2026-07-31T20:51:00Z
136306249,800552238,scheduled,ACTIVE,S,21,Upgrading Equipment,,TORRANCE,LOS ANGELES,90505,33.82477826,-118.3496501,2026-07-31T21:00:00Z,8/1/2026 7:00,Work is in progress.,Enhancing Reliability,6,PO,44,EL NIDO,7/20/2026 6:29,2026-07-31T13:39:33,1:scheduled,2026-07-31T20:51:00Z
136307715,800552406,scheduled,ACTIVE,S,83,Transformer Upgrade,,CALABASAS,LOS ANGELES,91302,34.13881158,-118.7045132,2026-08-01T08:00:00Z,8/1/2026 12:00,Work is in progress.,Enhancing Reliability,18,PO,35,MOORPARK,7/20/2026 12:55,2026-07-31T13:39:33,1:scheduled,2026-07-31T20:51:00Z
136328170,800554006,scheduled,ACTIVE,S,15,Upgrading Equipment,,CERRITOS,LOS ANGELES,90703,33.88666881,-118.066159,2026-08-07T09:00:00Z,8/7/2026 15:00,Work is in progress.,Enhancing Reliability,6,PO,46,LIGHTHIPE,7/25/2026 5:28,2026-07-31T13:39:33,1:scheduled,2026-07-31T20:51:00Z
136323433,800553612,scheduled,ACTIVE,S,255,Upgrading Equipment,,SANTA ANA,ORANGE,92703,33.73575468,-117.8885351,2026-08-04T22:00:00Z,8/5/2026 4:30,Work is in progress.,Enhancing Reliability,6,PO,29,ELLIS,7/24/2026 8:41,2026-07-31T13:39:33,1:scheduled,2026-07-31T20:51:00Z
