outage_id,oan_no,feed,status,outage_type,customers_affected,cause,circuit_name,city,county,zip,latitude,longitude,start_time_utc,etr,crew_status,result,problem_code,incident_type,district_no,sector_no,last_change,publish_date,source_layer,retrieved_utc
136355552,800556222,active,ACTIVE,,221,Equipment Problems,,STANTON,ORANGE,90680,33.79734117876056,-117.98983097121433,2026-07-30T23:31:16Z,07/31/2026 04:00:00 AM,Work is in progress.,Not Available,01,QI,48,VILLA PARK,07/31/2026 01:14:07 AM,2026-07-31T01:17:29,0:active,2026-07-31T08:22:44Z
136355191,800556189,active,ACTIVE,,106,Equipment Problems,,NEWPORT BEACH,ORANGE,92661,33.60449232798635,-117.90753171315346,2026-07-30T19:01:40Z,07/31/2026 05:00:00 AM,Work is in progress.,Not Available,01,QI,33,ELLIS,07/31/2026 01:11:21 AM,2026-07-31T01:17:30,0:active,2026-07-31T08:22:44Z
136355514,800556134,active,ACTIVE,,3,Equipment Problems,,IRVINE,ORANGE,92614,33.68555625867463,-117.856350918493,2026-07-30T23:02:04Z,07/31/2026 06:00:00 AM,Work is in progress.,Not Available,01,QI,43,ELLIS,07/30/2026 11:10:54 PM,2026-07-31T01:17:30,0:active,2026-07-31T08:22:44Z
136355562,800556193,active,ACTIVE,,89,Traffic Accident,,SANTA ANA,ORANGE,92703,33.74732072833402,-117.8949301140085,2026-07-30T23:41:52Z,Most up by 07/31/2026 08:00:00 AM,We have identified the problem and are working to restore your service.,Power Poles and Lines Down,01,Not Available,29,ELLIS,07/31/2026 12:15:11 AM,2026-07-31T01:17:30,0:active,2026-07-31T08:22:44Z
136323299,800553649,active,ACTIVE,,2,Upgrading Equipment,,TUSTIN,ORANGE,92780,33.719871454682185,-117.83889291014108,2026-07-30T20:00:00Z,07/31/2026 03:30:00 AM,Work is in progress.,Enhancing Reliability,06,PO,29,ELLIS,07/30/2026 08:47:28 PM,2026-07-31T01:17:30,0:active,2026-07-31T08:22:44Z
136300574,800552051,active,ACTIVE,,16,Upgrading Equipment,,TUSTIN,ORANGE,92782,33.72411826090315,-117.79502101165144,2026-07-30T21:06:05Z,07/31/2026 03:30:00 AM,Work is in progress.,Enhancing Reliability,18,PO,29,VILLA PARK,07/30/2026 09:10:16 PM,2026-07-31T01:17:30,0:active,2026-07-31T08:22:44Z
136355042,800556092,active,ACTIVE,,147,Equipment Problems,,TUSTIN,ORANGE,92782,33.731137031355516,-117.80241653685673,2026-07-30T19:31:20Z,Most up by 07/31/2026 10:15:00 AM,We have identified the problem and are working to restore your service.,Not Available,01,Not Available,29,VILLA PARK,07/30/2026 11:59:37 PM,2026-07-31T01:17:30,0:active,2026-07-31T08:22:44Z
136328621,800554131,scheduled,ACTIVE,S,85,Pole Upgrade,,GARDEN GROVE,ORANGE,92845,33.79046523974237,-118.02373298579515,2026-08-05T08:00:00Z,08/05/2026 03:00:00 PM,Work is in progress.,Enhancing Reliability,18,PO,29,VILLA PARK,07/25/2026 09:00:55 AM,2026-07-31T01:17:28,1:scheduled,2026-07-31T08:22:44Z
136349614,800555694,scheduled,ACTIVE,S,3,Upgrading Equipment,,COSTA MESA,ORANGE,92626,33.67372071069094,-117.87769470459074,2026-08-09T09:00:00Z,08/09/2026 02:00:00 PM,Work is in progress.,Enhancing Reliability,06,PO,33,ELLIS,07/29/2026 05:14:57 PM,2026-07-31T01:17:28,1:scheduled,2026-07-31T08:22:44Z
136338444,800554634,scheduled,ACTIVE,S,2,Upgrading Equipment,,BUENA PARK,ORANGE,90620,33.844417238492426,-118.02877105052218,2026-08-06T08:00:00Z,08/06/2026 06:30:00 PM,Work is in progress.,Enhancing Reliability,06,PO,48,VILLA PARK,07/27/2026 01:18:15 PM,2026-07-31T01:17:29,1:scheduled,2026-07-31T08:22:44Z
136242596,800547299,scheduled,ACTIVE,S,19,Upgrading Equipment,,WESTMINSTER,ORANGE,92683,33.771567700429756,-118.03849159175257,2026-07-31T12:00:00Z,07/31/2026 03:00:00 PM,Work is in progress.,Enhancing Reliability,14,PO,33,VILLA PARK,07/15/2026 08:35:41 AM,2026-07-31T01:17:29,1:scheduled,2026-07-31T08:22:44Z
136299596,800551797,scheduled,ACTIVE,S,12,Pole Upgrade,,WESTMINSTER,ORANGE,92683,33.76554349784408,-117.9843480023681,2026-07-31T08:00:00Z,07/31/2026 02:00:00 PM,Work is in progress.,Enhancing Reliability,18,PO,33,VILLA PARK,07/18/2026 08:35:19 AM,2026-07-31T01:17:29,1:scheduled,2026-07-31T08:22:44Z
136325466,800553838,scheduled,ACTIVE,S,82,Pole Upgrade,,CYPRESS,ORANGE,90630,33.80789051663639,-118.0121504382034,2026-08-04T09:00:00Z,08/04/2026 05:00:00 PM,Work is in progress.,Enhancing Reliability,06,PO,48,VILLA PARK,07/24/2026 05:34:48 PM,2026-07-31T01:17:29,1:scheduled,2026-07-31T08:22:44Z
136349634,800555555,scheduled,ACTIVE,S,683,Cable Upgrade,,LAGUNA WOODS,ORANGE,92653,33.611945597099144,-117.74979828951963,2026-08-10T08:00:00Z,08/10/2026 04:00:00 PM,Work is in progress.,Enhancing Reliability,18,PO,43,ELLIS,07/29/2026 05:27:11 PM,2026-07-31T01:17:29,1:scheduled,2026-07-31T08:22:44Z
136342059,800554995,scheduled,ACTIVE,S,40,Transformer Upgrade,,LA HABRA,ORANGE,90631,33.91164040097648,-117.95636194010892,2026-08-06T12:00:00Z,08/06/2026 03:30:00 PM,Work is in progress.,Enhancing Reliability,18,PO,48,VILLA PARK,07/28/2026 10:03:37 AM,2026-07-31T01:17:29,1:scheduled,2026-07-31T08:22:44Z
136349334,800555649,scheduled,ACTIVE,S,50,Transformer Upgrade,,SEAL BEACH,ORANGE,90740,33.767011407533914,-118.08291207880981,2026-08-10T09:00:00Z,08/10/2026 03:00:00 PM,Work is in progress.,Enhancing Reliability,06,PO,46,LIGHTHIPE,07/29/2026 04:02:37 PM,2026-07-31T01:17:29,1:scheduled,2026-07-31T08:22:44Z
136328219,800553998,scheduled,ACTIVE,S,14,Upgrading Equipment,,WESTMINSTER,ORANGE,92683,33.739953083000664,-118.0056591850109,2026-08-04T12:30:00Z,08/04/2026 03:00:00 PM,Work is in progress.,Enhancing Reliability,06,PO,33,VILLA PARK,07/25/2026 06:24:54 AM,2026-07-31T01:17:29,1:scheduled,2026-07-31T08:22:44Z
136344209,800555175,scheduled,ACTIVE,S,422,Upgrading Equipment,,YORBA LINDA,ORANGE,92886,33.90556745773305,-117.82947551169154,2026-08-07T09:00:00Z,08/07/2026 04:00:00 PM,Work is in progress.,Enhancing Reliability,06,PO,48,VILLA PARK,07/28/2026 05:14:40 PM,2026-07-31T01:17:29,1:scheduled,2026-07-31T08:22:44Z
136344160,800555188,scheduled,ACTIVE,S,2,Transformer Upgrade,,YORBA LINDA,ORANGE,92886,33.89010941744791,-117.81317064102544,2026-08-07T21:00:00Z,08/08/2026 01:00:00 AM,Work is in progress.,Enhancing Reliability,18,PO,48,VILLA PARK,07/28/2026 05:00:51 PM,2026-07-31T01:17:29,1:scheduled,2026-07-31T08:22:44Z
136299651,800551926,scheduled,ACTIVE,S,0,Transformer Upgrade,,FULLERTON,ORANGE,92831,33.859515074077976,-117.89506923699487,2026-07-31T09:00:00Z,07/31/2026 04:00:00 PM,Work is in progress.,Enhancing Reliability,06,PO,48,VILLA PARK,07/18/2026 08:50:14 AM,2026-07-31T01:17:29,1:scheduled,2026-07-31T08:22:44Z
136341822,800555067,scheduled,ACTIVE,S,260,Pole Upgrade,,BUENA PARK,ORANGE,90621,33.863173367163085,-118.00968912349519,2026-08-06T09:00:00Z,08/06/2026 05:00:00 PM,Work is in progress.,Enhancing Reliability,06,PO,48,VILLA PARK,07/28/2026 09:22:49 AM,2026-07-31T01:17:29,1:scheduled,2026-07-31T08:22:44Z
136299635,800551831,scheduled,ACTIVE,S,6,Upgrading Equipment,,TUSTIN FOOTHILLS,ORANGE,92780,33.75130155655582,-117.8133188154366,2026-07-31T08:00:00Z,07/31/2026 11:00:00 AM,Work is in progress.,Enhancing Reliability,18,PO,29,VILLA PARK,07/18/2026 08:45:13 AM,2026-07-31T01:17:29,1:scheduled,2026-07-31T08:22:44Z
136321088,800553546,scheduled,ACTIVE,S,37,Upgrading Equipment,,NEWPORT BEACH,ORANGE,92660,33.62521740647028,-117.90241094952137,2026-08-03T09:00:00Z,08/03/2026 01:00:00 PM,Work is in progress.,Enhancing Reliability,06,PO,33,ELLIS,07/23/2026 02:39:40 PM,2026-07-31T01:17:29,1:scheduled,2026-07-31T08:22:44Z
136325450,800553945,scheduled,ACTIVE,S,255,Pole Upgrade,,SANTA ANA,ORANGE,92703,33.73575467708588,-117.88853505511156,2026-08-04T08:00:00Z,08/04/2026 04:00:00 PM,Work is in progress.,Enhancing Reliability,18,PO,29,ELLIS,07/24/2026 05:30:21 PM,2026-07-31T01:17:29,1:scheduled,2026-07-31T08:22:44Z
136320896,800553505,scheduled,ACTIVE,S,0,Upgrading Equipment,,WESTMINSTER,ORANGE,92683,33.749448618087676,-117.99983447996259,2026-08-02T09:00:00Z,08/02/2026 02:00:00 PM,Work is in progress.,Enhancing Reliability,06,PO,33,VILLA PARK,07/23/2026 01:07:58 PM,2026-07-31T01:17:29,1:scheduled,2026-07-31T08:22:44Z
136312619,800552685,scheduled,ACTIVE,S,101,Upgrading Equipment,,GARDEN GROVE,ORANGE,92845,33.78216508806161,-118.03881183306652,2026-07-31T08:00:00Z,07/31/2026 04:00:00 PM,Work is in progress.,Enhancing Reliability,18,PO,29,VILLA PARK,07/21/2026 06:02:42 PM,2026-07-31T01:17:29,1:scheduled,2026-07-31T08:22:44Z
136323256,800553724,scheduled,ACTIVE,S,2,Upgrading Equipment,,GARDEN GROVE,ORANGE,92841,33.78998494280542,-118.00362214640799,2026-08-03T21:00:00Z,08/04/2026 02:00:00 AM,Work is in progress.,Enhancing Reliability,18,PO,29,VILLA PARK,07/24/2026 08:01:44 AM,2026-07-31T01:17:29,1:scheduled,2026-07-31T08:22:44Z
136299764,800551857,scheduled,ACTIVE,S,140,Transformer Upgrade,,SANTA ANA,ORANGE,92707,33.70141981640157,-117.86952971395411,2026-07-31T15:00:00Z,07/31/2026 07:00:00 PM,Work is in progress.,Enhancing Reliability,18,PO,29,ELLIS,07/18/2026 09:16:26 AM,2026-07-31T01:17:29,1:scheduled,2026-07-31T08:22:44Z
136328278,800554104,scheduled,ACTIVE,S,14,Upgrading Equipment,,FOUNTAIN VALLEY,ORANGE,92708,33.72696062563959,-117.93293490337513,2026-08-05T12:30:00Z,08/05/2026 03:00:00 PM,Work is in progress.,Enhancing Reliability,06,PO,33,ELLIS,07/25/2026 07:15:24 AM,2026-07-31T01:17:29,1:scheduled,2026-07-31T08:22:44Z
136343941,800555229,scheduled,ACTIVE,S,18,Upgrading Equipment,,FOUNTAIN VALLEY,ORANGE,92708,33.71635934366413,-117.97090804868756,2026-08-07T01:00:00Z,08/07/2026 06:30:00 AM,Work is in progress.,Enhancing Reliability,06,PO,33,ELLIS,07/28/2026 04:10:03 PM,2026-07-31T01:17:29,1:scheduled,2026-07-31T08:22:44Z
136300596,800551967,scheduled,ACTIVE,S,154,Upgrading Equipment,,HUNTINGTON BEACH,ORANGE,92646,33.66020883706171,-117.98387145778797,2026-08-03T09:00:00Z,08/03/2026 03:00:00 PM,Work is in progress.,Enhancing Reliability,06,PO,33,ELLIS,07/18/2026 12:22:20 PM,2026-07-31T01:17:29,1:scheduled,2026-07-31T08:22:44Z
136325479,800553946,scheduled,ACTIVE,S,21,Upgrading Equipment,,SANTA ANA,ORANGE,92704,33.71986341946297,-117.90632149831112,2026-08-04T09:00:00Z,08/04/2026 04:00:00 PM,Work is in progress.,Enhancing Reliability,06,PO,29,ELLIS,07/24/2026 05:37:48 PM,2026-07-31T01:17:29,1:scheduled,2026-07-31T08:22:44Z
136328682,800554187,scheduled,ACTIVE,S,1,Transformer Upgrade,,IRVINE,ORANGE,92618,33.66578857424019,-117.78764009484934,2026-08-05T13:00:00Z,08/05/2026 03:30:00 PM,Work is in progress.,Enhancing Reliability,18,PO,43,ELLIS,07/25/2026 09:16:04 AM,2026-07-31T01:17:29,1:scheduled,2026-07-31T08:22:44Z
136328262,800554029,scheduled,ACTIVE,S,7,Upgrading Equipment,,NEWPORT BEACH,ORANGE,92660,33.624375507748,-117.86575921521208,2026-08-05T12:30:00Z,08/05/2026 03:30:00 PM,Work is in progress.,Enhancing Reliability,06,PO,33,ELLIS,07/25/2026 07:02:21 AM,2026-07-31T01:17:29,1:scheduled,2026-07-31T08:22:44Z
136328225,800554063,scheduled,ACTIVE,S,23,Transformer Upgrade,,PLACENTIA,ORANGE,92870,33.86854751212615,-117.83149968462294,2026-08-05T08:00:00Z,08/05/2026 11:00:00 AM,Work is in progress.,Enhancing Reliability,18,PO,48,VILLA PARK,07/25/2026 06:38:29 AM,2026-07-31T01:17:29,1:scheduled,2026-07-31T08:22:44Z
136299776,800551892,scheduled,ACTIVE,S,2,Upgrading Equipment,,IRVINE,ORANGE,92614,33.69546016531424,-117.86171221951717,2026-08-01T08:00:00Z,08/01/2026 03:00:00 PM,Work is in progress.,Enhancing Reliability,06,PO,43,ELLIS,07/18/2026 09:19:22 AM,2026-07-31T01:17:29,1:scheduled,2026-07-31T08:22:44Z
136323196,800553592,scheduled,ACTIVE,S,5,Upgrading Equipment,,ORANGE,ORANGE,92868,33.78535590141055,-117.88948426534641,2026-08-03T19:30:00Z,08/03/2026 10:30:00 PM,Work is in progress.,Enhancing Reliability,06,PO,29,VILLA PARK,07/24/2026 07:23:04 AM,2026-07-31T01:17:29,1:scheduled,2026-07-31T08:22:44Z
136344234,800555190,scheduled,ACTIVE,S,26,Transformer Upgrade,,HUNTINGTON BEACH,ORANGE,92649,33.71257129896257,-118.04486712846176,2026-08-07T09:00:00Z,08/07/2026 01:00:00 PM,Work is in progress.,Enhancing Reliability,06,PO,33,VILLA PARK,07/28/2026 05:21:35 PM,2026-07-31T01:17:29,1:scheduled,2026-07-31T08:22:44Z
136299606,800551911,scheduled,ACTIVE,S,41,Pole Upgrade,,SANTA ANA,ORANGE,92701,33.743012266353944,-117.86562216733401,2026-07-31T08:00:00Z,07/31/2026 03:00:00 PM,Work is in progress.,Enhancing Reliability,18,PO,29,VILLA PARK,07/18/2026 08:38:38 AM,2026-07-31T01:17:29,1:scheduled,2026-07-31T08:22:44Z
136353384,800555945,scheduled,ACTIVE,S,1,Upgrading Equipment,,FULLERTON,ORANGE,92833,33.888107206510846,-117.9425668886848,2026-08-10T09:00:00Z,08/10/2026 04:00:00 PM,Work is in progress.,Enhancing Reliability,06,PO,48,VILLA PARK,07/30/2026 12:00:30 PM,2026-07-31T01:17:29,1:scheduled,2026-07-31T08:22:44Z
136312665,800552686,scheduled,ACTIVE,S,104,Cable Upgrade,,BUENA PARK,ORANGE,90620,33.83989924092641,-117.99520550352433,2026-07-31T23:00:00Z,08/01/2026 06:30:00 AM,Work is in progress.,Enhancing Reliability,18,PO,48,VILLA PARK,07/21/2026 06:22:54 PM,2026-07-31T01:17:29,1:scheduled,2026-07-31T08:22:44Z
136328212,800554009,scheduled,ACTIVE,S,11,Upgrading Equipment,,NEWPORT BEACH,ORANGE,92625,33.60526308124897,-117.87043538464377,2026-08-04T12:30:00Z,08/04/2026 03:30:00 PM,Work is in progress.,Enhancing Reliability,06,PO,33,ELLIS,07/25/2026 06:14:34 AM,2026-07-31T01:17:29,1:scheduled,2026-07-31T08:22:44Z
136344144,800555212,scheduled,ACTIVE,S,57,Upgrading Equipment,,SANTA ANA,ORANGE,92706,33.77602338557146,-117.87228656630596,2026-08-07T21:00:00Z,08/08/2026 01:00:00 AM,Work is in progress.,Enhancing Reliability,18,PO,29,VILLA PARK,07/28/2026 04:57:20 PM,2026-07-31T01:17:29,1:scheduled,2026-07-31T08:22:44Z
136349469,800555690,scheduled,ACTIVE,S,73,Upgrading Equipment,,IRVINE,ORANGE,92602,33.721583272467036,-117.79086433615191,2026-08-08T08:00:00Z,08/08/2026 03:00:00 PM,Work is in progress.,Enhancing Reliability,06,PO,43,ELLIS,07/29/2026 04:50:24 PM,2026-07-31T01:17:29,1:scheduled,2026-07-31T08:22:44Z
136300609,800551954,scheduled,ACTIVE,S,53,Upgrading Equipment,,GARDEN GROVE,ORANGE,92845,33.77716562060776,-118.0391821285081,2026-08-03T08:00:00Z,08/03/2026 03:00:00 PM,Work is in progress.,Enhancing Reliability,18,PO,29,VILLA PARK,07/18/2026 12:28:21 PM,2026-07-31T01:17:29,1:scheduled,2026-07-31T08:22:44Z
136352829,800555816,scheduled,ACTIVE,S,1,Upgrading Equipment,,NEWPORT BEACH,ORANGE,92660,33.642453590215105,-117.8671645773718,2026-08-10T09:00:00Z,08/10/2026 11:00:00 AM,Work is in progress.,Enhancing Reliability,06,PO,33,ELLIS,07/30/2026 09:43:27 AM,2026-07-31T01:17:29,1:scheduled,2026-07-31T08:22:44Z
136344187,800555283,scheduled,ACTIVE,S,129,Upgrading Equipment,,SANTA ANA,ORANGE,92704,33.69767167739644,-117.89472893180906,2026-08-07T09:00:00Z,08/07/2026 03:00:00 PM,Work is in progress.,Enhancing Reliability,06,PO,29,ELLIS,07/28/2026 05:06:19 PM,2026-07-31T01:17:29,1:scheduled,2026-07-31T08:22:44Z
136325568,800553872,scheduled,ACTIVE,S,38,Upgrading Equipment,,SEAL BEACH,ORANGE,90740,33.76137699286526,-118.07824576928665,2026-08-06T22:00:00Z,08/07/2026 04:00:00 AM,Work is in progress.,Enhancing Reliability,06,PO,46,LIGHTHIPE,07/24/2026 06:06:18 PM,2026-07-31T01:17:30,1:scheduled,2026-07-31T08:22:44Z
136344072,800555281,scheduled,ACTIVE,S,35,Upgrading Equipment,,FULLERTON,ORANGE,92833,33.893933899114494,-117.94847005797993,2026-08-07T09:00:00Z,08/07/2026 04:00:00 PM,Work is in progress.,Enhancing Reliability,06,PO,48,VILLA PARK,07/28/2026 04:45:16 PM,2026-07-31T01:17:30,1:scheduled,2026-07-31T08:22:44Z
136320552,800553404,scheduled,ACTIVE,S,1,Upgrading Equipment,,YORBA LINDA,ORANGE,92886,33.89045614673738,-117.8140498689064,2026-08-01T09:00:00Z,08/01/2026 04:00:00 PM,Work is in progress.,Enhancing Reliability,06,PO,48,VILLA PARK,07/23/2026 11:20:25 AM,2026-07-31T01:17:30,1:scheduled,2026-07-31T08:22:44Z
136349441,800555667,scheduled,ACTIVE,S,46,Pole Upgrade,,SANTA ANA,ORANGE,92705,33.76636762126047,-117.83401994767839,2026-08-06T08:00:00Z,08/06/2026 04:00:00 PM,Work is in progress.,Enhancing Reliability,18,PO,29,VILLA PARK,07/29/2026 04:40:51 PM,2026-07-31T01:17:30,1:scheduled,2026-07-31T08:22:44Z
136325493,800553925,scheduled,ACTIVE,S,50,Pole Upgrade,,BUENA PARK,ORANGE,90620,33.849827912440766,-118.01056164275762,2026-08-03T21:00:00Z,08/04/2026 03:00:00 AM,Work is in progress.,Enhancing Reliability,18,PO,48,VILLA PARK,07/24/2026 05:43:40 PM,2026-07-31T01:17:30,1:scheduled,2026-07-31T08:22:44Z
136353674,800555948,scheduled,ACTIVE,S,99,Upgrading Equipment,,HUNTINGTON BEACH,ORANGE,92646,33.65288831220681,-117.97839513108494,2026-08-10T10:00:00Z,08/10/2026 02:00:00 PM,Work is in progress.,Enhancing Reliability,06,PO,33,ELLIS,07/30/2026 01:23:52 PM,2026-07-31T01:17:30,1:scheduled,2026-07-31T08:22:44Z
136317762,800553148,scheduled,ACTIVE,S,1,Upgrading Equipment,,STANTON,ORANGE,90680,33.80673802799463,-117.99066679699234,2026-08-03T07:30:00Z,08/03/2026 04:00:00 PM,Work is in progress.,Enhancing Reliability,06,PO,48,VILLA PARK,07/22/2026 04:34:13 PM,2026-07-31T01:17:30,1:scheduled,2026-07-31T08:22:44Z
136349055,800555684,scheduled,ACTIVE,S,0,Upgrading Equipment,,GARDEN GROVE,ORANGE,92841,33.79803057129434,-118.00328413192616,2026-07-31T23:00:00Z,08/01/2026 05:00:00 AM,Work is in progress.,Enhancing Reliability,06,PO,29,VILLA PARK,07/29/2026 02:59:43 PM,2026-07-31T01:17:30,1:scheduled,2026-07-31T08:22:44Z
136321999,800553511,scheduled,ACTIVE,S,27,Upgrading Equipment,,SANTA ANA,ORANGE,92706,33.75645897470706,-117.87065672413988,2026-08-03T09:00:00Z,08/03/2026 01:00:00 PM,Work is in progress.,Enhancing Reliability,06,PO,29,VILLA PARK,07/23/2026 02:58:22 PM,2026-07-31T01:17:30,1:scheduled,2026-07-31T08:22:44Z
136307252,800552216,scheduled,ACTIVE,S,0,Pole Upgrade,,Unincorporated Area,ORANGE,92821,33.94641754064117,-117.8622587823838,2026-07-31T07:00:00Z,07/31/2026 02:00:00 PM,Work is in progress.,Enhancing Reliability,18,PO,48,VILLA PARK,07/20/2026 10:52:06 AM,2026-07-31T01:17:30,1:scheduled,2026-07-31T08:22:44Z
136338482,800554698,scheduled,ACTIVE,S,147,Upgrading Equipment,,LA HABRA,ORANGE,90631,33.927265495117354,-117.95696260042027,2026-08-06T09:00:00Z,08/06/2026 03:00:00 PM,Work is in progress.,Enhancing Reliability,06,PO,48,VILLA PARK,07/27/2026 01:25:25 PM,2026-07-31T01:17:30,1:scheduled,2026-07-31T08:22:44Z
136299437,800551907,scheduled,ACTIVE,S,1,Cable Upgrade,,SANTA ANA,ORANGE,92705,33.7699450000988,-117.83770748520732,2026-07-31T08:00:00Z,07/31/2026 02:00:00 PM,Work is in progress.,Enhancing Reliability,18,PO,29,VILLA PARK,07/18/2026 07:31:13 AM,2026-07-31T01:17:30,1:scheduled,2026-07-31T08:22:44Z
136339649,800554769,scheduled,ACTIVE,S,7,Upgrading Equipment,,GARDEN GROVE,ORANGE,92843,33.749844315766424,-117.94242823911058,2026-08-05T08:00:00Z,08/05/2026 03:00:00 PM,Work is in progress.,Enhancing Reliability,18,PO,29,VILLA PARK,07/27/2026 06:19:34 PM,2026-07-31T01:17:30,1:scheduled,2026-07-31T08:22:44Z
136349519,800555576,scheduled,ACTIVE,S,597,Upgrading Equipment,,IRVINE,ORANGE,92612,33.649538041391374,-117.82562273984588,2026-08-08T08:30:00Z,08/08/2026 06:30:00 PM,Work is in progress.,Enhancing Reliability,06,PO,43,ELLIS,07/29/2026 05:05:41 PM,2026-07-31T01:17:30,1:scheduled,2026-07-31T08:22:44Z
136352910,800555779,scheduled,ACTIVE,S,76,Upgrading Equipment,,COSTA MESA,ORANGE,92627,33.65240982993159,-117.90422650849096,2026-08-10T09:00:00Z,08/10/2026 10:30:00 AM,Work is in progress.,Enhancing Reliability,06,PO,33,ELLIS,07/30/2026 10:12:24 AM,2026-07-31T01:17:30,1:scheduled,2026-07-31T08:22:44Z
136344194,800555174,scheduled,ACTIVE,S,144,Transformer Upgrade,,NEWPORT BEACH,ORANGE,92663,33.625672060389086,-117.91075116913056,2026-08-07T09:30:00Z,08/07/2026 02:00:00 PM,Work is in progress.,Enhancing Reliability,06,PO,33,ELLIS,07/28/2026 05:08:44 PM,2026-07-31T01:17:30,1:scheduled,2026-07-31T08:22:44Z
136344210,800555320,scheduled,ACTIVE,S,2,Cable Upgrade,,HUNTINGTON BEACH,ORANGE,92647,33.745144378034986,-118.02638770598739,2026-08-08T07:30:00Z,08/08/2026 01:00:00 PM,Work is in progress.,Enhancing Reliability,06,PO,33,VILLA PARK,07/28/2026 05:15:49 PM,2026-07-31T01:17:30,1:scheduled,2026-07-31T08:22:44Z
136241459,800547314,scheduled,ACTIVE,S,27,Upgrading Equipment,,WESTMINSTER,ORANGE,92683,33.74966140602627,-117.97001169083246,2026-07-31T09:00:00Z,07/31/2026 11:00:00 AM,Work is in progress.,Enhancing Reliability,14,PO,33,VILLA PARK,07/15/2026 08:33:38 AM,2026-07-31T01:17:30,1:scheduled,2026-07-31T08:22:44Z
136325503,800553980,scheduled,ACTIVE,S,263,Upgrading Equipment,,LAGUNA WOODS,ORANGE,92653,33.610430650505194,-117.73919787272297,2026-08-04T10:00:00Z,08/04/2026 02:00:00 PM,Work is in progress.,Enhancing Reliability,06,PO,43,ELLIS,07/24/2026 05:46:50 PM,2026-07-31T01:17:30,1:scheduled,2026-07-31T08:22:44Z
136317790,800553164,scheduled,ACTIVE,S,3,Cable Upgrade,,NEWPORT BEACH,ORANGE,92660,33.61996203915341,-117.87813627865516,2026-08-01T09:00:00Z,08/01/2026 12:00:00 PM,Work is in progress.,Enhancing Reliability,06,PO,33,ELLIS,07/22/2026 04:43:11 PM,2026-07-31T01:17:30,1:scheduled,2026-07-31T08:22:44Z
136328601,800554200,scheduled,ACTIVE,S,162,Pole Upgrade,,ORANGE,ORANGE,92867,33.81202505311741,-117.8332468234089,2026-08-04T21:00:00Z,08/05/2026 03:00:00 AM,Work is in progress.,Enhancing Reliability,18,PO,29,VILLA PARK,07/25/2026 08:52:04 AM,2026-07-31T01:17:30,1:scheduled,2026-07-31T08:22:44Z
136354456,800556070,scheduled,ACTIVE,S,70,Pole Upgrade,,ORANGE,ORANGE,92866,33.78533883232527,-117.84528135833582,2026-08-10T09:30:00Z,08/10/2026 04:00:00 PM,Work is in progress.,Enhancing Reliability,18,PO,29,VILLA PARK,07/30/2026 04:30:53 PM,2026-07-31T01:17:30,1:scheduled,2026-07-31T08:22:44Z
136325519,800553981,scheduled,ACTIVE,S,49,Upgrading Equipment,,SEAL BEACH,ORANGE,90740,33.77557886786111,-118.05643328359616,2026-08-04T12:00:00Z,08/04/2026 02:30:00 PM,Work is in progress.,Enhancing Reliability,06,PO,33,VILLA PARK,07/24/2026 05:49:24 PM,2026-07-31T01:17:30,1:scheduled,2026-07-31T08:22:44Z
136343047,800555116,scheduled,ACTIVE,S,15,Upgrading Equipment,,GARDEN GROVE,ORANGE,92844,33.76879410347582,-117.98274719734526,2026-08-03T08:00:00Z,08/03/2026 12:00:00 PM,Work is in progress.,Enhancing Reliability,18,PO,29,VILLA PARK,07/28/2026 01:25:24 PM,2026-07-31T01:17:30,1:scheduled,2026-07-31T08:22:44Z
136349254,800555574,scheduled,ACTIVE,S,429,Upgrading Equipment,,SANTA ANA,ORANGE,92706,33.7711192713363,-117.90317429383236,2026-08-06T00:30:00Z,08/06/2026 04:30:00 AM,Work is in progress.,Enhancing Reliability,06,PO,29,ELLIS,07/29/2026 03:42:09 PM,2026-07-31T01:17:30,1:scheduled,2026-07-31T08:22:44Z
136300584,800551988,scheduled,ACTIVE,S,6,Upgrading Equipment,,HUNTINGTON BEACH,ORANGE,92646,33.676494833623565,-117.97935198508455,2026-08-03T09:00:00Z,08/03/2026 11:00:00 AM,Work is in progress.,Enhancing Reliability,06,PO,33,ELLIS,07/18/2026 12:18:16 PM,2026-07-31T01:17:30,1:scheduled,2026-07-31T08:22:44Z
136308499,800552433,scheduled,ACTIVE,S,17,Upgrading Equipment,,FOUNTAIN VALLEY,ORANGE,92708,33.69642259671888,-117.94917739592623,2026-08-04T12:00:00Z,08/04/2026 03:00:00 PM,Work is in progress.,Enhancing Reliability,06,PO,33,ELLIS,07/20/2026 03:35:16 PM,2026-07-31T01:17:30,1:scheduled,2026-07-31T08:22:44Z
136342301,800554997,scheduled,ACTIVE,S,290,Transformer Upgrade,,LA HABRA,ORANGE,90631,33.92076994554213,-117.96099085995333,2026-08-07T08:30:00Z,08/07/2026 02:00:00 PM,Work is in progress.,Enhancing Reliability,18,PO,48,VILLA PARK,07/28/2026 10:57:55 AM,2026-07-31T01:17:30,1:scheduled,2026-07-31T08:22:44Z
136344200,800555264,scheduled,ACTIVE,S,32,Upgrading Equipment,,WESTMINSTER,ORANGE,92683,33.76958493832515,-118.01762283298045,2026-08-07T09:00:00Z,08/07/2026 11:00:00 AM,Work is in progress.,Enhancing Reliability,06,PO,33,VILLA PARK,07/28/2026 05:11:32 PM,2026-07-31T01:17:30,1:scheduled,2026-07-31T08:22:44Z
136252024,800548096,scheduled,ACTIVE,S,26,Upgrading Equipment,,LA HABRA,ORANGE,90631,33.92089369520579,-117.94329266994217,2026-08-02T09:00:00Z,08/02/2026 04:00:00 PM,Work is in progress.,Enhancing Reliability,14,PO,48,VILLA PARK,07/15/2026 07:13:18 AM,2026-07-31T01:17:30,1:scheduled,2026-07-31T08:22:44Z
136352384,800555846,scheduled,ACTIVE,S,55,Pole Upgrade,,WESTMINSTER,ORANGE,92683,33.762467234370995,-117.98723444298787,2026-08-05T08:30:00Z,08/05/2026 04:00:00 PM,Work is in progress.,Enhancing Reliability,18,PO,33,VILLA PARK,07/30/2026 08:17:53 AM,2026-07-31T01:17:30,1:scheduled,2026-07-31T08:22:44Z
136299616,800551853,scheduled,ACTIVE,S,15,Pole Upgrade,,WESTMINSTER,ORANGE,92683,33.7644827983857,-117.98369088743272,2026-07-31T08:00:00Z,07/31/2026 02:00:00 PM,Work is in progress.,Enhancing Reliability,18,PO,33,VILLA PARK,07/18/2026 08:41:01 AM,2026-07-31T01:17:30,1:scheduled,2026-07-31T08:22:44Z
136299645,800551912,scheduled,ACTIVE,S,54,Upgrading Equipment,,BUENA PARK,ORANGE,90620,33.842134930990134,-117.98795291824709,2026-07-31T09:00:00Z,07/31/2026 12:00:00 PM,Work is in progress.,Enhancing Reliability,06,PO,48,VILLA PARK,07/18/2026 08:47:42 AM,2026-07-31T01:17:31,1:scheduled,2026-07-31T08:22:44Z
136261877,800548814,scheduled,ACTIVE,S,12,Pole Upgrade,,WESTMINSTER,ORANGE,92683,33.76554349784408,-117.9843480023681,2026-08-06T08:00:00Z,08/06/2026 05:00:00 PM,Work is in progress.,Enhancing Reliability,20,PO,33,VILLA PARK,07/20/2026 03:32:01 PM,2026-07-31T01:17:31,1:scheduled,2026-07-31T08:22:44Z
136328339,800554105,scheduled,ACTIVE,S,11,Pole Upgrade,,HUNTINGTON BEACH,ORANGE,92647,33.736585786301454,-118.02033276901996,2026-08-06T09:00:00Z,08/06/2026 04:00:00 PM,Work is in progress.,Enhancing Reliability,06,PO,33,VILLA PARK,07/25/2026 07:27:39 AM,2026-07-31T01:17:31,1:scheduled,2026-07-31T08:22:44Z
136344182,800555282,scheduled,ACTIVE,S,8,Upgrading Equipment,,TUSTIN,ORANGE,92782,33.728907205798784,-117.79699471723016,2026-08-07T21:00:00Z,08/08/2026 04:30:00 AM,Work is in progress.,Enhancing Reliability,06,PO,29,VILLA PARK,07/28/2026 05:05:43 PM,2026-07-31T01:17:31,1:scheduled,2026-07-31T08:22:44Z
136321052,800553448,scheduled,ACTIVE,S,683,Upgrading Equipment,,LAGUNA WOODS,ORANGE,92653,33.611945597099144,-117.74979828951963,2026-08-03T08:00:00Z,08/03/2026 04:00:00 PM,Work is in progress.,Enhancing Reliability,18,PO,43,ELLIS,07/23/2026 02:16:48 PM,2026-07-31T01:17:31,1:scheduled,2026-07-31T08:22:44Z
136328244,800553855,scheduled,ACTIVE,S,9,Upgrading Equipment,,NEWPORT BEACH,ORANGE,92625,33.598499397038275,-117.85953968712164,2026-08-05T12:30:00Z,08/05/2026 03:30:00 PM,Work is in progress.,Enhancing Reliability,06,PO,33,ELLIS,07/25/2026 06:50:24 AM,2026-07-31T01:17:31,1:scheduled,2026-07-31T08:22:44Z
136344245,800555284,scheduled,ACTIVE,S,169,Upgrading Equipment,,SANTA ANA,ORANGE,92706,33.775375498178704,-117.87137163398573,2026-08-08T01:00:00Z,08/08/2026 04:00:00 AM,Work is in progress.,Enhancing Reliability,18,PO,29,VILLA PARK,07/28/2026 05:25:53 PM,2026-07-31T01:17:31,1:scheduled,2026-07-31T08:22:44Z
136328723,800554051,scheduled,ACTIVE,S,4,Upgrading Equipment,,NEWPORT BEACH,ORANGE,92660,33.6158775861818,-117.86826329960927,2026-08-06T01:30:00Z,08/06/2026 07:00:00 AM,Work is in progress.,Enhancing Reliability,06,PO,33,ELLIS,07/25/2026 09:30:21 AM,2026-07-31T01:17:31,1:scheduled,2026-07-31T08:22:44Z
136323151,800553664,scheduled,ACTIVE,S,78,Cable Upgrade,,ORANGE,ORANGE,92868,33.78277861094688,-117.87293439625456,2026-07-31T09:30:00Z,07/31/2026 02:00:00 PM,Work is in progress.,Enhancing Reliability,06,PO,29,VILLA PARK,07/24/2026 06:53:34 AM,2026-07-31T01:17:31,1:scheduled,2026-07-31T08:22:44Z
136328164,800553974,scheduled,ACTIVE,S,60,Upgrading Equipment,,LOS ALAMITOS,ORANGE,90720,33.79085931464146,-118.07062169111353,2026-08-07T09:00:00Z,08/07/2026 04:00:00 PM,Work is in progress.,Enhancing Reliability,06,PO,46,LIGHTHIPE,07/25/2026 05:24:15 AM,2026-07-31T01:17:31,1:scheduled,2026-07-31T08:22:44Z
136352855,800555798,scheduled,ACTIVE,S,1,Cable Upgrade,,SANTA ANA,ORANGE,92706,33.768883694986954,-117.88432675433098,2026-08-10T09:00:00Z,08/10/2026 02:00:00 PM,Work is in progress.,Enhancing Reliability,06,PO,29,ELLIS,07/30/2026 09:52:57 AM,2026-07-31T01:17:31,1:scheduled,2026-07-31T08:22:44Z
136323433,800553612,scheduled,ACTIVE,S,255,Upgrading Equipment,,SANTA ANA,ORANGE,92703,33.73575467708588,-117.88853505511156,2026-08-04T22:00:00Z,08/05/2026 04:30:00 AM,Work is in progress.,Enhancing Reliability,06,PO,29,ELLIS,07/24/2026 08:41:28 AM,2026-07-31T01:17:31,1:scheduled,2026-07-31T08:22:44Z
136355552,800556222,active,ACTIVE,,221,Equipment Problems,,STANTON,ORANGE,90680,33.79734117876056,-117.98983097121433,2026-07-30T23:31:16Z,07/31/2026 04:00:00 AM,Work is in progress.,Not Available,01,QI,48,VILLA PARK,07/31/2026 01:53:19 AM,2026-07-31T01:57:27,0:active,2026-07-31T09:00:31Z
136355191,800556189,active,ACTIVE,,106,Equipment Problems,,NEWPORT BEACH,ORANGE,92661,33.60449232798635,-117.90753171315346,2026-07-30T19:01:40Z,07/31/2026 05:00:00 AM,Work is in progress.,Not Available,01,QI,33,ELLIS,07/31/2026 01:11:21 AM,2026-07-31T01:57:28,0:active,2026-07-31T09:00:31Z
136355514,800556134,active,ACTIVE,,3,Equipment Problems,,IRVINE,ORANGE,92614,33.68555625867463,-117.856350918493,2026-07-30T23:02:04Z,07/31/2026 06:00:00 AM,Work is in progress.,Not Available,01,QI,43,ELLIS,07/30/2026 11:10:54 PM,2026-07-31T01:57:29,0:active,2026-07-31T09:00:31Z
136355562,800556193,active,ACTIVE,,89,Traffic Accident,,SANTA ANA,ORANGE,92703,33.74732072833402,-117.8949301140085,2026-07-30T23:41:52Z,Most up by 07/31/2026 08:00:00 AM,We have identified the problem and are working to restore your service.,Power Poles and Lines Down,01,Not Available,29,ELLIS,07/31/2026 12:15:11 AM,2026-07-31T01:57:29,0:active,2026-07-31T09:00:31Z
136323299,800553649,active,ACTIVE,,2,Upgrading Equipment,,TUSTIN,ORANGE,92780,33.719871454682185,-117.83889291014108,2026-07-30T20:00:00Z,07/31/2026 03:30:00 AM,Work is in progress.,Enhancing Reliability,06,PO,29,ELLIS,07/30/2026 08:47:28 PM,2026-07-31T01:57:29,0:active,2026-07-31T09:00:31Z
136300574,800552051,active,ACTIVE,,16,Upgrading Equipment,,TUSTIN,ORANGE,92782,33.72411826090315,-117.79502101165144,2026-07-30T21:06:05Z,07/31/2026 03:30:00 AM,Work is in progress.,Enhancing Reliability,18,PO,29,VILLA PARK,07/30/2026 09:10:16 PM,2026-07-31T01:57:29,0:active,2026-07-31T09:00:31Z
136355042,800556092,active,ACTIVE,,147,Equipment Problems,,TUSTIN,ORANGE,92782,33.731137031355516,-117.80241653685673,2026-07-30T19:31:20Z,Most up by 07/31/2026 10:15:00 AM,We have identified the problem and are working to restore your service.,Not Available,01,Not Available,29,VILLA PARK,07/30/2026 11:59:37 PM,2026-07-31T01:57:29,0:active,2026-07-31T09:00:31Z
136328621,800554131,scheduled,ACTIVE,S,85,Pole Upgrade,,GARDEN GROVE,ORANGE,92845,33.79046523974237,-118.02373298579515,2026-08-05T08:00:00Z,08/05/2026 03:00:00 PM,Work is in progress.,Enhancing Reliability,18,PO,29,VILLA PARK,07/25/2026 09:00:55 AM,2026-07-31T01:57:27,1:scheduled,2026-07-31T09:00:31Z
136349614,800555694,scheduled,ACTIVE,S,3,Upgrading Equipment,,COSTA MESA,ORANGE,92626,33.67372071069094,-117.87769470459074,2026-08-09T09:00:00Z,08/09/2026 02:00:00 PM,Work is in progress.,Enhancing Reliability,06,PO,33,ELLIS,07/29/2026 05:14:57 PM,2026-07-31T01:57:27,1:scheduled,2026-07-31T09:00:31Z
136338444,800554634,scheduled,ACTIVE,S,2,Upgrading Equipment,,BUENA PARK,ORANGE,90620,33.844417238492426,-118.02877105052218,2026-08-06T08:00:00Z,08/06/2026 06:30:00 PM,Work is in progress.,Enhancing Reliability,06,PO,48,VILLA PARK,07/27/2026 01:18:15 PM,2026-07-31T01:57:27,1:scheduled,2026-07-31T09:00:31Z
136242596,800547299,scheduled,ACTIVE,S,19,Upgrading Equipment,,WESTMINSTER,ORANGE,92683,33.771567700429756,-118.03849159175257,2026-07-31T12:00:00Z,07/31/2026 03:00:00 PM,Work is in progress.,Enhancing Reliability,14,PO,33,VILLA PARK,07/15/2026 08:35:41 AM,2026-07-31T01:57:27,1:scheduled,2026-07-31T09:00:31Z
136299596,800551797,scheduled,ACTIVE,S,12,Pole Upgrade,,WESTMINSTER,ORANGE,92683,33.76554349784408,-117.9843480023681,2026-07-31T08:00:00Z,07/31/2026 02:00:00 PM,Work is in progress.,Enhancing Reliability,18,PO,33,VILLA PARK,07/18/2026 08:35:19 AM,2026-07-31T01:57:27,1:scheduled,2026-07-31T09:00:31Z
136325466,800553838,scheduled,ACTIVE,S,82,Pole Upgrade,,CYPRESS,ORANGE,90630,33.80789051663639,-118.0121504382034,2026-08-04T09:00:00Z,08/04/2026 05:00:00 PM,Work is in progress.,Enhancing Reliability,06,PO,48,VILLA PARK,07/24/2026 05:34:48 PM,2026-07-31T01:57:27,1:scheduled,2026-07-31T09:00:31Z
136349634,800555555,scheduled,ACTIVE,S,683,Cable Upgrade,,LAGUNA WOODS,ORANGE,92653,33.611945597099144,-117.74979828951963,2026-08-10T08:00:00Z,08/10/2026 04:00:00 PM,Work is in progress.,Enhancing Reliability,18,PO,43,ELLIS,07/29/2026 05:27:11 PM,2026-07-31T01:57:27,1:scheduled,2026-07-31T09:00:31Z
136342059,800554995,scheduled,ACTIVE,S,40,Transformer Upgrade,,LA HABRA,ORANGE,90631,33.91164040097648,-117.95636194010892,2026-08-06T12:00:00Z,08/06/2026 03:30:00 PM,Work is in progress.,Enhancing Reliability,18,PO,48,VILLA PARK,07/28/2026 10:03:37 AM,2026-07-31T01:57:27,1:scheduled,2026-07-31T09:00:31Z
136349334,800555649,scheduled,ACTIVE,S,50,Transformer Upgrade,,SEAL BEACH,ORANGE,90740,33.767011407533914,-118.08291207880981,2026-08-10T09:00:00Z,08/10/2026 03:00:00 PM,Work is in progress.,Enhancing Reliability,06,PO,46,LIGHTHIPE,07/29/2026 04:02:37 PM,2026-07-31T01:57:27,1:scheduled,2026-07-31T09:00:31Z
136328219,800553998,scheduled,ACTIVE,S,14,Upgrading Equipment,,WESTMINSTER,ORANGE,92683,33.739953083000664,-118.0056591850109,2026-08-04T12:30:00Z,08/04/2026 03:00:00 PM,Work is in progress.,Enhancing Reliability,06,PO,33,VILLA PARK,07/25/2026 06:24:54 AM,2026-07-31T01:57:27,1:scheduled,2026-07-31T09:00:31Z
136344209,800555175,scheduled,ACTIVE,S,422,Upgrading Equipment,,YORBA LINDA,ORANGE,92886,33.90556745773305,-117.82947551169154,2026-08-07T09:00:00Z,08/07/2026 04:00:00 PM,Work is in progress.,Enhancing Reliability,06,PO,48,VILLA PARK,07/28/2026 05:14:40 PM,2026-07-31T01:57:27,1:scheduled,2026-07-31T09:00:31Z
136344160,800555188,scheduled,ACTIVE,S,2,Transformer Upgrade,,YORBA LINDA,ORANGE,92886,33.89010941744791,-117.81317064102544,2026-08-07T21:00:00Z,08/08/2026 01:00:00 AM,Work is in progress.,Enhancing Reliability,18,PO,48,VILLA PARK,07/28/2026 05:00:51 PM,2026-07-31T01:57:27,1:scheduled,2026-07-31T09:00:31Z
136299651,800551926,scheduled,ACTIVE,S,0,Transformer Upgrade,,FULLERTON,ORANGE,92831,33.859515074077976,-117.89506923699487,2026-07-31T09:00:00Z,07/31/2026 04:00:00 PM,Work is in progress.,Enhancing Reliability,06,PO,48,VILLA PARK,07/18/2026 08:50:14 AM,2026-07-31T01:57:27,1:scheduled,2026-07-31T09:00:31Z
136341822,800555067,scheduled,ACTIVE,S,260,Pole Upgrade,,BUENA PARK,ORANGE,90621,33.863173367163085,-118.00968912349519,2026-08-06T09:00:00Z,08/06/2026 05:00:00 PM,Work is in progress.,Enhancing Reliability,06,PO,48,VILLA PARK,07/28/2026 09:22:49 AM,2026-07-31T01:57:27,1:scheduled,2026-07-31T09:00:31Z
136299635,800551831,scheduled,ACTIVE,S,6,Upgrading Equipment,,TUSTIN FOOTHILLS,ORANGE,92780,33.75130155655582,-117.8133188154366,2026-07-31T08:00:00Z,07/31/2026 11:00:00 AM,Work is in progress.,Enhancing Reliability,18,PO,29,VILLA PARK,07/18/2026 08:45:13 AM,2026-07-31T01:57:27,1:scheduled,2026-07-31T09:00:31Z
136321088,800553546,scheduled,ACTIVE,S,37,Upgrading Equipment,,NEWPORT BEACH,ORANGE,92660,33.62521740647028,-117.90241094952137,2026-08-03T09:00:00Z,08/03/2026 01:00:00 PM,Work is in progress.,Enhancing Reliability,06,PO,33,ELLIS,07/23/2026 02:39:40 PM,2026-07-31T01:57:27,1:scheduled,2026-07-31T09:00:31Z
136325450,800553945,scheduled,ACTIVE,S,255,Pole Upgrade,,SANTA ANA,ORANGE,92703,33.73575467708588,-117.88853505511156,2026-08-04T08:00:00Z,08/04/2026 04:00:00 PM,Work is in progress.,Enhancing Reliability,18,PO,29,ELLIS,07/24/2026 05:30:21 PM,2026-07-31T01:57:27,1:scheduled,2026-07-31T09:00:31Z
136320896,800553505,scheduled,ACTIVE,S,0,Upgrading Equipment,,WESTMINSTER,ORANGE,92683,33.749448618087676,-117.99983447996259,2026-08-02T09:00:00Z,08/02/2026 02:00:00 PM,Work is in progress.,Enhancing Reliability,06,PO,33,VILLA PARK,07/23/2026 01:07:58 PM,2026-07-31T01:57:27,1:scheduled,2026-07-31T09:00:31Z
136312619,800552685,scheduled,ACTIVE,S,101,Upgrading Equipment,,GARDEN GROVE,ORANGE,92845,33.78216508806161,-118.03881183306652,2026-07-31T08:00:00Z,07/31/2026 04:00:00 PM,Work is in progress.,Enhancing Reliability,18,PO,29,VILLA PARK,07/21/2026 06:02:42 PM,2026-07-31T01:57:27,1:scheduled,2026-07-31T09:00:31Z
136323256,800553724,scheduled,ACTIVE,S,2,Upgrading Equipment,,GARDEN GROVE,ORANGE,92841,33.78998494280542,-118.00362214640799,2026-08-03T21:00:00Z,08/04/2026 02:00:00 AM,Work is in progress.,Enhancing Reliability,18,PO,29,VILLA PARK,07/24/2026 08:01:44 AM,2026-07-31T01:57:28,1:scheduled,2026-07-31T09:00:31Z
136299764,800551857,scheduled,ACTIVE,S,140,Transformer Upgrade,,SANTA ANA,ORANGE,92707,33.70141981640157,-117.86952971395411,2026-07-31T15:00:00Z,07/31/2026 07:00:00 PM,Work is in progress.,Enhancing Reliability,18,PO,29,ELLIS,07/18/2026 09:16:26 AM,2026-07-31T01:57:28,1:scheduled,2026-07-31T09:00:31Z
136328278,800554104,scheduled,ACTIVE,S,14,Upgrading Equipment,,FOUNTAIN VALLEY,ORANGE,92708,33.72696062563959,-117.93293490337513,2026-08-05T12:30:00Z,08/05/2026 03:00:00 PM,Work is in progress.,Enhancing Reliability,06,PO,33,ELLIS,07/25/2026 07:15:24 AM,2026-07-31T01:57:28,1:scheduled,2026-07-31T09:00:31Z
136343941,800555229,scheduled,ACTIVE,S,18,Upgrading Equipment,,FOUNTAIN VALLEY,ORANGE,92708,33.71635934366413,-117.97090804868756,2026-08-07T01:00:00Z,08/07/2026 06:30:00 AM,Work is in progress.,Enhancing Reliability,06,PO,33,ELLIS,07/28/2026 04:10:03 PM,2026-07-31T01:57:28,1:scheduled,2026-07-31T09:00:31Z
136300596,800551967,scheduled,ACTIVE,S,154,Upgrading Equipment,,HUNTINGTON BEACH,ORANGE,92646,33.66020883706171,-117.98387145778797,2026-08-03T09:00:00Z,08/03/2026 03:00:00 PM,Work is in progress.,Enhancing Reliability,06,PO,33,ELLIS,07/18/2026 12:22:20 PM,2026-07-31T01:57:28,1:scheduled,2026-07-31T09:00:31Z
136325479,800553946,scheduled,ACTIVE,S,21,Upgrading Equipment,,SANTA ANA,ORANGE,92704,33.71986341946297,-117.90632149831112,2026-08-04T09:00:00Z,08/04/2026 04:00:00 PM,Work is in progress.,Enhancing Reliability,06,PO,29,ELLIS,07/24/2026 05:37:48 PM,2026-07-31T01:57:28,1:scheduled,2026-07-31T09:00:31Z
136328682,800554187,scheduled,ACTIVE,S,1,Transformer Upgrade,,IRVINE,ORANGE,92618,33.66578857424019,-117.78764009484934,2026-08-05T13:00:00Z,08/05/2026 03:30:00 PM,Work is in progress.,Enhancing Reliability,18,PO,43,ELLIS,07/25/2026 09:16:04 AM,2026-07-31T01:57:28,1:scheduled,2026-07-31T09:00:31Z
136328262,800554029,scheduled,ACTIVE,S,7,Upgrading Equipment,,NEWPORT BEACH,ORANGE,92660,33.624375507748,-117.86575921521208,2026-08-05T12:30:00Z,08/05/2026 03:30:00 PM,Work is in progress.,Enhancing Reliability,06,PO,33,ELLIS,07/25/2026 07:02:21 AM,2026-07-31T01:57:28,1:scheduled,2026-07-31T09:00:31Z
136328225,800554063,scheduled,ACTIVE,S,23,Transformer Upgrade,,PLACENTIA,ORANGE,92870,33.86854751212615,-117.83149968462294,2026-08-05T08:00:00Z,08/05/2026 11:00:00 AM,Work is in progress.,Enhancing Reliability,18,PO,48,VILLA PARK,07/25/2026 06:38:29 AM,2026-07-31T01:57:28,1:scheduled,2026-07-31T09:00:31Z
136299776,800551892,scheduled,ACTIVE,S,2,Upgrading Equipment,,IRVINE,ORANGE,92614,33.69546016531424,-117.86171221951717,2026-08-01T08:00:00Z,08/01/2026 03:00:00 PM,Work is in progress.,Enhancing Reliability,06,PO,43,ELLIS,07/18/2026 09:19:22 AM,2026-07-31T01:57:28,1:scheduled,2026-07-31T09:00:31Z
136323196,800553592,scheduled,ACTIVE,S,5,Upgrading Equipment,,ORANGE,ORANGE,92868,33.78535590141055,-117.88948426534641,2026-08-03T19:30:00Z,08/03/2026 10:30:00 PM,Work is in progress.,Enhancing Reliability,06,PO,29,VILLA PARK,07/24/2026 07:23:04 AM,2026-07-31T01:57:28,1:scheduled,2026-07-31T09:00:31Z
136344234,800555190,scheduled,ACTIVE,S,26,Transformer Upgrade,,HUNTINGTON BEACH,ORANGE,92649,33.71257129896257,-118.04486712846176,2026-08-07T09:00:00Z,08/07/2026 01:00:00 PM,Work is in progress.,Enhancing Reliability,06,PO,33,VILLA PARK,07/28/2026 05:21:35 PM,2026-07-31T01:57:28,1:scheduled,2026-07-31T09:00:31Z
136299606,800551911,scheduled,ACTIVE,S,41,Pole Upgrade,,SANTA ANA,ORANGE,92701,33.743012266353944,-117.86562216733401,2026-07-31T08:00:00Z,07/31/2026 03:00:00 PM,Work is in progress.,Enhancing Reliability,18,PO,29,VILLA PARK,07/18/2026 08:38:38 AM,2026-07-31T01:57:28,1:scheduled,2026-07-31T09:00:31Z
136353384,800555945,scheduled,ACTIVE,S,1,Upgrading Equipment,,FULLERTON,ORANGE,92833,33.888107206510846,-117.9425668886848,2026-08-10T09:00:00Z,08/10/2026 04:00:00 PM,Work is in progress.,Enhancing Reliability,06,PO,48,VILLA PARK,07/30/2026 12:00:30 PM,2026-07-31T01:57:28,1:scheduled,2026-07-31T09:00:31Z
136312665,800552686,scheduled,ACTIVE,S,104,Cable Upgrade,,BUENA PARK,ORANGE,90620,33.83989924092641,-117.99520550352433,2026-07-31T23:00:00Z,08/01/2026 06:30:00 AM,Work is in progress.,Enhancing Reliability,18,PO,48,VILLA PARK,07/21/2026 06:22:54 PM,2026-07-31T01:57:28,1:scheduled,2026-07-31T09:00:31Z
136328212,800554009,scheduled,ACTIVE,S,11,Upgrading Equipment,,NEWPORT BEACH,ORANGE,92625,33.60526308124897,-117.87043538464377,2026-08-04T12:30:00Z,08/04/2026 03:30:00 PM,Work is in progress.,Enhancing Reliability,06,PO,33,ELLIS,07/25/2026 06:14:34 AM,2026-07-31T01:57:28,1:scheduled,2026-07-31T09:00:31Z
136344144,800555212,scheduled,ACTIVE,S,57,Upgrading Equipment,,SANTA ANA,ORANGE,92706,33.77602338557146,-117.87228656630596,2026-08-07T21:00:00Z,08/08/2026 01:00:00 AM,Work is in progress.,Enhancing Reliability,18,PO,29,VILLA PARK,07/28/2026 04:57:20 PM,2026-07-31T01:57:28,1:scheduled,2026-07-31T09:00:31Z
136349469,800555690,scheduled,ACTIVE,S,73,Upgrading Equipment,,IRVINE,ORANGE,92602,33.721583272467036,-117.79086433615191,2026-08-08T08:00:00Z,08/08/2026 03:00:00 PM,Work is in progress.,Enhancing Reliability,06,PO,43,ELLIS,07/29/2026 04:50:24 PM,2026-07-31T01:57:28,1:scheduled,2026-07-31T09:00:31Z
136300609,800551954,scheduled,ACTIVE,S,53,Upgrading Equipment,,GARDEN GROVE,ORANGE,92845,33.77716562060776,-118.0391821285081,2026-08-03T08:00:00Z,08/03/2026 03:00:00 PM,Work is in progress.,Enhancing Reliability,18,PO,29,VILLA PARK,07/18/2026 12:28:21 PM,2026-07-31T01:57:28,1:scheduled,2026-07-31T09:00:31Z
136352829,800555816,scheduled,ACTIVE,S,1,Upgrading Equipment,,NEWPORT BEACH,ORANGE,92660,33.642453590215105,-117.8671645773718,2026-08-10T09:00:00Z,08/10/2026 11:00:00 AM,Work is in progress.,Enhancing Reliability,06,PO,33,ELLIS,07/30/2026 09:43:27 AM,2026-07-31T01:57:28,1:scheduled,2026-07-31T09:00:31Z
136344187,800555283,scheduled,ACTIVE,S,129,Upgrading Equipment,,SANTA ANA,ORANGE,92704,33.69767167739644,-117.89472893180906,2026-08-07T09:00:00Z,08/07/2026 03:00:00 PM,Work is in progress.,Enhancing Reliability,06,PO,29,ELLIS,07/28/2026 05:06:19 PM,2026-07-31T01:57:28,1:scheduled,2026-07-31T09:00:31Z
136325568,800553872,scheduled,ACTIVE,S,38,Upgrading Equipment,,SEAL BEACH,ORANGE,90740,33.76137699286526,-118.07824576928665,2026-08-06T22:00:00Z,08/07/2026 04:00:00 AM,Work is in progress.,Enhancing Reliability,06,PO,46,LIGHTHIPE,07/24/2026 06:06:18 PM,2026-07-31T01:57:28,1:scheduled,2026-07-31T09:00:31Z
136344072,800555281,scheduled,ACTIVE,S,35,Upgrading Equipment,,FULLERTON,ORANGE,92833,33.893933899114494,-117.94847005797993,2026-08-07T09:00:00Z,08/07/2026 04:00:00 PM,Work is in progress.,Enhancing Reliability,06,PO,48,VILLA PARK,07/28/2026 04:45:16 PM,2026-07-31T01:57:28,1:scheduled,2026-07-31T09:00:31Z
136320552,800553404,scheduled,ACTIVE,S,1,Upgrading Equipment,,YORBA LINDA,ORANGE,92886,33.89045614673738,-117.8140498689064,2026-08-01T09:00:00Z,08/01/2026 04:00:00 PM,Work is in progress.,Enhancing Reliability,06,PO,48,VILLA PARK,07/23/2026 11:20:25 AM,2026-07-31T01:57:28,1:scheduled,2026-07-31T09:00:31Z
136349441,800555667,scheduled,ACTIVE,S,46,Pole Upgrade,,SANTA ANA,ORANGE,92705,33.76636762126047,-117.83401994767839,2026-08-06T08:00:00Z,08/06/2026 04:00:00 PM,Work is in progress.,Enhancing Reliability,18,PO,29,VILLA PARK,07/29/2026 04:40:51 PM,2026-07-31T01:57:28,1:scheduled,2026-07-31T09:00:31Z
136325493,800553925,scheduled,ACTIVE,S,50,Pole Upgrade,,BUENA PARK,ORANGE,90620,33.849827912440766,-118.01056164275762,2026-08-03T21:00:00Z,08/04/2026 03:00:00 AM,Work is in progress.,Enhancing Reliability,18,PO,48,VILLA PARK,07/24/2026 05:43:40 PM,2026-07-31T01:57:28,1:scheduled,2026-07-31T09:00:31Z
136353674,800555948,scheduled,ACTIVE,S,99,Upgrading Equipment,,HUNTINGTON BEACH,ORANGE,92646,33.65288831220681,-117.97839513108494,2026-08-10T10:00:00Z,08/10/2026 02:00:00 PM,Work is in progress.,Enhancing Reliability,06,PO,33,ELLIS,07/30/2026 01:23:52 PM,2026-07-31T01:57:28,1:scheduled,2026-07-31T09:00:31Z
136317762,800553148,scheduled,ACTIVE,S,1,Upgrading Equipment,,STANTON,ORANGE,90680,33.80673802799463,-117.99066679699234,2026-08-03T07:30:00Z,08/03/2026 04:00:00 PM,Work is in progress.,Enhancing Reliability,06,PO,48,VILLA PARK,07/22/2026 04:34:13 PM,2026-07-31T01:57:28,1:scheduled,2026-07-31T09:00:31Z
136349055,800555684,scheduled,ACTIVE,S,0,Upgrading Equipment,,GARDEN GROVE,ORANGE,92841,33.79803057129434,-118.00328413192616,2026-07-31T23:00:00Z,08/01/2026 05:00:00 AM,Work is in progress.,Enhancing Reliability,06,PO,29,VILLA PARK,07/29/2026 02:59:43 PM,2026-07-31T01:57:28,1:scheduled,2026-07-31T09:00:31Z
136321999,800553511,scheduled,ACTIVE,S,27,Upgrading Equipment,,SANTA ANA,ORANGE,92706,33.75645897470706,-117.87065672413988,2026-08-03T09:00:00Z,08/03/2026 01:00:00 PM,Work is in progress.,Enhancing Reliability,06,PO,29,VILLA PARK,07/23/2026 02:58:22 PM,2026-07-31T01:57:28,1:scheduled,2026-07-31T09:00:31Z
136307252,800552216,scheduled,ACTIVE,S,0,Pole Upgrade,,Unincorporated Area,ORANGE,92821,33.94641754064117,-117.8622587823838,2026-07-31T07:00:00Z,07/31/2026 02:00:00 PM,Work is in progress.,Enhancing Reliability,18,PO,48,VILLA PARK,07/20/2026 10:52:06 AM,2026-07-31T01:57:28,1:scheduled,2026-07-31T09:00:31Z
136338482,800554698,scheduled,ACTIVE,S,147,Upgrading Equipment,,LA HABRA,ORANGE,90631,33.927265495117354,-117.95696260042027,2026-08-06T09:00:00Z,08/06/2026 03:00:00 PM,Work is in progress.,Enhancing Reliability,06,PO,48,VILLA PARK,07/27/2026 01:25:25 PM,2026-07-31T01:57:29,1:scheduled,2026-07-31T09:00:31Z
136299437,800551907,scheduled,ACTIVE,S,1,Cable Upgrade,,SANTA ANA,ORANGE,92705,33.7699450000988,-117.83770748520732,2026-07-31T08:00:00Z,07/31/2026 02:00:00 PM,Work is in progress.,Enhancing Reliability,18,PO,29,VILLA PARK,07/18/2026 07:31:13 AM,2026-07-31T01:57:29,1:scheduled,2026-07-31T09:00:31Z
136339649,800554769,scheduled,ACTIVE,S,7,Upgrading Equipment,,GARDEN GROVE,ORANGE,92843,33.749844315766424,-117.94242823911058,2026-08-05T08:00:00Z,08/05/2026 03:00:00 PM,Work is in progress.,Enhancing Reliability,18,PO,29,VILLA PARK,07/27/2026 06:19:34 PM,2026-07-31T01:57:29,1:scheduled,2026-07-31T09:00:31Z
136349519,800555576,scheduled,ACTIVE,S,597,Upgrading Equipment,,IRVINE,ORANGE,92612,33.649538041391374,-117.82562273984588,2026-08-08T08:30:00Z,08/08/2026 06:30:00 PM,Work is in progress.,Enhancing Reliability,06,PO,43,ELLIS,07/29/2026 05:05:41 PM,2026-07-31T01:57:29,1:scheduled,2026-07-31T09:00:31Z
136352910,800555779,scheduled,ACTIVE,S,76,Upgrading Equipment,,COSTA MESA,ORANGE,92627,33.65240982993159,-117.90422650849096,2026-08-10T09:00:00Z,08/10/2026 10:30:00 AM,Work is in progress.,Enhancing Reliability,06,PO,33,ELLIS,07/30/2026 10:12:24 AM,2026-07-31T01:57:29,1:scheduled,2026-07-31T09:00:31Z
136344194,800555174,scheduled,ACTIVE,S,144,Transformer Upgrade,,NEWPORT BEACH,ORANGE,92663,33.625672060389086,-117.91075116913056,2026-08-07T09:30:00Z,08/07/2026 02:00:00 PM,Work is in progress.,Enhancing Reliability,06,PO,33,ELLIS,07/28/2026 05:08:44 PM,2026-07-31T01:57:29,1:scheduled,2026-07-31T09:00:31Z
136344210,800555320,scheduled,ACTIVE,S,2,Cable Upgrade,,HUNTINGTON BEACH,ORANGE,92647,33.745144378034986,-118.02638770598739,2026-08-08T07:30:00Z,08/08/2026 01:00:00 PM,Work is in progress.,Enhancing Reliability,06,PO,33,VILLA PARK,07/28/2026 05:15:49 PM,2026-07-31T01:57:29,1:scheduled,2026-07-31T09:00:31Z
136241459,800547314,scheduled,ACTIVE,S,27,Upgrading Equipment,,WESTMINSTER,ORANGE,92683,33.74966140602627,-117.97001169083246,2026-07-31T09:00:00Z,07/31/2026 11:00:00 AM,Work is in progress.,Enhancing Reliability,14,PO,33,VILLA PARK,07/15/2026 08:33:38 AM,2026-07-31T01:57:29,1:scheduled,2026-07-31T09:00:31Z
136325503,800553980,scheduled,ACTIVE,S,263,Upgrading Equipment,,LAGUNA WOODS,ORANGE,92653,33.610430650505194,-117.73919787272297,2026-08-04T10:00:00Z,08/04/2026 02:00:00 PM,Work is in progress.,Enhancing Reliability,06,PO,43,ELLIS,07/24/2026 05:46:50 PM,2026-07-31T01:57:29,1:scheduled,2026-07-31T09:00:31Z
136317790,800553164,scheduled,ACTIVE,S,3,Cable Upgrade,,NEWPORT BEACH,ORANGE,92660,33.61996203915341,-117.87813627865516,2026-08-01T09:00:00Z,08/01/2026 12:00:00 PM,Work is in progress.,Enhancing Reliability,06,PO,33,ELLIS,07/22/2026 04:43:11 PM,2026-07-31T01:57:29,1:scheduled,2026-07-31T09:00:31Z
136328601,800554200,scheduled,ACTIVE,S,162,Pole Upgrade,,ORANGE,ORANGE,92867,33.81202505311741,-117.8332468234089,2026-08-04T21:00:00Z,08/05/2026 03:00:00 AM,Work is in progress.,Enhancing Reliability,18,PO,29,VILLA PARK,07/25/2026 08:52:04 AM,2026-07-31T01:57:29,1:scheduled,2026-07-31T09:00:31Z
136354456,800556070,scheduled,ACTIVE,S,70,Pole Upgrade,,ORANGE,ORANGE,92866,33.78533883232527,-117.84528135833582,2026-08-10T09:30:00Z,08/10/2026 04:00:00 PM,Work is in progress.,Enhancing Reliability,18,PO,29,VILLA PARK,07/30/2026 04:30:53 PM,2026-07-31T01:57:29,1:scheduled,2026-07-31T09:00:31Z
136325519,800553981,scheduled,ACTIVE,S,49,Upgrading Equipment,,SEAL BEACH,ORANGE,90740,33.77557886786111,-118.05643328359616,2026-08-04T12:00:00Z,08/04/2026 02:30:00 PM,Work is in progress.,Enhancing Reliability,06,PO,33,VILLA PARK,07/24/2026 05:49:24 PM,2026-07-31T01:57:29,1:scheduled,2026-07-31T09:00:31Z
136343047,800555116,scheduled,ACTIVE,S,15,Upgrading Equipment,,GARDEN GROVE,ORANGE,92844,33.76879410347582,-117.98274719734526,2026-08-03T08:00:00Z,08/03/2026 12:00:00 PM,Work is in progress.,Enhancing Reliability,18,PO,29,VILLA PARK,07/28/2026 01:25:24 PM,2026-07-31T01:57:29,1:scheduled,2026-07-31T09:00:31Z
136349254,800555574,scheduled,ACTIVE,S,429,Upgrading Equipment,,SANTA ANA,ORANGE,92706,33.7711192713363,-117.90317429383236,2026-08-06T00:30:00Z,08/06/2026 04:30:00 AM,Work is in progress.,Enhancing Reliability,06,PO,29,ELLIS,07/29/2026 03:42:09 PM,2026-07-31T01:57:29,1:scheduled,2026-07-31T09:00:31Z
136300584,800551988,scheduled,ACTIVE,S,6,Upgrading Equipment,,HUNTINGTON BEACH,ORANGE,92646,33.676494833623565,-117.97935198508455,2026-08-03T09:00:00Z,08/03/2026 11:00:00 AM,Work is in progress.,Enhancing Reliability,06,PO,33,ELLIS,07/18/2026 12:18:16 PM,2026-07-31T01:57:29,1:scheduled,2026-07-31T09:00:31Z
136308499,800552433,scheduled,ACTIVE,S,17,Upgrading Equipment,,FOUNTAIN VALLEY,ORANGE,92708,33.69642259671888,-117.94917739592623,2026-08-04T12:00:00Z,08/04/2026 03:00:00 PM,Work is in progress.,Enhancing Reliability,06,PO,33,ELLIS,07/20/2026 03:35:16 PM,2026-07-31T01:57:29,1:scheduled,2026-07-31T09:00:31Z
136342301,800554997,scheduled,ACTIVE,S,290,Transformer Upgrade,,LA HABRA,ORANGE,90631,33.92076994554213,-117.96099085995333,2026-08-07T08:30:00Z,08/07/2026 02:00:00 PM,Work is in progress.,Enhancing Reliability,18,PO,48,VILLA PARK,07/28/2026 10:57:55 AM,2026-07-31T01:57:29,1:scheduled,2026-07-31T09:00:31Z
136344200,800555264,scheduled,ACTIVE,S,32,Upgrading Equipment,,WESTMINSTER,ORANGE,92683,33.76958493832515,-118.01762283298045,2026-08-07T09:00:00Z,08/07/2026 11:00:00 AM,Work is in progress.,Enhancing Reliability,06,PO,33,VILLA PARK,07/28/2026 05:11:32 PM,2026-07-31T01:57:29,1:scheduled,2026-07-31T09:00:31Z
136252024,800548096,scheduled,ACTIVE,S,26,Upgrading Equipment,,LA HABRA,ORANGE,90631,33.92089369520579,-117.94329266994217,2026-08-02T09:00:00Z,08/02/2026 04:00:00 PM,Work is in progress.,Enhancing Reliability,14,PO,48,VILLA PARK,07/15/2026 07:13:18 AM,2026-07-31T01:57:29,1:scheduled,2026-07-31T09:00:31Z
136352384,800555846,scheduled,ACTIVE,S,55,Pole Upgrade,,WESTMINSTER,ORANGE,92683,33.762467234370995,-117.98723444298787,2026-08-05T08:30:00Z,08/05/2026 04:00:00 PM,Work is in progress.,Enhancing Reliability,18,PO,33,VILLA PARK,07/30/2026 08:17:53 AM,2026-07-31T01:57:29,1:scheduled,2026-07-31T09:00:31Z
136299616,800551853,scheduled,ACTIVE,S,15,Pole Upgrade,,WESTMINSTER,ORANGE,92683,33.7644827983857,-117.98369088743272,2026-07-31T08:00:00Z,07/31/2026 02:00:00 PM,Work is in progress.,Enhancing Reliability,18,PO,33,VILLA PARK,07/18/2026 08:41:01 AM,2026-07-31T01:57:29,1:scheduled,2026-07-31T09:00:31Z
136299645,800551912,scheduled,ACTIVE,S,54,Upgrading Equipment,,BUENA PARK,ORANGE,90620,33.842134930990134,-117.98795291824709,2026-07-31T09:00:00Z,07/31/2026 12:00:00 PM,Work is in progress.,Enhancing Reliability,06,PO,48,VILLA PARK,07/18/2026 08:47:42 AM,2026-07-31T01:57:29,1:scheduled,2026-07-31T09:00:31Z
136261877,800548814,scheduled,ACTIVE,S,12,Pole Upgrade,,WESTMINSTER,ORANGE,92683,33.76554349784408,-117.9843480023681,2026-08-06T08:00:00Z,08/06/2026 05:00:00 PM,Work is in progress.,Enhancing Reliability,20,PO,33,VILLA PARK,07/20/2026 03:32:01 PM,2026-07-31T01:57:29,1:scheduled,2026-07-31T09:00:31Z
136328339,800554105,scheduled,ACTIVE,S,11,Pole Upgrade,,HUNTINGTON BEACH,ORANGE,92647,33.736585786301454,-118.02033276901996,2026-08-06T09:00:00Z,08/06/2026 04:00:00 PM,Work is in progress.,Enhancing Reliability,06,PO,33,VILLA PARK,07/25/2026 07:27:39 AM,2026-07-31T01:57:29,1:scheduled,2026-07-31T09:00:31Z
136344182,800555282,scheduled,ACTIVE,S,8,Upgrading Equipment,,TUSTIN,ORANGE,92782,33.728907205798784,-117.79699471723016,2026-08-07T21:00:00Z,08/08/2026 04:30:00 AM,Work is in progress.,Enhancing Reliability,06,PO,29,VILLA PARK,07/28/2026 05:05:43 PM,2026-07-31T01:57:29,1:scheduled,2026-07-31T09:00:31Z
136321052,800553448,scheduled,ACTIVE,S,683,Upgrading Equipment,,LAGUNA WOODS,ORANGE,92653,33.611945597099144,-117.74979828951963,2026-08-03T08:00:00Z,08/03/2026 04:00:00 PM,Work is in progress.,Enhancing Reliability,18,PO,43,ELLIS,07/23/2026 02:16:48 PM,2026-07-31T01:57:29,1:scheduled,2026-07-31T09:00:31Z
136328244,800553855,scheduled,ACTIVE,S,9,Upgrading Equipment,,NEWPORT BEACH,ORANGE,92625,33.598499397038275,-117.85953968712164,2026-08-05T12:30:00Z,08/05/2026 03:30:00 PM,Work is in progress.,Enhancing Reliability,06,PO,33,ELLIS,07/25/2026 06:50:24 AM,2026-07-31T01:57:29,1:scheduled,2026-07-31T09:00:31Z
136344245,800555284,scheduled,ACTIVE,S,169,Upgrading Equipment,,SANTA ANA,ORANGE,92706,33.775375498178704,-117.87137163398573,2026-08-08T01:00:00Z,08/08/2026 04:00:00 AM,Work is in progress.,Enhancing Reliability,18,PO,29,VILLA PARK,07/28/2026 05:25:53 PM,2026-07-31T01:57:29,1:scheduled,2026-07-31T09:00:31Z
136328723,800554051,scheduled,ACTIVE,S,4,Upgrading Equipment,,NEWPORT BEACH,ORANGE,92660,33.6158775861818,-117.86826329960927,2026-08-06T01:30:00Z,08/06/2026 07:00:00 AM,Work is in progress.,Enhancing Reliability,06,PO,33,ELLIS,07/25/2026 09:30:21 AM,2026-07-31T01:57:29,1:scheduled,2026-07-31T09:00:31Z
136323151,800553664,scheduled,ACTIVE,S,78,Cable Upgrade,,ORANGE,ORANGE,92868,33.78277861094688,-117.87293439625456,2026-07-31T09:30:00Z,07/31/2026 02:00:00 PM,Work is in progress.,Enhancing Reliability,06,PO,29,VILLA PARK,07/24/2026 06:53:34 AM,2026-07-31T01:57:30,1:scheduled,2026-07-31T09:00:31Z
136328164,800553974,scheduled,ACTIVE,S,60,Upgrading Equipment,,LOS ALAMITOS,ORANGE,90720,33.79085931464146,-118.07062169111353,2026-08-07T09:00:00Z,08/07/2026 04:00:00 PM,Work is in progress.,Enhancing Reliability,06,PO,46,LIGHTHIPE,07/25/2026 05:24:15 AM,2026-07-31T01:57:30,1:scheduled,2026-07-31T09:00:31Z
136352855,800555798,scheduled,ACTIVE,S,1,Cable Upgrade,,SANTA ANA,ORANGE,92706,33.768883694986954,-117.88432675433098,2026-08-10T09:00:00Z,08/10/2026 02:00:00 PM,Work is in progress.,Enhancing Reliability,06,PO,29,ELLIS,07/30/2026 09:52:57 AM,2026-07-31T01:57:30,1:scheduled,2026-07-31T09:00:31Z
136323433,800553612,scheduled,ACTIVE,S,255,Upgrading Equipment,,SANTA ANA,ORANGE,92703,33.73575467708588,-117.88853505511156,2026-08-04T22:00:00Z,08/05/2026 04:30:00 AM,Work is in progress.,Enhancing Reliability,06,PO,29,ELLIS,07/24/2026 08:41:28 AM,2026-07-31T01:57:30,1:scheduled,2026-07-31T09:00:31Z
136355552,800556222,active,ACTIVE,,221,Equipment Problems,,STANTON,ORANGE,90680,33.79734117876056,-117.98983097121433,2026-07-30T23:31:16Z,07/31/2026 04:00:00 AM,Work is in progress.,Not Available,01,QI,48,VILLA PARK,07/31/2026 01:53:19 AM,2026-07-31T01:57:27,0:active,2026-07-31T09:07:15Z
136355191,800556189,active,ACTIVE,,106,Equipment Problems,,NEWPORT BEACH,ORANGE,92661,33.60449232798635,-117.90753171315346,2026-07-30T19:01:40Z,07/31/2026 05:00:00 AM,Work is in progress.,Not Available,01,QI,33,ELLIS,07/31/2026 01:11:21 AM,2026-07-31T01:57:28,0:active,2026-07-31T09:07:15Z
136355514,800556134,active,ACTIVE,,3,Equipment Problems,,IRVINE,ORANGE,92614,33.68555625867463,-117.856350918493,2026-07-30T23:02:04Z,07/31/2026 06:00:00 AM,Work is in progress.,Not Available,01,QI,43,ELLIS,07/30/2026 11:10:54 PM,2026-07-31T01:57:29,0:active,2026-07-31T09:07:15Z
136355562,800556193,active,ACTIVE,,89,Traffic Accident,,SANTA ANA,ORANGE,92703,33.74732072833402,-117.8949301140085,2026-07-30T23:41:52Z,Most up by 07/31/2026 08:00:00 AM,We have identified the problem and are working to restore your service.,Power Poles and Lines Down,01,Not Available,29,ELLIS,07/31/2026 12:15:11 AM,2026-07-31T01:57:29,0:active,2026-07-31T09:07:15Z
136323299,800553649,active,ACTIVE,,2,Upgrading Equipment,,TUSTIN,ORANGE,92780,33.719871454682185,-117.83889291014108,2026-07-30T20:00:00Z,07/31/2026 03:30:00 AM,Work is in progress.,Enhancing Reliability,06,PO,29,ELLIS,07/30/2026 08:47:28 PM,2026-07-31T01:57:29,0:active,2026-07-31T09:07:15Z
136300574,800552051,active,ACTIVE,,16,Upgrading Equipment,,TUSTIN,ORANGE,92782,33.72411826090315,-117.79502101165144,2026-07-30T21:06:05Z,07/31/2026 03:30:00 AM,Work is in progress.,Enhancing Reliability,18,PO,29,VILLA PARK,07/30/2026 09:10:16 PM,2026-07-31T01:57:29,0:active,2026-07-31T09:07:15Z
136355042,800556092,active,ACTIVE,,147,Equipment Problems,,TUSTIN,ORANGE,92782,33.731137031355516,-117.80241653685673,2026-07-30T19:31:20Z,Most up by 07/31/2026 10:15:00 AM,We have identified the problem and are working to restore your service.,Not Available,01,Not Available,29,VILLA PARK,07/30/2026 11:59:37 PM,2026-07-31T01:57:29,0:active,2026-07-31T09:07:15Z
136328621,800554131,scheduled,ACTIVE,S,85,Pole Upgrade,,GARDEN GROVE,ORANGE,92845,33.79046523974237,-118.02373298579515,2026-08-05T08:00:00Z,08/05/2026 03:00:00 PM,Work is in progress.,Enhancing Reliability,18,PO,29,VILLA PARK,07/25/2026 09:00:55 AM,2026-07-31T01:57:27,1:scheduled,2026-07-31T09:07:15Z
136349614,800555694,scheduled,ACTIVE,S,3,Upgrading Equipment,,COSTA MESA,ORANGE,92626,33.67372071069094,-117.87769470459074,2026-08-09T09:00:00Z,08/09/2026 02:00:00 PM,Work is in progress.,Enhancing Reliability,06,PO,33,ELLIS,07/29/2026 05:14:57 PM,2026-07-31T01:57:27,1:scheduled,2026-07-31T09:07:15Z
136338444,800554634,scheduled,ACTIVE,S,2,Upgrading Equipment,,BUENA PARK,ORANGE,90620,33.844417238492426,-118.02877105052218,2026-08-06T08:00:00Z,08/06/2026 06:30:00 PM,Work is in progress.,Enhancing Reliability,06,PO,48,VILLA PARK,07/27/2026 01:18:15 PM,2026-07-31T01:57:27,1:scheduled,2026-07-31T09:07:15Z
136242596,800547299,scheduled,ACTIVE,S,19,Upgrading Equipment,,WESTMINSTER,ORANGE,92683,33.771567700429756,-118.03849159175257,2026-07-31T12:00:00Z,07/31/2026 03:00:00 PM,Work is in progress.,Enhancing Reliability,14,PO,33,VILLA PARK,07/15/2026 08:35:41 AM,2026-07-31T01:57:27,1:scheduled,2026-07-31T09:07:15Z
136299596,800551797,scheduled,ACTIVE,S,12,Pole Upgrade,,WESTMINSTER,ORANGE,92683,33.76554349784408,-117.9843480023681,2026-07-31T08:00:00Z,07/31/2026 02:00:00 PM,Work is in progress.,Enhancing Reliability,18,PO,33,VILLA PARK,07/18/2026 08:35:19 AM,2026-07-31T01:57:27,1:scheduled,2026-07-31T09:07:15Z
136325466,800553838,scheduled,ACTIVE,S,82,Pole Upgrade,,CYPRESS,ORANGE,90630,33.80789051663639,-118.0121504382034,2026-08-04T09:00:00Z,08/04/2026 05:00:00 PM,Work is in progress.,Enhancing Reliability,06,PO,48,VILLA PARK,07/24/2026 05:34:48 PM,2026-07-31T01:57:27,1:scheduled,2026-07-31T09:07:15Z
136349634,800555555,scheduled,ACTIVE,S,683,Cable Upgrade,,LAGUNA WOODS,ORANGE,92653,33.611945597099144,-117.74979828951963,2026-08-10T08:00:00Z,08/10/2026 04:00:00 PM,Work is in progress.,Enhancing Reliability,18,PO,43,ELLIS,07/29/2026 05:27:11 PM,2026-07-31T01:57:27,1:scheduled,2026-07-31T09:07:15Z
136342059,800554995,scheduled,ACTIVE,S,40,Transformer Upgrade,,LA HABRA,ORANGE,90631,33.91164040097648,-117.95636194010892,2026-08-06T12:00:00Z,08/06/2026 03:30:00 PM,Work is in progress.,Enhancing Reliability,18,PO,48,VILLA PARK,07/28/2026 10:03:37 AM,2026-07-31T01:57:27,1:scheduled,2026-07-31T09:07:15Z
136349334,800555649,scheduled,ACTIVE,S,50,Transformer Upgrade,,SEAL BEACH,ORANGE,90740,33.767011407533914,-118.08291207880981,2026-08-10T09:00:00Z,08/10/2026 03:00:00 PM,Work is in progress.,Enhancing Reliability,06,PO,46,LIGHTHIPE,07/29/2026 04:02:37 PM,2026-07-31T01:57:27,1:scheduled,2026-07-31T09:07:15Z
136328219,800553998,scheduled,ACTIVE,S,14,Upgrading Equipment,,WESTMINSTER,ORANGE,92683,33.739953083000664,-118.0056591850109,2026-08-04T12:30:00Z,08/04/2026 03:00:00 PM,Work is in progress.,Enhancing Reliability,06,PO,33,VILLA PARK,07/25/2026 06:24:54 AM,2026-07-31T01:57:27,1:scheduled,2026-07-31T09:07:15Z
136344209,800555175,scheduled,ACTIVE,S,422,Upgrading Equipment,,YORBA LINDA,ORANGE,92886,33.90556745773305,-117.82947551169154,2026-08-07T09:00:00Z,08/07/2026 04:00:00 PM,Work is in progress.,Enhancing Reliability,06,PO,48,VILLA PARK,07/28/2026 05:14:40 PM,2026-07-31T01:57:27,1:scheduled,2026-07-31T09:07:15Z
136344160,800555188,scheduled,ACTIVE,S,2,Transformer Upgrade,,YORBA LINDA,ORANGE,92886,33.89010941744791,-117.81317064102544,2026-08-07T21:00:00Z,08/08/2026 01:00:00 AM,Work is in progress.,Enhancing Reliability,18,PO,48,VILLA PARK,07/28/2026 05:00:51 PM,2026-07-31T01:57:27,1:scheduled,2026-07-31T09:07:15Z
136299651,800551926,scheduled,ACTIVE,S,0,Transformer Upgrade,,FULLERTON,ORANGE,92831,33.859515074077976,-117.89506923699487,2026-07-31T09:00:00Z,07/31/2026 04:00:00 PM,Work is in progress.,Enhancing Reliability,06,PO,48,VILLA PARK,07/18/2026 08:50:14 AM,2026-07-31T01:57:27,1:scheduled,2026-07-31T09:07:15Z
136341822,800555067,scheduled,ACTIVE,S,260,Pole Upgrade,,BUENA PARK,ORANGE,90621,33.863173367163085,-118.00968912349519,2026-08-06T09:00:00Z,08/06/2026 05:00:00 PM,Work is in progress.,Enhancing Reliability,06,PO,48,VILLA PARK,07/28/2026 09:22:49 AM,2026-07-31T01:57:27,1:scheduled,2026-07-31T09:07:15Z
136299635,800551831,scheduled,ACTIVE,S,6,Upgrading Equipment,,TUSTIN FOOTHILLS,ORANGE,92780,33.75130155655582,-117.8133188154366,2026-07-31T08:00:00Z,07/31/2026 11:00:00 AM,Work is in progress.,Enhancing Reliability,18,PO,29,VILLA PARK,07/18/2026 08:45:13 AM,2026-07-31T01:57:27,1:scheduled,2026-07-31T09:07:15Z
136321088,800553546,scheduled,ACTIVE,S,37,Upgrading Equipment,,NEWPORT BEACH,ORANGE,92660,33.62521740647028,-117.90241094952137,2026-08-03T09:00:00Z,08/03/2026 01:00:00 PM,Work is in progress.,Enhancing Reliability,06,PO,33,ELLIS,07/23/2026 02:39:40 PM,2026-07-31T01:57:27,1:scheduled,2026-07-31T09:07:15Z
136325450,800553945,scheduled,ACTIVE,S,255,Pole Upgrade,,SANTA ANA,ORANGE,92703,33.73575467708588,-117.88853505511156,2026-08-04T08:00:00Z,08/04/2026 04:00:00 PM,Work is in progress.,Enhancing Reliability,18,PO,29,ELLIS,07/24/2026 05:30:21 PM,2026-07-31T01:57:27,1:scheduled,2026-07-31T09:07:15Z
136320896,800553505,scheduled,ACTIVE,S,0,Upgrading Equipment,,WESTMINSTER,ORANGE,92683,33.749448618087676,-117.99983447996259,2026-08-02T09:00:00Z,08/02/2026 02:00:00 PM,Work is in progress.,Enhancing Reliability,06,PO,33,VILLA PARK,07/23/2026 01:07:58 PM,2026-07-31T01:57:27,1:scheduled,2026-07-31T09:07:15Z
136312619,800552685,scheduled,ACTIVE,S,101,Upgrading Equipment,,GARDEN GROVE,ORANGE,92845,33.78216508806161,-118.03881183306652,2026-07-31T08:00:00Z,07/31/2026 04:00:00 PM,Work is in progress.,Enhancing Reliability,18,PO,29,VILLA PARK,07/21/2026 06:02:42 PM,2026-07-31T01:57:27,1:scheduled,2026-07-31T09:07:15Z
136323256,800553724,scheduled,ACTIVE,S,2,Upgrading Equipment,,GARDEN GROVE,ORANGE,92841,33.78998494280542,-118.00362214640799,2026-08-03T21:00:00Z,08/04/2026 02:00:00 AM,Work is in progress.,Enhancing Reliability,18,PO,29,VILLA PARK,07/24/2026 08:01:44 AM,2026-07-31T01:57:28,1:scheduled,2026-07-31T09:07:15Z
136299764,800551857,scheduled,ACTIVE,S,140,Transformer Upgrade,,SANTA ANA,ORANGE,92707,33.70141981640157,-117.86952971395411,2026-07-31T15:00:00Z,07/31/2026 07:00:00 PM,Work is in progress.,Enhancing Reliability,18,PO,29,ELLIS,07/18/2026 09:16:26 AM,2026-07-31T01:57:28,1:scheduled,2026-07-31T09:07:15Z
136328278,800554104,scheduled,ACTIVE,S,14,Upgrading Equipment,,FOUNTAIN VALLEY,ORANGE,92708,33.72696062563959,-117.93293490337513,2026-08-05T12:30:00Z,08/05/2026 03:00:00 PM,Work is in progress.,Enhancing Reliability,06,PO,33,ELLIS,07/25/2026 07:15:24 AM,2026-07-31T01:57:28,1:scheduled,2026-07-31T09:07:15Z
136343941,800555229,scheduled,ACTIVE,S,18,Upgrading Equipment,,FOUNTAIN VALLEY,ORANGE,92708,33.71635934366413,-117.97090804868756,2026-08-07T01:00:00Z,08/07/2026 06:30:00 AM,Work is in progress.,Enhancing Reliability,06,PO,33,ELLIS,07/28/2026 04:10:03 PM,2026-07-31T01:57:28,1:scheduled,2026-07-31T09:07:15Z
136300596,800551967,scheduled,ACTIVE,S,154,Upgrading Equipment,,HUNTINGTON BEACH,ORANGE,92646,33.66020883706171,-117.98387145778797,2026-08-03T09:00:00Z,08/03/2026 03:00:00 PM,Work is in progress.,Enhancing Reliability,06,PO,33,ELLIS,07/18/2026 12:22:20 PM,2026-07-31T01:57:28,1:scheduled,2026-07-31T09:07:15Z
136325479,800553946,scheduled,ACTIVE,S,21,Upgrading Equipment,,SANTA ANA,ORANGE,92704,33.71986341946297,-117.90632149831112,2026-08-04T09:00:00Z,08/04/2026 04:00:00 PM,Work is in progress.,Enhancing Reliability,06,PO,29,ELLIS,07/24/2026 05:37:48 PM,2026-07-31T01:57:28,1:scheduled,2026-07-31T09:07:15Z
136328682,800554187,scheduled,ACTIVE,S,1,Transformer Upgrade,,IRVINE,ORANGE,92618,33.66578857424019,-117.78764009484934,2026-08-05T13:00:00Z,08/05/2026 03:30:00 PM,Work is in progress.,Enhancing Reliability,18,PO,43,ELLIS,07/25/2026 09:16:04 AM,2026-07-31T01:57:28,1:scheduled,2026-07-31T09:07:15Z
136328262,800554029,scheduled,ACTIVE,S,7,Upgrading Equipment,,NEWPORT BEACH,ORANGE,92660,33.624375507748,-117.86575921521208,2026-08-05T12:30:00Z,08/05/2026 03:30:00 PM,Work is in progress.,Enhancing Reliability,06,PO,33,ELLIS,07/25/2026 07:02:21 AM,2026-07-31T01:57:28,1:scheduled,2026-07-31T09:07:15Z
136328225,800554063,scheduled,ACTIVE,S,23,Transformer Upgrade,,PLACENTIA,ORANGE,92870,33.86854751212615,-117.83149968462294,2026-08-05T08:00:00Z,08/05/2026 11:00:00 AM,Work is in progress.,Enhancing Reliability,18,PO,48,VILLA PARK,07/25/2026 06:38:29 AM,2026-07-31T01:57:28,1:scheduled,2026-07-31T09:07:15Z
136299776,800551892,scheduled,ACTIVE,S,2,Upgrading Equipment,,IRVINE,ORANGE,92614,33.69546016531424,-117.86171221951717,2026-08-01T08:00:00Z,08/01/2026 03:00:00 PM,Work is in progress.,Enhancing Reliability,06,PO,43,ELLIS,07/18/2026 09:19:22 AM,2026-07-31T01:57:28,1:scheduled,2026-07-31T09:07:15Z
136323196,800553592,scheduled,ACTIVE,S,5,Upgrading Equipment,,ORANGE,ORANGE,92868,33.78535590141055,-117.88948426534641,2026-08-03T19:30:00Z,08/03/2026 10:30:00 PM,Work is in progress.,Enhancing Reliability,06,PO,29,VILLA PARK,07/24/2026 07:23:04 AM,2026-07-31T01:57:28,1:scheduled,2026-07-31T09:07:15Z
136344234,800555190,scheduled,ACTIVE,S,26,Transformer Upgrade,,HUNTINGTON BEACH,ORANGE,92649,33.71257129896257,-118.04486712846176,2026-08-07T09:00:00Z,08/07/2026 01:00:00 PM,Work is in progress.,Enhancing Reliability,06,PO,33,VILLA PARK,07/28/2026 05:21:35 PM,2026-07-31T01:57:28,1:scheduled,2026-07-31T09:07:15Z
136299606,800551911,scheduled,ACTIVE,S,41,Pole Upgrade,,SANTA ANA,ORANGE,92701,33.743012266353944,-117.86562216733401,2026-07-31T08:00:00Z,07/31/2026 03:00:00 PM,Work is in progress.,Enhancing Reliability,18,PO,29,VILLA PARK,07/18/2026 08:38:38 AM,2026-07-31T01:57:28,1:scheduled,2026-07-31T09:07:15Z
136353384,800555945,scheduled,ACTIVE,S,1,Upgrading Equipment,,FULLERTON,ORANGE,92833,33.888107206510846,-117.9425668886848,2026-08-10T09:00:00Z,08/10/2026 04:00:00 PM,Work is in progress.,Enhancing Reliability,06,PO,48,VILLA PARK,07/30/2026 12:00:30 PM,2026-07-31T01:57:28,1:scheduled,2026-07-31T09:07:15Z
136312665,800552686,scheduled,ACTIVE,S,104,Cable Upgrade,,BUENA PARK,ORANGE,90620,33.83989924092641,-117.99520550352433,2026-07-31T23:00:00Z,08/01/2026 06:30:00 AM,Work is in progress.,Enhancing Reliability,18,PO,48,VILLA PARK,07/21/2026 06:22:54 PM,2026-07-31T01:57:28,1:scheduled,2026-07-31T09:07:15Z
136328212,800554009,scheduled,ACTIVE,S,11,Upgrading Equipment,,NEWPORT BEACH,ORANGE,92625,33.60526308124897,-117.87043538464377,2026-08-04T12:30:00Z,08/04/2026 03:30:00 PM,Work is in progress.,Enhancing Reliability,06,PO,33,ELLIS,07/25/2026 06:14:34 AM,2026-07-31T01:57:28,1:scheduled,2026-07-31T09:07:15Z
136344144,800555212,scheduled,ACTIVE,S,57,Upgrading Equipment,,SANTA ANA,ORANGE,92706,33.77602338557146,-117.87228656630596,2026-08-07T21:00:00Z,08/08/2026 01:00:00 AM,Work is in progress.,Enhancing Reliability,18,PO,29,VILLA PARK,07/28/2026 04:57:20 PM,2026-07-31T01:57:28,1:scheduled,2026-07-31T09:07:15Z
136349469,800555690,scheduled,ACTIVE,S,73,Upgrading Equipment,,IRVINE,ORANGE,92602,33.721583272467036,-117.79086433615191,2026-08-08T08:00:00Z,08/08/2026 03:00:00 PM,Work is in progress.,Enhancing Reliability,06,PO,43,ELLIS,07/29/2026 04:50:24 PM,2026-07-31T01:57:28,1:scheduled,2026-07-31T09:07:15Z
136300609,800551954,scheduled,ACTIVE,S,53,Upgrading Equipment,,GARDEN GROVE,ORANGE,92845,33.77716562060776,-118.0391821285081,2026-08-03T08:00:00Z,08/03/2026 03:00:00 PM,Work is in progress.,Enhancing Reliability,18,PO,29,VILLA PARK,07/18/2026 12:28:21 PM,2026-07-31T01:57:28,1:scheduled,2026-07-31T09:07:15Z
136352829,800555816,scheduled,ACTIVE,S,1,Upgrading Equipment,,NEWPORT BEACH,ORANGE,92660,33.642453590215105,-117.8671645773718,2026-08-10T09:00:00Z,08/10/2026 11:00:00 AM,Work is in progress.,Enhancing Reliability,06,PO,33,ELLIS,07/30/2026 09:43:27 AM,2026-07-31T01:57:28,1:scheduled,2026-07-31T09:07:15Z
136344187,800555283,scheduled,ACTIVE,S,129,Upgrading Equipment,,SANTA ANA,ORANGE,92704,33.69767167739644,-117.89472893180906,2026-08-07T09:00:00Z,08/07/2026 03:00:00 PM,Work is in progress.,Enhancing Reliability,06,PO,29,ELLIS,07/28/2026 05:06:19 PM,2026-07-31T01:57:28,1:scheduled,2026-07-31T09:07:15Z
136325568,800553872,scheduled,ACTIVE,S,38,Upgrading Equipment,,SEAL BEACH,ORANGE,90740,33.76137699286526,-118.07824576928665,2026-08-06T22:00:00Z,08/07/2026 04:00:00 AM,Work is in progress.,Enhancing Reliability,06,PO,46,LIGHTHIPE,07/24/2026 06:06:18 PM,2026-07-31T01:57:28,1:scheduled,2026-07-31T09:07:15Z
136344072,800555281,scheduled,ACTIVE,S,35,Upgrading Equipment,,FULLERTON,ORANGE,92833,33.893933899114494,-117.94847005797993,2026-08-07T09:00:00Z,08/07/2026 04:00:00 PM,Work is in progress.,Enhancing Reliability,06,PO,48,VILLA PARK,07/28/2026 04:45:16 PM,2026-07-31T01:57:28,1:scheduled,2026-07-31T09:07:15Z
136320552,800553404,scheduled,ACTIVE,S,1,Upgrading Equipment,,YORBA LINDA,ORANGE,92886,33.89045614673738,-117.8140498689064,2026-08-01T09:00:00Z,08/01/2026 04:00:00 PM,Work is in progress.,Enhancing Reliability,06,PO,48,VILLA PARK,07/23/2026 11:20:25 AM,2026-07-31T01:57:28,1:scheduled,2026-07-31T09:07:15Z
136349441,800555667,scheduled,ACTIVE,S,46,Pole Upgrade,,SANTA ANA,ORANGE,92705,33.76636762126047,-117.83401994767839,2026-08-06T08:00:00Z,08/06/2026 04:00:00 PM,Work is in progress.,Enhancing Reliability,18,PO,29,VILLA PARK,07/29/2026 04:40:51 PM,2026-07-31T01:57:28,1:scheduled,2026-07-31T09:07:15Z
136325493,800553925,scheduled,ACTIVE,S,50,Pole Upgrade,,BUENA PARK,ORANGE,90620,33.849827912440766,-118.01056164275762,2026-08-03T21:00:00Z,08/04/2026 03:00:00 AM,Work is in progress.,Enhancing Reliability,18,PO,48,VILLA PARK,07/24/2026 05:43:40 PM,2026-07-31T01:57:28,1:scheduled,2026-07-31T09:07:15Z
136353674,800555948,scheduled,ACTIVE,S,99,Upgrading Equipment,,HUNTINGTON BEACH,ORANGE,92646,33.65288831220681,-117.97839513108494,2026-08-10T10:00:00Z,08/10/2026 02:00:00 PM,Work is in progress.,Enhancing Reliability,06,PO,33,ELLIS,07/30/2026 01:23:52 PM,2026-07-31T01:57:28,1:scheduled,2026-07-31T09:07:15Z
136317762,800553148,scheduled,ACTIVE,S,1,Upgrading Equipment,,STANTON,ORANGE,90680,33.80673802799463,-117.99066679699234,2026-08-03T07:30:00Z,08/03/2026 04:00:00 PM,Work is in progress.,Enhancing Reliability,06,PO,48,VILLA PARK,07/22/2026 04:34:13 PM,2026-07-31T01:57:28,1:scheduled,2026-07-31T09:07:15Z
136349055,800555684,scheduled,ACTIVE,S,0,Upgrading Equipment,,GARDEN GROVE,ORANGE,92841,33.79803057129434,-118.00328413192616,2026-07-31T23:00:00Z,08/01/2026 05:00:00 AM,Work is in progress.,Enhancing Reliability,06,PO,29,VILLA PARK,07/29/2026 02:59:43 PM,2026-07-31T01:57:28,1:scheduled,2026-07-31T09:07:15Z
136321999,800553511,scheduled,ACTIVE,S,27,Upgrading Equipment,,SANTA ANA,ORANGE,92706,33.75645897470706,-117.87065672413988,2026-08-03T09:00:00Z,08/03/2026 01:00:00 PM,Work is in progress.,Enhancing Reliability,06,PO,29,VILLA PARK,07/23/2026 02:58:22 PM,2026-07-31T01:57:28,1:scheduled,2026-07-31T09:07:15Z
136307252,800552216,scheduled,ACTIVE,S,0,Pole Upgrade,,Unincorporated Area,ORANGE,92821,33.94641754064117,-117.8622587823838,2026-07-31T07:00:00Z,07/31/2026 02:00:00 PM,Work is in progress.,Enhancing Reliability,18,PO,48,VILLA PARK,07/20/2026 10:52:06 AM,2026-07-31T01:57:28,1:scheduled,2026-07-31T09:07:15Z
136338482,800554698,scheduled,ACTIVE,S,147,Upgrading Equipment,,LA HABRA,ORANGE,90631,33.927265495117354,-117.95696260042027,2026-08-06T09:00:00Z,08/06/2026 03:00:00 PM,Work is in progress.,Enhancing Reliability,06,PO,48,VILLA PARK,07/27/2026 01:25:25 PM,2026-07-31T01:57:29,1:scheduled,2026-07-31T09:07:15Z
136299437,800551907,scheduled,ACTIVE,S,1,Cable Upgrade,,SANTA ANA,ORANGE,92705,33.7699450000988,-117.83770748520732,2026-07-31T08:00:00Z,07/31/2026 02:00:00 PM,Work is in progress.,Enhancing Reliability,18,PO,29,VILLA PARK,07/18/2026 07:31:13 AM,2026-07-31T01:57:29,1:scheduled,2026-07-31T09:07:15Z
136339649,800554769,scheduled,ACTIVE,S,7,Upgrading Equipment,,GARDEN GROVE,ORANGE,92843,33.749844315766424,-117.94242823911058,2026-08-05T08:00:00Z,08/05/2026 03:00:00 PM,Work is in progress.,Enhancing Reliability,18,PO,29,VILLA PARK,07/27/2026 06:19:34 PM,2026-07-31T01:57:29,1:scheduled,2026-07-31T09:07:15Z
136349519,800555576,scheduled,ACTIVE,S,597,Upgrading Equipment,,IRVINE,ORANGE,92612,33.649538041391374,-117.82562273984588,2026-08-08T08:30:00Z,08/08/2026 06:30:00 PM,Work is in progress.,Enhancing Reliability,06,PO,43,ELLIS,07/29/2026 05:05:41 PM,2026-07-31T01:57:29,1:scheduled,2026-07-31T09:07:15Z
136352910,800555779,scheduled,ACTIVE,S,76,Upgrading Equipment,,COSTA MESA,ORANGE,92627,33.65240982993159,-117.90422650849096,2026-08-10T09:00:00Z,08/10/2026 10:30:00 AM,Work is in progress.,Enhancing Reliability,06,PO,33,ELLIS,07/30/2026 10:12:24 AM,2026-07-31T01:57:29,1:scheduled,2026-07-31T09:07:15Z
136344194,800555174,scheduled,ACTIVE,S,144,Transformer Upgrade,,NEWPORT BEACH,ORANGE,92663,33.625672060389086,-117.91075116913056,2026-08-07T09:30:00Z,08/07/2026 02:00:00 PM,Work is in progress.,Enhancing Reliability,06,PO,33,ELLIS,07/28/2026 05:08:44 PM,2026-07-31T01:57:29,1:scheduled,2026-07-31T09:07:15Z
136344210,800555320,scheduled,ACTIVE,S,2,Cable Upgrade,,HUNTINGTON BEACH,ORANGE,92647,33.745144378034986,-118.02638770598739,2026-08-08T07:30:00Z,08/08/2026 01:00:00 PM,Work is in progress.,Enhancing Reliability,06,PO,33,VILLA PARK,07/28/2026 05:15:49 PM,2026-07-31T01:57:29,1:scheduled,2026-07-31T09:07:15Z
136241459,800547314,scheduled,ACTIVE,S,27,Upgrading Equipment,,WESTMINSTER,ORANGE,92683,33.74966140602627,-117.97001169083246,2026-07-31T09:00:00Z,07/31/2026 11:00:00 AM,Work is in progress.,Enhancing Reliability,14,PO,33,VILLA PARK,07/15/2026 08:33:38 AM,2026-07-31T01:57:29,1:scheduled,2026-07-31T09:07:15Z
136325503,800553980,scheduled,ACTIVE,S,263,Upgrading Equipment,,LAGUNA WOODS,ORANGE,92653,33.610430650505194,-117.73919787272297,2026-08-04T10:00:00Z,08/04/2026 02:00:00 PM,Work is in progress.,Enhancing Reliability,06,PO,43,ELLIS,07/24/2026 05:46:50 PM,2026-07-31T01:57:29,1:scheduled,2026-07-31T09:07:15Z
136317790,800553164,scheduled,ACTIVE,S,3,Cable Upgrade,,NEWPORT BEACH,ORANGE,92660,33.61996203915341,-117.87813627865516,2026-08-01T09:00:00Z,08/01/2026 12:00:00 PM,Work is in progress.,Enhancing Reliability,06,PO,33,ELLIS,07/22/2026 04:43:11 PM,2026-07-31T01:57:29,1:scheduled,2026-07-31T09:07:15Z
136328601,800554200,scheduled,ACTIVE,S,162,Pole Upgrade,,ORANGE,ORANGE,92867,33.81202505311741,-117.8332468234089,2026-08-04T21:00:00Z,08/05/2026 03:00:00 AM,Work is in progress.,Enhancing Reliability,18,PO,29,VILLA PARK,07/25/2026 08:52:04 AM,2026-07-31T01:57:29,1:scheduled,2026-07-31T09:07:15Z
136354456,800556070,scheduled,ACTIVE,S,70,Pole Upgrade,,ORANGE,ORANGE,92866,33.78533883232527,-117.84528135833582,2026-08-10T09:30:00Z,08/10/2026 04:00:00 PM,Work is in progress.,Enhancing Reliability,18,PO,29,VILLA PARK,07/30/2026 04:30:53 PM,2026-07-31T01:57:29,1:scheduled,2026-07-31T09:07:15Z
136325519,800553981,scheduled,ACTIVE,S,49,Upgrading Equipment,,SEAL BEACH,ORANGE,90740,33.77557886786111,-118.05643328359616,2026-08-04T12:00:00Z,08/04/2026 02:30:00 PM,Work is in progress.,Enhancing Reliability,06,PO,33,VILLA PARK,07/24/2026 05:49:24 PM,2026-07-31T01:57:29,1:scheduled,2026-07-31T09:07:15Z
136343047,800555116,scheduled,ACTIVE,S,15,Upgrading Equipment,,GARDEN GROVE,ORANGE,92844,33.76879410347582,-117.98274719734526,2026-08-03T08:00:00Z,08/03/2026 12:00:00 PM,Work is in progress.,Enhancing Reliability,18,PO,29,VILLA PARK,07/28/2026 01:25:24 PM,2026-07-31T01:57:29,1:scheduled,2026-07-31T09:07:15Z
136349254,800555574,scheduled,ACTIVE,S,429,Upgrading Equipment,,SANTA ANA,ORANGE,92706,33.7711192713363,-117.90317429383236,2026-08-06T00:30:00Z,08/06/2026 04:30:00 AM,Work is in progress.,Enhancing Reliability,06,PO,29,ELLIS,07/29/2026 03:42:09 PM,2026-07-31T01:57:29,1:scheduled,2026-07-31T09:07:15Z
136300584,800551988,scheduled,ACTIVE,S,6,Upgrading Equipment,,HUNTINGTON BEACH,ORANGE,92646,33.676494833623565,-117.97935198508455,2026-08-03T09:00:00Z,08/03/2026 11:00:00 AM,Work is in progress.,Enhancing Reliability,06,PO,33,ELLIS,07/18/2026 12:18:16 PM,2026-07-31T01:57:29,1:scheduled,2026-07-31T09:07:15Z
136308499,800552433,scheduled,ACTIVE,S,17,Upgrading Equipment,,FOUNTAIN VALLEY,ORANGE,92708,33.69642259671888,-117.94917739592623,2026-08-04T12:00:00Z,08/04/2026 03:00:00 PM,Work is in progress.,Enhancing Reliability,06,PO,33,ELLIS,07/20/2026 03:35:16 PM,2026-07-31T01:57:29,1:scheduled,2026-07-31T09:07:15Z
136342301,800554997,scheduled,ACTIVE,S,290,Transformer Upgrade,,LA HABRA,ORANGE,90631,33.92076994554213,-117.96099085995333,2026-08-07T08:30:00Z,08/07/2026 02:00:00 PM,Work is in progress.,Enhancing Reliability,18,PO,48,VILLA PARK,07/28/2026 10:57:55 AM,2026-07-31T01:57:29,1:scheduled,2026-07-31T09:07:15Z
136344200,800555264,scheduled,ACTIVE,S,32,Upgrading Equipment,,WESTMINSTER,ORANGE,92683,33.76958493832515,-118.01762283298045,2026-08-07T09:00:00Z,08/07/2026 11:00:00 AM,Work is in progress.,Enhancing Reliability,06,PO,33,VILLA PARK,07/28/2026 05:11:32 PM,2026-07-31T01:57:29,1:scheduled,2026-07-31T09:07:15Z
136252024,800548096,scheduled,ACTIVE,S,26,Upgrading Equipment,,LA HABRA,ORANGE,90631,33.92089369520579,-117.94329266994217,2026-08-02T09:00:00Z,08/02/2026 04:00:00 PM,Work is in progress.,Enhancing Reliability,14,PO,48,VILLA PARK,07/15/2026 07:13:18 AM,2026-07-31T01:57:29,1:scheduled,2026-07-31T09:07:15Z
136352384,800555846,scheduled,ACTIVE,S,55,Pole Upgrade,,WESTMINSTER,ORANGE,92683,33.762467234370995,-117.98723444298787,2026-08-05T08:30:00Z,08/05/2026 04:00:00 PM,Work is in progress.,Enhancing Reliability,18,PO,33,VILLA PARK,07/30/2026 08:17:53 AM,2026-07-31T01:57:29,1:scheduled,2026-07-31T09:07:15Z
136299616,800551853,scheduled,ACTIVE,S,15,Pole Upgrade,,WESTMINSTER,ORANGE,92683,33.7644827983857,-117.98369088743272,2026-07-31T08:00:00Z,07/31/2026 02:00:00 PM,Work is in progress.,Enhancing Reliability,18,PO,33,VILLA PARK,07/18/2026 08:41:01 AM,2026-07-31T01:57:29,1:scheduled,2026-07-31T09:07:15Z
136299645,800551912,scheduled,ACTIVE,S,54,Upgrading Equipment,,BUENA PARK,ORANGE,90620,33.842134930990134,-117.98795291824709,2026-07-31T09:00:00Z,07/31/2026 12:00:00 PM,Work is in progress.,Enhancing Reliability,06,PO,48,VILLA PARK,07/18/2026 08:47:42 AM,2026-07-31T01:57:29,1:scheduled,2026-07-31T09:07:15Z
136261877,800548814,scheduled,ACTIVE,S,12,Pole Upgrade,,WESTMINSTER,ORANGE,92683,33.76554349784408,-117.9843480023681,2026-08-06T08:00:00Z,08/06/2026 05:00:00 PM,Work is in progress.,Enhancing Reliability,20,PO,33,VILLA PARK,07/20/2026 03:32:01 PM,2026-07-31T01:57:29,1:scheduled,2026-07-31T09:07:15Z
136328339,800554105,scheduled,ACTIVE,S,11,Pole Upgrade,,HUNTINGTON BEACH,ORANGE,92647,33.736585786301454,-118.02033276901996,2026-08-06T09:00:00Z,08/06/2026 04:00:00 PM,Work is in progress.,Enhancing Reliability,06,PO,33,VILLA PARK,07/25/2026 07:27:39 AM,2026-07-31T01:57:29,1:scheduled,2026-07-31T09:07:15Z
136344182,800555282,scheduled,ACTIVE,S,8,Upgrading Equipment,,TUSTIN,ORANGE,92782,33.728907205798784,-117.79699471723016,2026-08-07T21:00:00Z,08/08/2026 04:30:00 AM,Work is in progress.,Enhancing Reliability,06,PO,29,VILLA PARK,07/28/2026 05:05:43 PM,2026-07-31T01:57:29,1:scheduled,2026-07-31T09:07:15Z
136321052,800553448,scheduled,ACTIVE,S,683,Upgrading Equipment,,LAGUNA WOODS,ORANGE,92653,33.611945597099144,-117.74979828951963,2026-08-03T08:00:00Z,08/03/2026 04:00:00 PM,Work is in progress.,Enhancing Reliability,18,PO,43,ELLIS,07/23/2026 02:16:48 PM,2026-07-31T01:57:29,1:scheduled,2026-07-31T09:07:15Z
136328244,800553855,scheduled,ACTIVE,S,9,Upgrading Equipment,,NEWPORT BEACH,ORANGE,92625,33.598499397038275,-117.85953968712164,2026-08-05T12:30:00Z,08/05/2026 03:30:00 PM,Work is in progress.,Enhancing Reliability,06,PO,33,ELLIS,07/25/2026 06:50:24 AM,2026-07-31T01:57:29,1:scheduled,2026-07-31T09:07:15Z
136344245,800555284,scheduled,ACTIVE,S,169,Upgrading Equipment,,SANTA ANA,ORANGE,92706,33.775375498178704,-117.87137163398573,2026-08-08T01:00:00Z,08/08/2026 04:00:00 AM,Work is in progress.,Enhancing Reliability,18,PO,29,VILLA PARK,07/28/2026 05:25:53 PM,2026-07-31T01:57:29,1:scheduled,2026-07-31T09:07:15Z
136328723,800554051,scheduled,ACTIVE,S,4,Upgrading Equipment,,NEWPORT BEACH,ORANGE,92660,33.6158775861818,-117.86826329960927,2026-08-06T01:30:00Z,08/06/2026 07:00:00 AM,Work is in progress.,Enhancing Reliability,06,PO,33,ELLIS,07/25/2026 09:30:21 AM,2026-07-31T01:57:29,1:scheduled,2026-07-31T09:07:15Z
136323151,800553664,scheduled,ACTIVE,S,78,Cable Upgrade,,ORANGE,ORANGE,92868,33.78277861094688,-117.87293439625456,2026-07-31T09:30:00Z,07/31/2026 02:00:00 PM,Work is in progress.,Enhancing Reliability,06,PO,29,VILLA PARK,07/24/2026 06:53:34 AM,2026-07-31T01:57:30,1:scheduled,2026-07-31T09:07:15Z
136328164,800553974,scheduled,ACTIVE,S,60,Upgrading Equipment,,LOS ALAMITOS,ORANGE,90720,33.79085931464146,-118.07062169111353,2026-08-07T09:00:00Z,08/07/2026 04:00:00 PM,Work is in progress.,Enhancing Reliability,06,PO,46,LIGHTHIPE,07/25/2026 05:24:15 AM,2026-07-31T01:57:30,1:scheduled,2026-07-31T09:07:15Z
136352855,800555798,scheduled,ACTIVE,S,1,Cable Upgrade,,SANTA ANA,ORANGE,92706,33.768883694986954,-117.88432675433098,2026-08-10T09:00:00Z,08/10/2026 02:00:00 PM,Work is in progress.,Enhancing Reliability,06,PO,29,ELLIS,07/30/2026 09:52:57 AM,2026-07-31T01:57:30,1:scheduled,2026-07-31T09:07:15Z
136323433,800553612,scheduled,ACTIVE,S,255,Upgrading Equipment,,SANTA ANA,ORANGE,92703,33.73575467708588,-117.88853505511156,2026-08-04T22:00:00Z,08/05/2026 04:30:00 AM,Work is in progress.,Enhancing Reliability,06,PO,29,ELLIS,07/24/2026 08:41:28 AM,2026-07-31T01:57:30,1:scheduled,2026-07-31T09:07:15Z
136355552,800556222,active,ACTIVE,,221,Equipment Problems,,STANTON,ORANGE,90680,33.79734117876056,-117.98983097121433,2026-07-30T23:31:16Z,07/31/2026 04:00:00 AM,Work is in progress.,Not Available,01,QI,48,VILLA PARK,07/31/2026 02:10:00 AM,2026-07-31T02:17:40,0:active,2026-07-31T09:22:13Z
136355191,800556189,active,ACTIVE,,106,Equipment Problems,,NEWPORT BEACH,ORANGE,92661,33.60449232798635,-117.90753171315346,2026-07-30T19:01:40Z,07/31/2026 05:00:00 AM,Work is in progress.,Not Available,01,QI,33,ELLIS,07/31/2026 01:11:21 AM,2026-07-31T02:17:41,0:active,2026-07-31T09:22:13Z
136355514,800556134,active,ACTIVE,,3,Equipment Problems,,IRVINE,ORANGE,92614,33.68555625867463,-117.856350918493,2026-07-30T23:02:04Z,07/31/2026 06:00:00 AM,Work is in progress.,Not Available,01,QI,43,ELLIS,07/30/2026 11:10:54 PM,2026-07-31T02:17:41,0:active,2026-07-31T09:22:13Z
136355562,800556193,active,ACTIVE,,89,Traffic Accident,,SANTA ANA,ORANGE,92703,33.74732072833402,-117.8949301140085,2026-07-30T23:41:52Z,07/31/2026 08:00:00 AM,Work is in progress.,Power Poles and Lines Down,01,Not Available,29,ELLIS,07/31/2026 02:13:02 AM,2026-07-31T02:17:41,0:active,2026-07-31T09:22:13Z
136323299,800553649,active,ACTIVE,,1,Upgrading Equipment,,TUSTIN,ORANGE,92780,33.71921344066427,-117.83908406804026,2026-07-30T20:00:00Z,07/31/2026 03:30:00 AM,Work is in progress.,Enhancing Reliability,06,PO,29,ELLIS,07/31/2026 02:09:34 AM,2026-07-31T02:17:41,0:active,2026-07-31T09:22:13Z
136300574,800552051,active,ACTIVE,,16,Upgrading Equipment,,TUSTIN,ORANGE,92782,33.72411826090315,-117.79502101165144,2026-07-30T21:06:05Z,07/31/2026 03:30:00 AM,Work is in progress.,Enhancing Reliability,18,PO,29,VILLA PARK,07/30/2026 09:10:16 PM,2026-07-31T02:17:41,0:active,2026-07-31T09:22:13Z
136355042,800556092,active,ACTIVE,,147,Equipment Problems,,TUSTIN,ORANGE,92782,33.731137031355516,-117.80241653685673,2026-07-30T19:31:20Z,Most up by 07/31/2026 10:15:00 AM,We have identified the problem and are working to restore your service.,Not Available,01,Not Available,29,VILLA PARK,07/30/2026 11:59:37 PM,2026-07-31T02:17:42,0:active,2026-07-31T09:22:13Z
136328621,800554131,scheduled,ACTIVE,S,85,Pole Upgrade,,GARDEN GROVE,ORANGE,92845,33.79046523974237,-118.02373298579515,2026-08-05T08:00:00Z,08/05/2026 03:00:00 PM,Work is in progress.,Enhancing Reliability,18,PO,29,VILLA PARK,07/25/2026 09:00:55 AM,2026-07-31T02:17:39,1:scheduled,2026-07-31T09:22:13Z
136349614,800555694,scheduled,ACTIVE,S,3,Upgrading Equipment,,COSTA MESA,ORANGE,92626,33.67372071069094,-117.87769470459074,2026-08-09T09:00:00Z,08/09/2026 02:00:00 PM,Work is in progress.,Enhancing Reliability,06,PO,33,ELLIS,07/29/2026 05:14:57 PM,2026-07-31T02:17:40,1:scheduled,2026-07-31T09:22:13Z
136338444,800554634,scheduled,ACTIVE,S,2,Upgrading Equipment,,BUENA PARK,ORANGE,90620,33.844417238492426,-118.02877105052218,2026-08-06T08:00:00Z,08/06/2026 06:30:00 PM,Work is in progress.,Enhancing Reliability,06,PO,48,VILLA PARK,07/27/2026 01:18:15 PM,2026-07-31T02:17:40,1:scheduled,2026-07-31T09:22:13Z
136242596,800547299,scheduled,ACTIVE,S,19,Upgrading Equipment,,WESTMINSTER,ORANGE,92683,33.771567700429756,-118.03849159175257,2026-07-31T12:00:00Z,07/31/2026 03:00:00 PM,Work is in progress.,Enhancing Reliability,14,PO,33,VILLA PARK,07/15/2026 08:35:41 AM,2026-07-31T02:17:40,1:scheduled,2026-07-31T09:22:13Z
136299596,800551797,scheduled,ACTIVE,S,12,Pole Upgrade,,WESTMINSTER,ORANGE,92683,33.76554349784408,-117.9843480023681,2026-07-31T08:00:00Z,07/31/2026 02:00:00 PM,Work is in progress.,Enhancing Reliability,18,PO,33,VILLA PARK,07/18/2026 08:35:19 AM,2026-07-31T02:17:40,1:scheduled,2026-07-31T09:22:13Z
136325466,800553838,scheduled,ACTIVE,S,82,Pole Upgrade,,CYPRESS,ORANGE,90630,33.80789051663639,-118.0121504382034,2026-08-04T09:00:00Z,08/04/2026 05:00:00 PM,Work is in progress.,Enhancing Reliability,06,PO,48,VILLA PARK,07/24/2026 05:34:48 PM,2026-07-31T02:17:40,1:scheduled,2026-07-31T09:22:13Z
136349634,800555555,scheduled,ACTIVE,S,683,Cable Upgrade,,LAGUNA WOODS,ORANGE,92653,33.611945597099144,-117.74979828951963,2026-08-10T08:00:00Z,08/10/2026 04:00:00 PM,Work is in progress.,Enhancing Reliability,18,PO,43,ELLIS,07/29/2026 05:27:11 PM,2026-07-31T02:17:40,1:scheduled,2026-07-31T09:22:13Z
136342059,800554995,scheduled,ACTIVE,S,40,Transformer Upgrade,,LA HABRA,ORANGE,90631,33.91164040097648,-117.95636194010892,2026-08-06T12:00:00Z,08/06/2026 03:30:00 PM,Work is in progress.,Enhancing Reliability,18,PO,48,VILLA PARK,07/28/2026 10:03:37 AM,2026-07-31T02:17:40,1:scheduled,2026-07-31T09:22:13Z
136349334,800555649,scheduled,ACTIVE,S,50,Transformer Upgrade,,SEAL BEACH,ORANGE,90740,33.767011407533914,-118.08291207880981,2026-08-10T09:00:00Z,08/10/2026 03:00:00 PM,Work is in progress.,Enhancing Reliability,06,PO,46,LIGHTHIPE,07/29/2026 04:02:37 PM,2026-07-31T02:17:40,1:scheduled,2026-07-31T09:22:13Z
136328219,800553998,scheduled,ACTIVE,S,14,Upgrading Equipment,,WESTMINSTER,ORANGE,92683,33.739953083000664,-118.0056591850109,2026-08-04T12:30:00Z,08/04/2026 03:00:00 PM,Work is in progress.,Enhancing Reliability,06,PO,33,VILLA PARK,07/25/2026 06:24:54 AM,2026-07-31T02:17:40,1:scheduled,2026-07-31T09:22:13Z
136344209,800555175,scheduled,ACTIVE,S,422,Upgrading Equipment,,YORBA LINDA,ORANGE,92886,33.90556745773305,-117.82947551169154,2026-08-07T09:00:00Z,08/07/2026 04:00:00 PM,Work is in progress.,Enhancing Reliability,06,PO,48,VILLA PARK,07/28/2026 05:14:40 PM,2026-07-31T02:17:40,1:scheduled,2026-07-31T09:22:13Z
136344160,800555188,scheduled,ACTIVE,S,2,Transformer Upgrade,,YORBA LINDA,ORANGE,92886,33.89010941744791,-117.81317064102544,2026-08-07T21:00:00Z,08/08/2026 01:00:00 AM,Work is in progress.,Enhancing Reliability,18,PO,48,VILLA PARK,07/28/2026 05:00:51 PM,2026-07-31T02:17:40,1:scheduled,2026-07-31T09:22:13Z
136299651,800551926,scheduled,ACTIVE,S,0,Transformer Upgrade,,FULLERTON,ORANGE,92831,33.859515074077976,-117.89506923699487,2026-07-31T09:00:00Z,07/31/2026 04:00:00 PM,Work is in progress.,Enhancing Reliability,06,PO,48,VILLA PARK,07/18/2026 08:50:14 AM,2026-07-31T02:17:40,1:scheduled,2026-07-31T09:22:13Z
136341822,800555067,scheduled,ACTIVE,S,260,Pole Upgrade,,BUENA PARK,ORANGE,90621,33.863173367163085,-118.00968912349519,2026-08-06T09:00:00Z,08/06/2026 05:00:00 PM,Work is in progress.,Enhancing Reliability,06,PO,48,VILLA PARK,07/28/2026 09:22:49 AM,2026-07-31T02:17:40,1:scheduled,2026-07-31T09:22:13Z
136299635,800551831,scheduled,ACTIVE,S,6,Upgrading Equipment,,TUSTIN FOOTHILLS,ORANGE,92780,33.75130155655582,-117.8133188154366,2026-07-31T08:00:00Z,07/31/2026 11:00:00 AM,Work is in progress.,Enhancing Reliability,18,PO,29,VILLA PARK,07/18/2026 08:45:13 AM,2026-07-31T02:17:40,1:scheduled,2026-07-31T09:22:13Z
136321088,800553546,scheduled,ACTIVE,S,37,Upgrading Equipment,,NEWPORT BEACH,ORANGE,92660,33.62521740647028,-117.90241094952137,2026-08-03T09:00:00Z,08/03/2026 01:00:00 PM,Work is in progress.,Enhancing Reliability,06,PO,33,ELLIS,07/23/2026 02:39:40 PM,2026-07-31T02:17:40,1:scheduled,2026-07-31T09:22:13Z
136325450,800553945,scheduled,ACTIVE,S,255,Pole Upgrade,,SANTA ANA,ORANGE,92703,33.73575467708588,-117.88853505511156,2026-08-04T08:00:00Z,08/04/2026 04:00:00 PM,Work is in progress.,Enhancing Reliability,18,PO,29,ELLIS,07/24/2026 05:30:21 PM,2026-07-31T02:17:40,1:scheduled,2026-07-31T09:22:13Z
136320896,800553505,scheduled,ACTIVE,S,0,Upgrading Equipment,,WESTMINSTER,ORANGE,92683,33.749448618087676,-117.99983447996259,2026-08-02T09:00:00Z,08/02/2026 02:00:00 PM,Work is in progress.,Enhancing Reliability,06,PO,33,VILLA PARK,07/23/2026 01:07:58 PM,2026-07-31T02:17:40,1:scheduled,2026-07-31T09:22:13Z
136312619,800552685,scheduled,ACTIVE,S,101,Upgrading Equipment,,GARDEN GROVE,ORANGE,92845,33.78216508806161,-118.03881183306652,2026-07-31T08:00:00Z,07/31/2026 04:00:00 PM,Work is in progress.,Enhancing Reliability,18,PO,29,VILLA PARK,07/21/2026 06:02:42 PM,2026-07-31T02:17:40,1:scheduled,2026-07-31T09:22:13Z
136323256,800553724,scheduled,ACTIVE,S,2,Upgrading Equipment,,GARDEN GROVE,ORANGE,92841,33.78998494280542,-118.00362214640799,2026-08-03T21:00:00Z,08/04/2026 02:00:00 AM,Work is in progress.,Enhancing Reliability,18,PO,29,VILLA PARK,07/24/2026 08:01:44 AM,2026-07-31T02:17:40,1:scheduled,2026-07-31T09:22:13Z
136299764,800551857,scheduled,ACTIVE,S,140,Transformer Upgrade,,SANTA ANA,ORANGE,92707,33.70141981640157,-117.86952971395411,2026-07-31T15:00:00Z,07/31/2026 07:00:00 PM,Work is in progress.,Enhancing Reliability,18,PO,29,ELLIS,07/18/2026 09:16:26 AM,2026-07-31T02:17:40,1:scheduled,2026-07-31T09:22:13Z
136328278,800554104,scheduled,ACTIVE,S,14,Upgrading Equipment,,FOUNTAIN VALLEY,ORANGE,92708,33.72696062563959,-117.93293490337513,2026-08-05T12:30:00Z,08/05/2026 03:00:00 PM,Work is in progress.,Enhancing Reliability,06,PO,33,ELLIS,07/25/2026 07:15:24 AM,2026-07-31T02:17:40,1:scheduled,2026-07-31T09:22:13Z
136343941,800555229,scheduled,ACTIVE,S,18,Upgrading Equipment,,FOUNTAIN VALLEY,ORANGE,92708,33.71635934366413,-117.97090804868756,2026-08-07T01:00:00Z,08/07/2026 06:30:00 AM,Work is in progress.,Enhancing Reliability,06,PO,33,ELLIS,07/28/2026 04:10:03 PM,2026-07-31T02:17:40,1:scheduled,2026-07-31T09:22:13Z
136300596,800551967,scheduled,ACTIVE,S,154,Upgrading Equipment,,HUNTINGTON BEACH,ORANGE,92646,33.66020883706171,-117.98387145778797,2026-08-03T09:00:00Z,08/03/2026 03:00:00 PM,Work is in progress.,Enhancing Reliability,06,PO,33,ELLIS,07/18/2026 12:22:20 PM,2026-07-31T02:17:40,1:scheduled,2026-07-31T09:22:13Z
136325479,800553946,scheduled,ACTIVE,S,21,Upgrading Equipment,,SANTA ANA,ORANGE,92704,33.71986341946297,-117.90632149831112,2026-08-04T09:00:00Z,08/04/2026 04:00:00 PM,Work is in progress.,Enhancing Reliability,06,PO,29,ELLIS,07/24/2026 05:37:48 PM,2026-07-31T02:17:40,1:scheduled,2026-07-31T09:22:13Z
136328682,800554187,scheduled,ACTIVE,S,1,Transformer Upgrade,,IRVINE,ORANGE,92618,33.66578857424019,-117.78764009484934,2026-08-05T13:00:00Z,08/05/2026 03:30:00 PM,Work is in progress.,Enhancing Reliability,18,PO,43,ELLIS,07/25/2026 09:16:04 AM,2026-07-31T02:17:40,1:scheduled,2026-07-31T09:22:13Z
136328262,800554029,scheduled,ACTIVE,S,7,Upgrading Equipment,,NEWPORT BEACH,ORANGE,92660,33.624375507748,-117.86575921521208,2026-08-05T12:30:00Z,08/05/2026 03:30:00 PM,Work is in progress.,Enhancing Reliability,06,PO,33,ELLIS,07/25/2026 07:02:21 AM,2026-07-31T02:17:40,1:scheduled,2026-07-31T09:22:13Z
136328225,800554063,scheduled,ACTIVE,S,23,Transformer Upgrade,,PLACENTIA,ORANGE,92870,33.86854751212615,-117.83149968462294,2026-08-05T08:00:00Z,08/05/2026 11:00:00 AM,Work is in progress.,Enhancing Reliability,18,PO,48,VILLA PARK,07/25/2026 06:38:29 AM,2026-07-31T02:17:40,1:scheduled,2026-07-31T09:22:13Z
136299776,800551892,scheduled,ACTIVE,S,2,Upgrading Equipment,,IRVINE,ORANGE,92614,33.69546016531424,-117.86171221951717,2026-08-01T08:00:00Z,08/01/2026 03:00:00 PM,Work is in progress.,Enhancing Reliability,06,PO,43,ELLIS,07/18/2026 09:19:22 AM,2026-07-31T02:17:40,1:scheduled,2026-07-31T09:22:13Z
136323196,800553592,scheduled,ACTIVE,S,5,Upgrading Equipment,,ORANGE,ORANGE,92868,33.78535590141055,-117.88948426534641,2026-08-03T19:30:00Z,08/03/2026 10:30:00 PM,Work is in progress.,Enhancing Reliability,06,PO,29,VILLA PARK,07/24/2026 07:23:04 AM,2026-07-31T02:17:40,1:scheduled,2026-07-31T09:22:13Z
136344234,800555190,scheduled,ACTIVE,S,26,Transformer Upgrade,,HUNTINGTON BEACH,ORANGE,92649,33.71257129896257,-118.04486712846176,2026-08-07T09:00:00Z,08/07/2026 01:00:00 PM,Work is in progress.,Enhancing Reliability,06,PO,33,VILLA PARK,07/28/2026 05:21:35 PM,2026-07-31T02:17:40,1:scheduled,2026-07-31T09:22:13Z
136299606,800551911,scheduled,ACTIVE,S,41,Pole Upgrade,,SANTA ANA,ORANGE,92701,33.743012266353944,-117.86562216733401,2026-07-31T08:00:00Z,07/31/2026 03:00:00 PM,Work is in progress.,Enhancing Reliability,18,PO,29,VILLA PARK,07/18/2026 08:38:38 AM,2026-07-31T02:17:40,1:scheduled,2026-07-31T09:22:13Z
136353384,800555945,scheduled,ACTIVE,S,1,Upgrading Equipment,,FULLERTON,ORANGE,92833,33.888107206510846,-117.9425668886848,2026-08-10T09:00:00Z,08/10/2026 04:00:00 PM,Work is in progress.,Enhancing Reliability,06,PO,48,VILLA PARK,07/30/2026 12:00:30 PM,2026-07-31T02:17:40,1:scheduled,2026-07-31T09:22:13Z
136312665,800552686,scheduled,ACTIVE,S,104,Cable Upgrade,,BUENA PARK,ORANGE,90620,33.83989924092641,-117.99520550352433,2026-07-31T23:00:00Z,08/01/2026 06:30:00 AM,Work is in progress.,Enhancing Reliability,18,PO,48,VILLA PARK,07/21/2026 06:22:54 PM,2026-07-31T02:17:40,1:scheduled,2026-07-31T09:22:13Z
136328212,800554009,scheduled,ACTIVE,S,11,Upgrading Equipment,,NEWPORT BEACH,ORANGE,92625,33.60526308124897,-117.87043538464377,2026-08-04T12:30:00Z,08/04/2026 03:30:00 PM,Work is in progress.,Enhancing Reliability,06,PO,33,ELLIS,07/25/2026 06:14:34 AM,2026-07-31T02:17:40,1:scheduled,2026-07-31T09:22:13Z
136344144,800555212,scheduled,ACTIVE,S,57,Upgrading Equipment,,SANTA ANA,ORANGE,92706,33.77602338557146,-117.87228656630596,2026-08-07T21:00:00Z,08/08/2026 01:00:00 AM,Work is in progress.,Enhancing Reliability,18,PO,29,VILLA PARK,07/28/2026 04:57:20 PM,2026-07-31T02:17:40,1:scheduled,2026-07-31T09:22:13Z
136349469,800555690,scheduled,ACTIVE,S,73,Upgrading Equipment,,IRVINE,ORANGE,92602,33.721583272467036,-117.79086433615191,2026-08-08T08:00:00Z,08/08/2026 03:00:00 PM,Work is in progress.,Enhancing Reliability,06,PO,43,ELLIS,07/29/2026 04:50:24 PM,2026-07-31T02:17:40,1:scheduled,2026-07-31T09:22:13Z
136300609,800551954,scheduled,ACTIVE,S,53,Upgrading Equipment,,GARDEN GROVE,ORANGE,92845,33.77716562060776,-118.0391821285081,2026-08-03T08:00:00Z,08/03/2026 03:00:00 PM,Work is in progress.,Enhancing Reliability,18,PO,29,VILLA PARK,07/18/2026 12:28:21 PM,2026-07-31T02:17:40,1:scheduled,2026-07-31T09:22:13Z
136352829,800555816,scheduled,ACTIVE,S,1,Upgrading Equipment,,NEWPORT BEACH,ORANGE,92660,33.642453590215105,-117.8671645773718,2026-08-10T09:00:00Z,08/10/2026 11:00:00 AM,Work is in progress.,Enhancing Reliability,06,PO,33,ELLIS,07/30/2026 09:43:27 AM,2026-07-31T02:17:41,1:scheduled,2026-07-31T09:22:13Z
136344187,800555283,scheduled,ACTIVE,S,129,Upgrading Equipment,,SANTA ANA,ORANGE,92704,33.69767167739644,-117.89472893180906,2026-08-07T09:00:00Z,08/07/2026 03:00:00 PM,Work is in progress.,Enhancing Reliability,06,PO,29,ELLIS,07/28/2026 05:06:19 PM,2026-07-31T02:17:41,1:scheduled,2026-07-31T09:22:13Z
136325568,800553872,scheduled,ACTIVE,S,38,Upgrading Equipment,,SEAL BEACH,ORANGE,90740,33.76137699286526,-118.07824576928665,2026-08-06T22:00:00Z,08/07/2026 04:00:00 AM,Work is in progress.,Enhancing Reliability,06,PO,46,LIGHTHIPE,07/24/2026 06:06:18 PM,2026-07-31T02:17:41,1:scheduled,2026-07-31T09:22:13Z
136344072,800555281,scheduled,ACTIVE,S,35,Upgrading Equipment,,FULLERTON,ORANGE,92833,33.893933899114494,-117.94847005797993,2026-08-07T09:00:00Z,08/07/2026 04:00:00 PM,Work is in progress.,Enhancing Reliability,06,PO,48,VILLA PARK,07/28/2026 04:45:16 PM,2026-07-31T02:17:41,1:scheduled,2026-07-31T09:22:13Z
136320552,800553404,scheduled,ACTIVE,S,1,Upgrading Equipment,,YORBA LINDA,ORANGE,92886,33.89045614673738,-117.8140498689064,2026-08-01T09:00:00Z,08/01/2026 04:00:00 PM,Work is in progress.,Enhancing Reliability,06,PO,48,VILLA PARK,07/23/2026 11:20:25 AM,2026-07-31T02:17:41,1:scheduled,2026-07-31T09:22:13Z
136349441,800555667,scheduled,ACTIVE,S,46,Pole Upgrade,,SANTA ANA,ORANGE,92705,33.76636762126047,-117.83401994767839,2026-08-06T08:00:00Z,08/06/2026 04:00:00 PM,Work is in progress.,Enhancing Reliability,18,PO,29,VILLA PARK,07/29/2026 04:40:51 PM,2026-07-31T02:17:41,1:scheduled,2026-07-31T09:22:13Z
136325493,800553925,scheduled,ACTIVE,S,50,Pole Upgrade,,BUENA PARK,ORANGE,90620,33.849827912440766,-118.01056164275762,2026-08-03T21:00:00Z,08/04/2026 03:00:00 AM,Work is in progress.,Enhancing Reliability,18,PO,48,VILLA PARK,07/24/2026 05:43:40 PM,2026-07-31T02:17:41,1:scheduled,2026-07-31T09:22:13Z
136353674,800555948,scheduled,ACTIVE,S,99,Upgrading Equipment,,HUNTINGTON BEACH,ORANGE,92646,33.65288831220681,-117.97839513108494,2026-08-10T10:00:00Z,08/10/2026 02:00:00 PM,Work is in progress.,Enhancing Reliability,06,PO,33,ELLIS,07/30/2026 01:23:52 PM,2026-07-31T02:17:41,1:scheduled,2026-07-31T09:22:13Z
136317762,800553148,scheduled,ACTIVE,S,1,Upgrading Equipment,,STANTON,ORANGE,90680,33.80673802799463,-117.99066679699234,2026-08-03T07:30:00Z,08/03/2026 04:00:00 PM,Work is in progress.,Enhancing Reliability,06,PO,48,VILLA PARK,07/22/2026 04:34:13 PM,2026-07-31T02:17:41,1:scheduled,2026-07-31T09:22:13Z
136349055,800555684,scheduled,ACTIVE,S,0,Upgrading Equipment,,GARDEN GROVE,ORANGE,92841,33.79803057129434,-118.00328413192616,2026-07-31T23:00:00Z,08/01/2026 05:00:00 AM,Work is in progress.,Enhancing Reliability,06,PO,29,VILLA PARK,07/29/2026 02:59:43 PM,2026-07-31T02:17:41,1:scheduled,2026-07-31T09:22:13Z
136321999,800553511,scheduled,ACTIVE,S,27,Upgrading Equipment,,SANTA ANA,ORANGE,92706,33.75645897470706,-117.87065672413988,2026-08-03T09:00:00Z,08/03/2026 01:00:00 PM,Work is in progress.,Enhancing Reliability,06,PO,29,VILLA PARK,07/23/2026 02:58:22 PM,2026-07-31T02:17:41,1:scheduled,2026-07-31T09:22:13Z
136307252,800552216,scheduled,ACTIVE,S,0,Pole Upgrade,,Unincorporated Area,ORANGE,92821,33.94641754064117,-117.8622587823838,2026-07-31T07:00:00Z,07/31/2026 02:00:00 PM,Work is in progress.,Enhancing Reliability,18,PO,48,VILLA PARK,07/20/2026 10:52:06 AM,2026-07-31T02:17:41,1:scheduled,2026-07-31T09:22:13Z
136338482,800554698,scheduled,ACTIVE,S,147,Upgrading Equipment,,LA HABRA,ORANGE,90631,33.927265495117354,-117.95696260042027,2026-08-06T09:00:00Z,08/06/2026 03:00:00 PM,Work is in progress.,Enhancing Reliability,06,PO,48,VILLA PARK,07/27/2026 01:25:25 PM,2026-07-31T02:17:41,1:scheduled,2026-07-31T09:22:13Z
136299437,800551907,scheduled,ACTIVE,S,1,Cable Upgrade,,SANTA ANA,ORANGE,92705,33.7699450000988,-117.83770748520732,2026-07-31T08:00:00Z,07/31/2026 02:00:00 PM,Work is in progress.,Enhancing Reliability,18,PO,29,VILLA PARK,07/18/2026 07:31:13 AM,2026-07-31T02:17:41,1:scheduled,2026-07-31T09:22:13Z
136339649,800554769,scheduled,ACTIVE,S,7,Upgrading Equipment,,GARDEN GROVE,ORANGE,92843,33.749844315766424,-117.94242823911058,2026-08-05T08:00:00Z,08/05/2026 03:00:00 PM,Work is in progress.,Enhancing Reliability,18,PO,29,VILLA PARK,07/27/2026 06:19:34 PM,2026-07-31T02:17:41,1:scheduled,2026-07-31T09:22:13Z
136349519,800555576,scheduled,ACTIVE,S,597,Upgrading Equipment,,IRVINE,ORANGE,92612,33.649538041391374,-117.82562273984588,2026-08-08T08:30:00Z,08/08/2026 06:30:00 PM,Work is in progress.,Enhancing Reliability,06,PO,43,ELLIS,07/29/2026 05:05:41 PM,2026-07-31T02:17:41,1:scheduled,2026-07-31T09:22:13Z
136352910,800555779,scheduled,ACTIVE,S,76,Upgrading Equipment,,COSTA MESA,ORANGE,92627,33.65240982993159,-117.90422650849096,2026-08-10T09:00:00Z,08/10/2026 10:30:00 AM,Work is in progress.,Enhancing Reliability,06,PO,33,ELLIS,07/30/2026 10:12:24 AM,2026-07-31T02:17:41,1:scheduled,2026-07-31T09:22:13Z
136344194,800555174,scheduled,ACTIVE,S,144,Transformer Upgrade,,NEWPORT BEACH,ORANGE,92663,33.625672060389086,-117.91075116913056,2026-08-07T09:30:00Z,08/07/2026 02:00:00 PM,Work is in progress.,Enhancing Reliability,06,PO,33,ELLIS,07/28/2026 05:08:44 PM,2026-07-31T02:17:41,1:scheduled,2026-07-31T09:22:13Z
136344210,800555320,scheduled,ACTIVE,S,2,Cable Upgrade,,HUNTINGTON BEACH,ORANGE,92647,33.745144378034986,-118.02638770598739,2026-08-08T07:30:00Z,08/08/2026 01:00:00 PM,Work is in progress.,Enhancing Reliability,06,PO,33,VILLA PARK,07/28/2026 05:15:49 PM,2026-07-31T02:17:41,1:scheduled,2026-07-31T09:22:13Z
136241459,800547314,scheduled,ACTIVE,S,27,Upgrading Equipment,,WESTMINSTER,ORANGE,92683,33.74966140602627,-117.97001169083246,2026-07-31T09:00:00Z,07/31/2026 11:00:00 AM,Work is in progress.,Enhancing Reliability,14,PO,33,VILLA PARK,07/15/2026 08:33:38 AM,2026-07-31T02:17:41,1:scheduled,2026-07-31T09:22:13Z
136325503,800553980,scheduled,ACTIVE,S,263,Upgrading Equipment,,LAGUNA WOODS,ORANGE,92653,33.610430650505194,-117.73919787272297,2026-08-04T10:00:00Z,08/04/2026 02:00:00 PM,Work is in progress.,Enhancing Reliability,06,PO,43,ELLIS,07/24/2026 05:46:50 PM,2026-07-31T02:17:41,1:scheduled,2026-07-31T09:22:13Z
136317790,800553164,scheduled,ACTIVE,S,3,Cable Upgrade,,NEWPORT BEACH,ORANGE,92660,33.61996203915341,-117.87813627865516,2026-08-01T09:00:00Z,08/01/2026 12:00:00 PM,Work is in progress.,Enhancing Reliability,06,PO,33,ELLIS,07/22/2026 04:43:11 PM,2026-07-31T02:17:41,1:scheduled,2026-07-31T09:22:13Z
136328601,800554200,scheduled,ACTIVE,S,162,Pole Upgrade,,ORANGE,ORANGE,92867,33.81202505311741,-117.8332468234089,2026-08-04T21:00:00Z,08/05/2026 03:00:00 AM,Work is in progress.,Enhancing Reliability,18,PO,29,VILLA PARK,07/25/2026 08:52:04 AM,2026-07-31T02:17:41,1:scheduled,2026-07-31T09:22:13Z
136354456,800556070,scheduled,ACTIVE,S,70,Pole Upgrade,,ORANGE,ORANGE,92866,33.78533883232527,-117.84528135833582,2026-08-10T09:30:00Z,08/10/2026 04:00:00 PM,Work is in progress.,Enhancing Reliability,18,PO,29,VILLA PARK,07/30/2026 04:30:53 PM,2026-07-31T02:17:41,1:scheduled,2026-07-31T09:22:13Z
136325519,800553981,scheduled,ACTIVE,S,49,Upgrading Equipment,,SEAL BEACH,ORANGE,90740,33.77557886786111,-118.05643328359616,2026-08-04T12:00:00Z,08/04/2026 02:30:00 PM,Work is in progress.,Enhancing Reliability,06,PO,33,VILLA PARK,07/24/2026 05:49:24 PM,2026-07-31T02:17:41,1:scheduled,2026-07-31T09:22:13Z
136343047,800555116,scheduled,ACTIVE,S,15,Upgrading Equipment,,GARDEN GROVE,ORANGE,92844,33.76879410347582,-117.98274719734526,2026-08-03T08:00:00Z,08/03/2026 12:00:00 PM,Work is in progress.,Enhancing Reliability,18,PO,29,VILLA PARK,07/28/2026 01:25:24 PM,2026-07-31T02:17:41,1:scheduled,2026-07-31T09:22:13Z
136349254,800555574,scheduled,ACTIVE,S,429,Upgrading Equipment,,SANTA ANA,ORANGE,92706,33.7711192713363,-117.90317429383236,2026-08-06T00:30:00Z,08/06/2026 04:30:00 AM,Work is in progress.,Enhancing Reliability,06,PO,29,ELLIS,07/29/2026 03:42:09 PM,2026-07-31T02:17:41,1:scheduled,2026-07-31T09:22:13Z
136300584,800551988,scheduled,ACTIVE,S,6,Upgrading Equipment,,HUNTINGTON BEACH,ORANGE,92646,33.676494833623565,-117.97935198508455,2026-08-03T09:00:00Z,08/03/2026 11:00:00 AM,Work is in progress.,Enhancing Reliability,06,PO,33,ELLIS,07/18/2026 12:18:16 PM,2026-07-31T02:17:41,1:scheduled,2026-07-31T09:22:13Z
136308499,800552433,scheduled,ACTIVE,S,17,Upgrading Equipment,,FOUNTAIN VALLEY,ORANGE,92708,33.69642259671888,-117.94917739592623,2026-08-04T12:00:00Z,08/04/2026 03:00:00 PM,Work is in progress.,Enhancing Reliability,06,PO,33,ELLIS,07/20/2026 03:35:16 PM,2026-07-31T02:17:42,1:scheduled,2026-07-31T09:22:13Z
136342301,800554997,scheduled,ACTIVE,S,290,Transformer Upgrade,,LA HABRA,ORANGE,90631,33.92076994554213,-117.96099085995333,2026-08-07T08:30:00Z,08/07/2026 02:00:00 PM,Work is in progress.,Enhancing Reliability,18,PO,48,VILLA PARK,07/28/2026 10:57:55 AM,2026-07-31T02:17:42,1:scheduled,2026-07-31T09:22:13Z
136344200,800555264,scheduled,ACTIVE,S,32,Upgrading Equipment,,WESTMINSTER,ORANGE,92683,33.76958493832515,-118.01762283298045,2026-08-07T09:00:00Z,08/07/2026 11:00:00 AM,Work is in progress.,Enhancing Reliability,06,PO,33,VILLA PARK,07/28/2026 05:11:32 PM,2026-07-31T02:17:42,1:scheduled,2026-07-31T09:22:13Z
136252024,800548096,scheduled,ACTIVE,S,26,Upgrading Equipment,,LA HABRA,ORANGE,90631,33.92089369520579,-117.94329266994217,2026-08-02T09:00:00Z,08/02/2026 04:00:00 PM,Work is in progress.,Enhancing Reliability,14,PO,48,VILLA PARK,07/15/2026 07:13:18 AM,2026-07-31T02:17:42,1:scheduled,2026-07-31T09:22:13Z
136352384,800555846,scheduled,ACTIVE,S,55,Pole Upgrade,,WESTMINSTER,ORANGE,92683,33.762467234370995,-117.98723444298787,2026-08-05T08:30:00Z,08/05/2026 04:00:00 PM,Work is in progress.,Enhancing Reliability,18,PO,33,VILLA PARK,07/30/2026 08:17:53 AM,2026-07-31T02:17:42,1:scheduled,2026-07-31T09:22:13Z
136299616,800551853,scheduled,ACTIVE,S,15,Pole Upgrade,,WESTMINSTER,ORANGE,92683,33.7644827983857,-117.98369088743272,2026-07-31T08:00:00Z,07/31/2026 02:00:00 PM,Work is in progress.,Enhancing Reliability,18,PO,33,VILLA PARK,07/18/2026 08:41:01 AM,2026-07-31T02:17:42,1:scheduled,2026-07-31T09:22:13Z
136299645,800551912,scheduled,ACTIVE,S,54,Upgrading Equipment,,BUENA PARK,ORANGE,90620,33.842134930990134,-117.98795291824709,2026-07-31T09:00:00Z,07/31/2026 12:00:00 PM,Work is in progress.,Enhancing Reliability,06,PO,48,VILLA PARK,07/18/2026 08:47:42 AM,2026-07-31T02:17:42,1:scheduled,2026-07-31T09:22:13Z
136261877,800548814,scheduled,ACTIVE,S,12,Pole Upgrade,,WESTMINSTER,ORANGE,92683,33.76554349784408,-117.9843480023681,2026-08-06T08:00:00Z,08/06/2026 05:00:00 PM,Work is in progress.,Enhancing Reliability,20,PO,33,VILLA PARK,07/20/2026 03:32:01 PM,2026-07-31T02:17:42,1:scheduled,2026-07-31T09:22:13Z
136328339,800554105,scheduled,ACTIVE,S,11,Pole Upgrade,,HUNTINGTON BEACH,ORANGE,92647,33.736585786301454,-118.02033276901996,2026-08-06T09:00:00Z,08/06/2026 04:00:00 PM,Work is in progress.,Enhancing Reliability,06,PO,33,VILLA PARK,07/25/2026 07:27:39 AM,2026-07-31T02:17:42,1:scheduled,2026-07-31T09:22:13Z
136344182,800555282,scheduled,ACTIVE,S,8,Upgrading Equipment,,TUSTIN,ORANGE,92782,33.728907205798784,-117.79699471723016,2026-08-07T21:00:00Z,08/08/2026 04:30:00 AM,Work is in progress.,Enhancing Reliability,06,PO,29,VILLA PARK,07/28/2026 05:05:43 PM,2026-07-31T02:17:42,1:scheduled,2026-07-31T09:22:13Z
136321052,800553448,scheduled,ACTIVE,S,683,Upgrading Equipment,,LAGUNA WOODS,ORANGE,92653,33.611945597099144,-117.74979828951963,2026-08-03T08:00:00Z,08/03/2026 04:00:00 PM,Work is in progress.,Enhancing Reliability,18,PO,43,ELLIS,07/23/2026 02:16:48 PM,2026-07-31T02:17:42,1:scheduled,2026-07-31T09:22:13Z
136328244,800553855,scheduled,ACTIVE,S,9,Upgrading Equipment,,NEWPORT BEACH,ORANGE,92625,33.598499397038275,-117.85953968712164,2026-08-05T12:30:00Z,08/05/2026 03:30:00 PM,Work is in progress.,Enhancing Reliability,06,PO,33,ELLIS,07/25/2026 06:50:24 AM,2026-07-31T02:17:42,1:scheduled,2026-07-31T09:22:13Z
136344245,800555284,scheduled,ACTIVE,S,169,Upgrading Equipment,,SANTA ANA,ORANGE,92706,33.775375498178704,-117.87137163398573,2026-08-08T01:00:00Z,08/08/2026 04:00:00 AM,Work is in progress.,Enhancing Reliability,18,PO,29,VILLA PARK,07/28/2026 05:25:53 PM,2026-07-31T02:17:42,1:scheduled,2026-07-31T09:22:13Z
136328723,800554051,scheduled,ACTIVE,S,4,Upgrading Equipment,,NEWPORT BEACH,ORANGE,92660,33.6158775861818,-117.86826329960927,2026-08-06T01:30:00Z,08/06/2026 07:00:00 AM,Work is in progress.,Enhancing Reliability,06,PO,33,ELLIS,07/25/2026 09:30:21 AM,2026-07-31T02:17:42,1:scheduled,2026-07-31T09:22:13Z
136323151,800553664,scheduled,ACTIVE,S,78,Cable Upgrade,,ORANGE,ORANGE,92868,33.78277861094688,-117.87293439625456,2026-07-31T09:30:00Z,07/31/2026 02:00:00 PM,Work is in progress.,Enhancing Reliability,06,PO,29,VILLA PARK,07/24/2026 06:53:34 AM,2026-07-31T02:17:42,1:scheduled,2026-07-31T09:22:13Z
136328164,800553974,scheduled,ACTIVE,S,60,Upgrading Equipment,,LOS ALAMITOS,ORANGE,90720,33.79085931464146,-118.07062169111353,2026-08-07T09:00:00Z,08/07/2026 04:00:00 PM,Work is in progress.,Enhancing Reliability,06,PO,46,LIGHTHIPE,07/25/2026 05:24:15 AM,2026-07-31T02:17:42,1:scheduled,2026-07-31T09:22:13Z
136352855,800555798,scheduled,ACTIVE,S,1,Cable Upgrade,,SANTA ANA,ORANGE,92706,33.768883694986954,-117.88432675433098,2026-08-10T09:00:00Z,08/10/2026 02:00:00 PM,Work is in progress.,Enhancing Reliability,06,PO,29,ELLIS,07/30/2026 09:52:57 AM,2026-07-31T02:17:42,1:scheduled,2026-07-31T09:22:13Z
136323433,800553612,scheduled,ACTIVE,S,255,Upgrading Equipment,,SANTA ANA,ORANGE,92703,33.73575467708588,-117.88853505511156,2026-08-04T22:00:00Z,08/05/2026 04:30:00 AM,Work is in progress.,Enhancing Reliability,06,PO,29,ELLIS,07/24/2026 08:41:28 AM,2026-07-31T02:17:42,1:scheduled,2026-07-31T09:22:13Z
136355552,800556222,active,ACTIVE,,221,Equipment Problems,,STANTON,ORANGE,90680,33.79734117876056,-117.98983097121433,2026-07-30T23:31:16Z,07/31/2026 04:00:00 AM,Work is in progress.,Not Available,01,QI,48,VILLA PARK,07/31/2026 02:10:00 AM,2026-07-31T02:27:33,0:active,2026-07-31T09:37:12Z
136355191,800556189,active,ACTIVE,,106,Equipment Problems,,NEWPORT BEACH,ORANGE,92661,33.60449232798635,-117.90753171315346,2026-07-30T19:01:40Z,07/31/2026 05:00:00 AM,Work is in progress.,Not Available,01,QI,33,ELLIS,07/31/2026 01:11:21 AM,2026-07-31T02:27:34,0:active,2026-07-31T09:37:12Z
136355514,800556134,active,ACTIVE,,3,Equipment Problems,,IRVINE,ORANGE,92614,33.68555625867463,-117.856350918493,2026-07-30T23:02:04Z,07/31/2026 06:00:00 AM,Work is in progress.,Not Available,01,QI,43,ELLIS,07/30/2026 11:10:54 PM,2026-07-31T02:27:34,0:active,2026-07-31T09:37:12Z
136355562,800556193,active,ACTIVE,,89,Traffic Accident,,SANTA ANA,ORANGE,92703,33.74732072833402,-117.8949301140085,2026-07-30T23:41:52Z,07/31/2026 08:00:00 AM,Work is in progress.,Power Poles and Lines Down,01,Not Available,29,ELLIS,07/31/2026 02:13:02 AM,2026-07-31T02:27:34,0:active,2026-07-31T09:37:12Z
136323299,800553649,active,ACTIVE,,1,Upgrading Equipment,,TUSTIN,ORANGE,92780,33.71921344066427,-117.83908406804026,2026-07-30T20:00:00Z,07/31/2026 03:30:00 AM,Work is in progress.,Enhancing Reliability,06,PO,29,ELLIS,07/31/2026 02:18:36 AM,2026-07-31T02:27:35,0:active,2026-07-31T09:37:12Z
136300574,800552051,active,ACTIVE,,16,Upgrading Equipment,,TUSTIN,ORANGE,92782,33.72411826090315,-117.79502101165144,2026-07-30T21:06:05Z,07/31/2026 03:30:00 AM,Work is in progress.,Enhancing Reliability,18,PO,29,VILLA PARK,07/30/2026 09:10:16 PM,2026-07-31T02:27:35,0:active,2026-07-31T09:37:12Z
136355042,800556092,active,ACTIVE,,147,Equipment Problems,,TUSTIN,ORANGE,92782,33.731137031355516,-117.80241653685673,2026-07-30T19:31:20Z,Most up by 07/31/2026 10:15:00 AM,We have identified the problem and are working to restore your service.,Not Available,01,Not Available,29,VILLA PARK,07/30/2026 11:59:37 PM,2026-07-31T02:27:35,0:active,2026-07-31T09:37:12Z
136328621,800554131,scheduled,ACTIVE,S,85,Pole Upgrade,,GARDEN GROVE,ORANGE,92845,33.79046523974237,-118.02373298579515,2026-08-05T08:00:00Z,08/05/2026 03:00:00 PM,Work is in progress.,Enhancing Reliability,18,PO,29,VILLA PARK,07/25/2026 09:00:55 AM,2026-07-31T02:27:33,1:scheduled,2026-07-31T09:37:12Z
136349614,800555694,scheduled,ACTIVE,S,3,Upgrading Equipment,,COSTA MESA,ORANGE,92626,33.67372071069094,-117.87769470459074,2026-08-09T09:00:00Z,08/09/2026 02:00:00 PM,Work is in progress.,Enhancing Reliability,06,PO,33,ELLIS,07/29/2026 05:14:57 PM,2026-07-31T02:27:33,1:scheduled,2026-07-31T09:37:12Z
136338444,800554634,scheduled,ACTIVE,S,2,Upgrading Equipment,,BUENA PARK,ORANGE,90620,33.844417238492426,-118.02877105052218,2026-08-06T08:00:00Z,08/06/2026 06:30:00 PM,Work is in progress.,Enhancing Reliability,06,PO,48,VILLA PARK,07/27/2026 01:18:15 PM,2026-07-31T02:27:33,1:scheduled,2026-07-31T09:37:12Z
136242596,800547299,scheduled,ACTIVE,S,19,Upgrading Equipment,,WESTMINSTER,ORANGE,92683,33.771567700429756,-118.03849159175257,2026-07-31T12:00:00Z,07/31/2026 03:00:00 PM,Work is in progress.,Enhancing Reliability,14,PO,33,VILLA PARK,07/15/2026 08:35:41 AM,2026-07-31T02:27:33,1:scheduled,2026-07-31T09:37:12Z
136299596,800551797,scheduled,ACTIVE,S,12,Pole Upgrade,,WESTMINSTER,ORANGE,92683,33.76554349784408,-117.9843480023681,2026-07-31T08:00:00Z,07/31/2026 02:00:00 PM,Work is in progress.,Enhancing Reliability,18,PO,33,VILLA PARK,07/18/2026 08:35:19 AM,2026-07-31T02:27:33,1:scheduled,2026-07-31T09:37:12Z
136325466,800553838,scheduled,ACTIVE,S,82,Pole Upgrade,,CYPRESS,ORANGE,90630,33.80789051663639,-118.0121504382034,2026-08-04T09:00:00Z,08/04/2026 05:00:00 PM,Work is in progress.,Enhancing Reliability,06,PO,48,VILLA PARK,07/24/2026 05:34:48 PM,2026-07-31T02:27:33,1:scheduled,2026-07-31T09:37:12Z
136349634,800555555,scheduled,ACTIVE,S,683,Cable Upgrade,,LAGUNA WOODS,ORANGE,92653,33.611945597099144,-117.74979828951963,2026-08-10T08:00:00Z,08/10/2026 04:00:00 PM,Work is in progress.,Enhancing Reliability,18,PO,43,ELLIS,07/29/2026 05:27:11 PM,2026-07-31T02:27:33,1:scheduled,2026-07-31T09:37:12Z
136342059,800554995,scheduled,ACTIVE,S,40,Transformer Upgrade,,LA HABRA,ORANGE,90631,33.91164040097648,-117.95636194010892,2026-08-06T12:00:00Z,08/06/2026 03:30:00 PM,Work is in progress.,Enhancing Reliability,18,PO,48,VILLA PARK,07/28/2026 10:03:37 AM,2026-07-31T02:27:33,1:scheduled,2026-07-31T09:37:12Z
136349334,800555649,scheduled,ACTIVE,S,50,Transformer Upgrade,,SEAL BEACH,ORANGE,90740,33.767011407533914,-118.08291207880981,2026-08-10T09:00:00Z,08/10/2026 03:00:00 PM,Work is in progress.,Enhancing Reliability,06,PO,46,LIGHTHIPE,07/29/2026 04:02:37 PM,2026-07-31T02:27:33,1:scheduled,2026-07-31T09:37:12Z
136328219,800553998,scheduled,ACTIVE,S,14,Upgrading Equipment,,WESTMINSTER,ORANGE,92683,33.739953083000664,-118.0056591850109,2026-08-04T12:30:00Z,08/04/2026 03:00:00 PM,Work is in progress.,Enhancing Reliability,06,PO,33,VILLA PARK,07/25/2026 06:24:54 AM,2026-07-31T02:27:33,1:scheduled,2026-07-31T09:37:12Z
136344209,800555175,scheduled,ACTIVE,S,422,Upgrading Equipment,,YORBA LINDA,ORANGE,92886,33.90556745773305,-117.82947551169154,2026-08-07T09:00:00Z,08/07/2026 04:00:00 PM,Work is in progress.,Enhancing Reliability,06,PO,48,VILLA PARK,07/28/2026 05:14:40 PM,2026-07-31T02:27:33,1:scheduled,2026-07-31T09:37:12Z
136344160,800555188,scheduled,ACTIVE,S,2,Transformer Upgrade,,YORBA LINDA,ORANGE,92886,33.89010941744791,-117.81317064102544,2026-08-07T21:00:00Z,08/08/2026 01:00:00 AM,Work is in progress.,Enhancing Reliability,18,PO,48,VILLA PARK,07/28/2026 05:00:51 PM,2026-07-31T02:27:33,1:scheduled,2026-07-31T09:37:12Z
136299651,800551926,scheduled,ACTIVE,S,0,Transformer Upgrade,,FULLERTON,ORANGE,92831,33.859515074077976,-117.89506923699487,2026-07-31T09:00:00Z,07/31/2026 04:00:00 PM,Work is in progress.,Enhancing Reliability,06,PO,48,VILLA PARK,07/18/2026 08:50:14 AM,2026-07-31T02:27:33,1:scheduled,2026-07-31T09:37:12Z
136341822,800555067,scheduled,ACTIVE,S,260,Pole Upgrade,,BUENA PARK,ORANGE,90621,33.863173367163085,-118.00968912349519,2026-08-06T09:00:00Z,08/06/2026 05:00:00 PM,Work is in progress.,Enhancing Reliability,06,PO,48,VILLA PARK,07/28/2026 09:22:49 AM,2026-07-31T02:27:33,1:scheduled,2026-07-31T09:37:12Z
136299635,800551831,scheduled,ACTIVE,S,6,Upgrading Equipment,,TUSTIN FOOTHILLS,ORANGE,92780,33.75130155655582,-117.8133188154366,2026-07-31T08:00:00Z,07/31/2026 11:00:00 AM,Work is in progress.,Enhancing Reliability,18,PO,29,VILLA PARK,07/18/2026 08:45:13 AM,2026-07-31T02:27:33,1:scheduled,2026-07-31T09:37:12Z
136321088,800553546,scheduled,ACTIVE,S,37,Upgrading Equipment,,NEWPORT BEACH,ORANGE,92660,33.62521740647028,-117.90241094952137,2026-08-03T09:00:00Z,08/03/2026 01:00:00 PM,Work is in progress.,Enhancing Reliability,06,PO,33,ELLIS,07/23/2026 02:39:40 PM,2026-07-31T02:27:33,1:scheduled,2026-07-31T09:37:12Z
136325450,800553945,scheduled,ACTIVE,S,255,Pole Upgrade,,SANTA ANA,ORANGE,92703,33.73575467708588,-117.88853505511156,2026-08-04T08:00:00Z,08/04/2026 04:00:00 PM,Work is in progress.,Enhancing Reliability,18,PO,29,ELLIS,07/24/2026 05:30:21 PM,2026-07-31T02:27:33,1:scheduled,2026-07-31T09:37:12Z
136320896,800553505,scheduled,ACTIVE,S,0,Upgrading Equipment,,WESTMINSTER,ORANGE,92683,33.749448618087676,-117.99983447996259,2026-08-02T09:00:00Z,08/02/2026 02:00:00 PM,Work is in progress.,Enhancing Reliability,06,PO,33,VILLA PARK,07/23/2026 01:07:58 PM,2026-07-31T02:27:33,1:scheduled,2026-07-31T09:37:12Z
136312619,800552685,scheduled,ACTIVE,S,101,Upgrading Equipment,,GARDEN GROVE,ORANGE,92845,33.78216508806161,-118.03881183306652,2026-07-31T08:00:00Z,07/31/2026 04:00:00 PM,Work is in progress.,Enhancing Reliability,18,PO,29,VILLA PARK,07/21/2026 06:02:42 PM,2026-07-31T02:27:33,1:scheduled,2026-07-31T09:37:12Z
136323256,800553724,scheduled,ACTIVE,S,2,Upgrading Equipment,,GARDEN GROVE,ORANGE,92841,33.78998494280542,-118.00362214640799,2026-08-03T21:00:00Z,08/04/2026 02:00:00 AM,Work is in progress.,Enhancing Reliability,18,PO,29,VILLA PARK,07/24/2026 08:01:44 AM,2026-07-31T02:27:33,1:scheduled,2026-07-31T09:37:12Z
136299764,800551857,scheduled,ACTIVE,S,140,Transformer Upgrade,,SANTA ANA,ORANGE,92707,33.70141981640157,-117.86952971395411,2026-07-31T15:00:00Z,07/31/2026 07:00:00 PM,Work is in progress.,Enhancing Reliability,18,PO,29,ELLIS,07/18/2026 09:16:26 AM,2026-07-31T02:27:33,1:scheduled,2026-07-31T09:37:12Z
136328278,800554104,scheduled,ACTIVE,S,14,Upgrading Equipment,,FOUNTAIN VALLEY,ORANGE,92708,33.72696062563959,-117.93293490337513,2026-08-05T12:30:00Z,08/05/2026 03:00:00 PM,Work is in progress.,Enhancing Reliability,06,PO,33,ELLIS,07/25/2026 07:15:24 AM,2026-07-31T02:27:33,1:scheduled,2026-07-31T09:37:12Z
136343941,800555229,scheduled,ACTIVE,S,18,Upgrading Equipment,,FOUNTAIN VALLEY,ORANGE,92708,33.71635934366413,-117.97090804868756,2026-08-07T01:00:00Z,08/07/2026 06:30:00 AM,Work is in progress.,Enhancing Reliability,06,PO,33,ELLIS,07/28/2026 04:10:03 PM,2026-07-31T02:27:33,1:scheduled,2026-07-31T09:37:12Z
136300596,800551967,scheduled,ACTIVE,S,154,Upgrading Equipment,,HUNTINGTON BEACH,ORANGE,92646,33.66020883706171,-117.98387145778797,2026-08-03T09:00:00Z,08/03/2026 03:00:00 PM,Work is in progress.,Enhancing Reliability,06,PO,33,ELLIS,07/18/2026 12:22:20 PM,2026-07-31T02:27:34,1:scheduled,2026-07-31T09:37:12Z
136325479,800553946,scheduled,ACTIVE,S,21,Upgrading Equipment,,SANTA ANA,ORANGE,92704,33.71986341946297,-117.90632149831112,2026-08-04T09:00:00Z,08/04/2026 04:00:00 PM,Work is in progress.,Enhancing Reliability,06,PO,29,ELLIS,07/24/2026 05:37:48 PM,2026-07-31T02:27:34,1:scheduled,2026-07-31T09:37:12Z
136328682,800554187,scheduled,ACTIVE,S,1,Transformer Upgrade,,IRVINE,ORANGE,92618,33.66578857424019,-117.78764009484934,2026-08-05T13:00:00Z,08/05/2026 03:30:00 PM,Work is in progress.,Enhancing Reliability,18,PO,43,ELLIS,07/25/2026 09:16:04 AM,2026-07-31T02:27:34,1:scheduled,2026-07-31T09:37:12Z
136328262,800554029,scheduled,ACTIVE,S,7,Upgrading Equipment,,NEWPORT BEACH,ORANGE,92660,33.624375507748,-117.86575921521208,2026-08-05T12:30:00Z,08/05/2026 03:30:00 PM,Work is in progress.,Enhancing Reliability,06,PO,33,ELLIS,07/25/2026 07:02:21 AM,2026-07-31T02:27:34,1:scheduled,2026-07-31T09:37:12Z
136328225,800554063,scheduled,ACTIVE,S,23,Transformer Upgrade,,PLACENTIA,ORANGE,92870,33.86854751212615,-117.83149968462294,2026-08-05T08:00:00Z,08/05/2026 11:00:00 AM,Work is in progress.,Enhancing Reliability,18,PO,48,VILLA PARK,07/25/2026 06:38:29 AM,2026-07-31T02:27:34,1:scheduled,2026-07-31T09:37:12Z
136299776,800551892,scheduled,ACTIVE,S,2,Upgrading Equipment,,IRVINE,ORANGE,92614,33.69546016531424,-117.86171221951717,2026-08-01T08:00:00Z,08/01/2026 03:00:00 PM,Work is in progress.,Enhancing Reliability,06,PO,43,ELLIS,07/18/2026 09:19:22 AM,2026-07-31T02:27:34,1:scheduled,2026-07-31T09:37:12Z
136323196,800553592,scheduled,ACTIVE,S,5,Upgrading Equipment,,ORANGE,ORANGE,92868,33.78535590141055,-117.88948426534641,2026-08-03T19:30:00Z,08/03/2026 10:30:00 PM,Work is in progress.,Enhancing Reliability,06,PO,29,VILLA PARK,07/24/2026 07:23:04 AM,2026-07-31T02:27:34,1:scheduled,2026-07-31T09:37:12Z
136344234,800555190,scheduled,ACTIVE,S,26,Transformer Upgrade,,HUNTINGTON BEACH,ORANGE,92649,33.71257129896257,-118.04486712846176,2026-08-07T09:00:00Z,08/07/2026 01:00:00 PM,Work is in progress.,Enhancing Reliability,06,PO,33,VILLA PARK,07/28/2026 05:21:35 PM,2026-07-31T02:27:34,1:scheduled,2026-07-31T09:37:12Z
136299606,800551911,scheduled,ACTIVE,S,41,Pole Upgrade,,SANTA ANA,ORANGE,92701,33.743012266353944,-117.86562216733401,2026-07-31T08:00:00Z,07/31/2026 03:00:00 PM,Work is in progress.,Enhancing Reliability,18,PO,29,VILLA PARK,07/18/2026 08:38:38 AM,2026-07-31T02:27:34,1:scheduled,2026-07-31T09:37:12Z
136353384,800555945,scheduled,ACTIVE,S,1,Upgrading Equipment,,FULLERTON,ORANGE,92833,33.888107206510846,-117.9425668886848,2026-08-10T09:00:00Z,08/10/2026 04:00:00 PM,Work is in progress.,Enhancing Reliability,06,PO,48,VILLA PARK,07/30/2026 12:00:30 PM,2026-07-31T02:27:34,1:scheduled,2026-07-31T09:37:12Z
136312665,800552686,scheduled,ACTIVE,S,104,Cable Upgrade,,BUENA PARK,ORANGE,90620,33.83989924092641,-117.99520550352433,2026-07-31T23:00:00Z,08/01/2026 06:30:00 AM,Work is in progress.,Enhancing Reliability,18,PO,48,VILLA PARK,07/21/2026 06:22:54 PM,2026-07-31T02:27:34,1:scheduled,2026-07-31T09:37:12Z
136328212,800554009,scheduled,ACTIVE,S,11,Upgrading Equipment,,NEWPORT BEACH,ORANGE,92625,33.60526308124897,-117.87043538464377,2026-08-04T12:30:00Z,08/04/2026 03:30:00 PM,Work is in progress.,Enhancing Reliability,06,PO,33,ELLIS,07/25/2026 06:14:34 AM,2026-07-31T02:27:34,1:scheduled,2026-07-31T09:37:12Z
136344144,800555212,scheduled,ACTIVE,S,57,Upgrading Equipment,,SANTA ANA,ORANGE,92706,33.77602338557146,-117.87228656630596,2026-08-07T21:00:00Z,08/08/2026 01:00:00 AM,Work is in progress.,Enhancing Reliability,18,PO,29,VILLA PARK,07/28/2026 04:57:20 PM,2026-07-31T02:27:34,1:scheduled,2026-07-31T09:37:12Z
136349469,800555690,scheduled,ACTIVE,S,73,Upgrading Equipment,,IRVINE,ORANGE,92602,33.721583272467036,-117.79086433615191,2026-08-08T08:00:00Z,08/08/2026 03:00:00 PM,Work is in progress.,Enhancing Reliability,06,PO,43,ELLIS,07/29/2026 04:50:24 PM,2026-07-31T02:27:34,1:scheduled,2026-07-31T09:37:12Z
136300609,800551954,scheduled,ACTIVE,S,53,Upgrading Equipment,,GARDEN GROVE,ORANGE,92845,33.77716562060776,-118.0391821285081,2026-08-03T08:00:00Z,08/03/2026 03:00:00 PM,Work is in progress.,Enhancing Reliability,18,PO,29,VILLA PARK,07/18/2026 12:28:21 PM,2026-07-31T02:27:34,1:scheduled,2026-07-31T09:37:12Z
136352829,800555816,scheduled,ACTIVE,S,1,Upgrading Equipment,,NEWPORT BEACH,ORANGE,92660,33.642453590215105,-117.8671645773718,2026-08-10T09:00:00Z,08/10/2026 11:00:00 AM,Work is in progress.,Enhancing Reliability,06,PO,33,ELLIS,07/30/2026 09:43:27 AM,2026-07-31T02:27:34,1:scheduled,2026-07-31T09:37:12Z
136344187,800555283,scheduled,ACTIVE,S,129,Upgrading Equipment,,SANTA ANA,ORANGE,92704,33.69767167739644,-117.89472893180906,2026-08-07T09:00:00Z,08/07/2026 03:00:00 PM,Work is in progress.,Enhancing Reliability,06,PO,29,ELLIS,07/28/2026 05:06:19 PM,2026-07-31T02:27:34,1:scheduled,2026-07-31T09:37:12Z
136325568,800553872,scheduled,ACTIVE,S,38,Upgrading Equipment,,SEAL BEACH,ORANGE,90740,33.76137699286526,-118.07824576928665,2026-08-06T22:00:00Z,08/07/2026 04:00:00 AM,Work is in progress.,Enhancing Reliability,06,PO,46,LIGHTHIPE,07/24/2026 06:06:18 PM,2026-07-31T02:27:34,1:scheduled,2026-07-31T09:37:12Z
136344072,800555281,scheduled,ACTIVE,S,35,Upgrading Equipment,,FULLERTON,ORANGE,92833,33.893933899114494,-117.94847005797993,2026-08-07T09:00:00Z,08/07/2026 04:00:00 PM,Work is in progress.,Enhancing Reliability,06,PO,48,VILLA PARK,07/28/2026 04:45:16 PM,2026-07-31T02:27:34,1:scheduled,2026-07-31T09:37:12Z
136320552,800553404,scheduled,ACTIVE,S,1,Upgrading Equipment,,YORBA LINDA,ORANGE,92886,33.89045614673738,-117.8140498689064,2026-08-01T09:00:00Z,08/01/2026 04:00:00 PM,Work is in progress.,Enhancing Reliability,06,PO,48,VILLA PARK,07/23/2026 11:20:25 AM,2026-07-31T02:27:34,1:scheduled,2026-07-31T09:37:12Z
136349441,800555667,scheduled,ACTIVE,S,46,Pole Upgrade,,SANTA ANA,ORANGE,92705,33.76636762126047,-117.83401994767839,2026-08-06T08:00:00Z,08/06/2026 04:00:00 PM,Work is in progress.,Enhancing Reliability,18,PO,29,VILLA PARK,07/29/2026 04:40:51 PM,2026-07-31T02:27:34,1:scheduled,2026-07-31T09:37:12Z
136325493,800553925,scheduled,ACTIVE,S,50,Pole Upgrade,,BUENA PARK,ORANGE,90620,33.849827912440766,-118.01056164275762,2026-08-03T21:00:00Z,08/04/2026 03:00:00 AM,Work is in progress.,Enhancing Reliability,18,PO,48,VILLA PARK,07/24/2026 05:43:40 PM,2026-07-31T02:27:34,1:scheduled,2026-07-31T09:37:12Z
136353674,800555948,scheduled,ACTIVE,S,99,Upgrading Equipment,,HUNTINGTON BEACH,ORANGE,92646,33.65288831220681,-117.97839513108494,2026-08-10T10:00:00Z,08/10/2026 02:00:00 PM,Work is in progress.,Enhancing Reliability,06,PO,33,ELLIS,07/30/2026 01:23:52 PM,2026-07-31T02:27:34,1:scheduled,2026-07-31T09:37:12Z
136317762,800553148,scheduled,ACTIVE,S,1,Upgrading Equipment,,STANTON,ORANGE,90680,33.80673802799463,-117.99066679699234,2026-08-03T07:30:00Z,08/03/2026 04:00:00 PM,Work is in progress.,Enhancing Reliability,06,PO,48,VILLA PARK,07/22/2026 04:34:13 PM,2026-07-31T02:27:34,1:scheduled,2026-07-31T09:37:12Z
136349055,800555684,scheduled,ACTIVE,S,0,Upgrading Equipment,,GARDEN GROVE,ORANGE,92841,33.79803057129434,-118.00328413192616,2026-07-31T23:00:00Z,08/01/2026 05:00:00 AM,Work is in progress.,Enhancing Reliability,06,PO,29,VILLA PARK,07/29/2026 02:59:43 PM,2026-07-31T02:27:34,1:scheduled,2026-07-31T09:37:12Z
136321999,800553511,scheduled,ACTIVE,S,27,Upgrading Equipment,,SANTA ANA,ORANGE,92706,33.75645897470706,-117.87065672413988,2026-08-03T09:00:00Z,08/03/2026 01:00:00 PM,Work is in progress.,Enhancing Reliability,06,PO,29,VILLA PARK,07/23/2026 02:58:22 PM,2026-07-31T02:27:34,1:scheduled,2026-07-31T09:37:12Z
136307252,800552216,scheduled,ACTIVE,S,0,Pole Upgrade,,Unincorporated Area,ORANGE,92821,33.94641754064117,-117.8622587823838,2026-07-31T07:00:00Z,07/31/2026 02:00:00 PM,Work is in progress.,Enhancing Reliability,18,PO,48,VILLA PARK,07/20/2026 10:52:06 AM,2026-07-31T02:27:34,1:scheduled,2026-07-31T09:37:12Z
136338482,800554698,scheduled,ACTIVE,S,147,Upgrading Equipment,,LA HABRA,ORANGE,90631,33.927265495117354,-117.95696260042027,2026-08-06T09:00:00Z,08/06/2026 03:00:00 PM,Work is in progress.,Enhancing Reliability,06,PO,48,VILLA PARK,07/27/2026 01:25:25 PM,2026-07-31T02:27:34,1:scheduled,2026-07-31T09:37:12Z
136299437,800551907,scheduled,ACTIVE,S,1,Cable Upgrade,,SANTA ANA,ORANGE,92705,33.7699450000988,-117.83770748520732,2026-07-31T08:00:00Z,07/31/2026 02:00:00 PM,Work is in progress.,Enhancing Reliability,18,PO,29,VILLA PARK,07/18/2026 07:31:13 AM,2026-07-31T02:27:34,1:scheduled,2026-07-31T09:37:12Z
136339649,800554769,scheduled,ACTIVE,S,7,Upgrading Equipment,,GARDEN GROVE,ORANGE,92843,33.749844315766424,-117.94242823911058,2026-08-05T08:00:00Z,08/05/2026 03:00:00 PM,Work is in progress.,Enhancing Reliability,18,PO,29,VILLA PARK,07/27/2026 06:19:34 PM,2026-07-31T02:27:34,1:scheduled,2026-07-31T09:37:12Z
136349519,800555576,scheduled,ACTIVE,S,597,Upgrading Equipment,,IRVINE,ORANGE,92612,33.649538041391374,-117.82562273984588,2026-08-08T08:30:00Z,08/08/2026 06:30:00 PM,Work is in progress.,Enhancing Reliability,06,PO,43,ELLIS,07/29/2026 05:05:41 PM,2026-07-31T02:27:34,1:scheduled,2026-07-31T09:37:12Z
136352910,800555779,scheduled,ACTIVE,S,76,Upgrading Equipment,,COSTA MESA,ORANGE,92627,33.65240982993159,-117.90422650849096,2026-08-10T09:00:00Z,08/10/2026 10:30:00 AM,Work is in progress.,Enhancing Reliability,06,PO,33,ELLIS,07/30/2026 10:12:24 AM,2026-07-31T02:27:34,1:scheduled,2026-07-31T09:37:12Z
136344194,800555174,scheduled,ACTIVE,S,144,Transformer Upgrade,,NEWPORT BEACH,ORANGE,92663,33.625672060389086,-117.91075116913056,2026-08-07T09:30:00Z,08/07/2026 02:00:00 PM,Work is in progress.,Enhancing Reliability,06,PO,33,ELLIS,07/28/2026 05:08:44 PM,2026-07-31T02:27:34,1:scheduled,2026-07-31T09:37:12Z
136344210,800555320,scheduled,ACTIVE,S,2,Cable Upgrade,,HUNTINGTON BEACH,ORANGE,92647,33.745144378034986,-118.02638770598739,2026-08-08T07:30:00Z,08/08/2026 01:00:00 PM,Work is in progress.,Enhancing Reliability,06,PO,33,VILLA PARK,07/28/2026 05:15:49 PM,2026-07-31T02:27:34,1:scheduled,2026-07-31T09:37:12Z
136241459,800547314,scheduled,ACTIVE,S,27,Upgrading Equipment,,WESTMINSTER,ORANGE,92683,33.74966140602627,-117.97001169083246,2026-07-31T09:00:00Z,07/31/2026 11:00:00 AM,Work is in progress.,Enhancing Reliability,14,PO,33,VILLA PARK,07/15/2026 08:33:38 AM,2026-07-31T02:27:34,1:scheduled,2026-07-31T09:37:12Z
136325503,800553980,scheduled,ACTIVE,S,263,Upgrading Equipment,,LAGUNA WOODS,ORANGE,92653,33.610430650505194,-117.73919787272297,2026-08-04T10:00:00Z,08/04/2026 02:00:00 PM,Work is in progress.,Enhancing Reliability,06,PO,43,ELLIS,07/24/2026 05:46:50 PM,2026-07-31T02:27:34,1:scheduled,2026-07-31T09:37:12Z
136317790,800553164,scheduled,ACTIVE,S,3,Cable Upgrade,,NEWPORT BEACH,ORANGE,92660,33.61996203915341,-117.87813627865516,2026-08-01T09:00:00Z,08/01/2026 12:00:00 PM,Work is in progress.,Enhancing Reliability,06,PO,33,ELLIS,07/22/2026 04:43:11 PM,2026-07-31T02:27:35,1:scheduled,2026-07-31T09:37:12Z
136328601,800554200,scheduled,ACTIVE,S,162,Pole Upgrade,,ORANGE,ORANGE,92867,33.81202505311741,-117.8332468234089,2026-08-04T21:00:00Z,08/05/2026 03:00:00 AM,Work is in progress.,Enhancing Reliability,18,PO,29,VILLA PARK,07/25/2026 08:52:04 AM,2026-07-31T02:27:35,1:scheduled,2026-07-31T09:37:12Z
136354456,800556070,scheduled,ACTIVE,S,70,Pole Upgrade,,ORANGE,ORANGE,92866,33.78533883232527,-117.84528135833582,2026-08-10T09:30:00Z,08/10/2026 04:00:00 PM,Work is in progress.,Enhancing Reliability,18,PO,29,VILLA PARK,07/30/2026 04:30:53 PM,2026-07-31T02:27:35,1:scheduled,2026-07-31T09:37:12Z
136325519,800553981,scheduled,ACTIVE,S,49,Upgrading Equipment,,SEAL BEACH,ORANGE,90740,33.77557886786111,-118.05643328359616,2026-08-04T12:00:00Z,08/04/2026 02:30:00 PM,Work is in progress.,Enhancing Reliability,06,PO,33,VILLA PARK,07/24/2026 05:49:24 PM,2026-07-31T02:27:35,1:scheduled,2026-07-31T09:37:12Z
136343047,800555116,scheduled,ACTIVE,S,15,Upgrading Equipment,,GARDEN GROVE,ORANGE,92844,33.76879410347582,-117.98274719734526,2026-08-03T08:00:00Z,08/03/2026 12:00:00 PM,Work is in progress.,Enhancing Reliability,18,PO,29,VILLA PARK,07/28/2026 01:25:24 PM,2026-07-31T02:27:35,1:scheduled,2026-07-31T09:37:12Z
136349254,800555574,scheduled,ACTIVE,S,429,Upgrading Equipment,,SANTA ANA,ORANGE,92706,33.7711192713363,-117.90317429383236,2026-08-06T00:30:00Z,08/06/2026 04:30:00 AM,Work is in progress.,Enhancing Reliability,06,PO,29,ELLIS,07/29/2026 03:42:09 PM,2026-07-31T02:27:35,1:scheduled,2026-07-31T09:37:12Z
136300584,800551988,scheduled,ACTIVE,S,6,Upgrading Equipment,,HUNTINGTON BEACH,ORANGE,92646,33.676494833623565,-117.97935198508455,2026-08-03T09:00:00Z,08/03/2026 11:00:00 AM,Work is in progress.,Enhancing Reliability,06,PO,33,ELLIS,07/18/2026 12:18:16 PM,2026-07-31T02:27:35,1:scheduled,2026-07-31T09:37:12Z
136308499,800552433,scheduled,ACTIVE,S,17,Upgrading Equipment,,FOUNTAIN VALLEY,ORANGE,92708,33.69642259671888,-117.94917739592623,2026-08-04T12:00:00Z,08/04/2026 03:00:00 PM,Work is in progress.,Enhancing Reliability,06,PO,33,ELLIS,07/20/2026 03:35:16 PM,2026-07-31T02:27:35,1:scheduled,2026-07-31T09:37:12Z
136342301,800554997,scheduled,ACTIVE,S,290,Transformer Upgrade,,LA HABRA,ORANGE,90631,33.92076994554213,-117.96099085995333,2026-08-07T08:30:00Z,08/07/2026 02:00:00 PM,Work is in progress.,Enhancing Reliability,18,PO,48,VILLA PARK,07/28/2026 10:57:55 AM,2026-07-31T02:27:35,1:scheduled,2026-07-31T09:37:12Z
136344200,800555264,scheduled,ACTIVE,S,32,Upgrading Equipment,,WESTMINSTER,ORANGE,92683,33.76958493832515,-118.01762283298045,2026-08-07T09:00:00Z,08/07/2026 11:00:00 AM,Work is in progress.,Enhancing Reliability,06,PO,33,VILLA PARK,07/28/2026 05:11:32 PM,2026-07-31T02:27:35,1:scheduled,2026-07-31T09:37:12Z
136252024,800548096,scheduled,ACTIVE,S,26,Upgrading Equipment,,LA HABRA,ORANGE,90631,33.92089369520579,-117.94329266994217,2026-08-02T09:00:00Z,08/02/2026 04:00:00 PM,Work is in progress.,Enhancing Reliability,14,PO,48,VILLA PARK,07/15/2026 07:13:18 AM,2026-07-31T02:27:35,1:scheduled,2026-07-31T09:37:12Z
136352384,800555846,scheduled,ACTIVE,S,55,Pole Upgrade,,WESTMINSTER,ORANGE,92683,33.762467234370995,-117.98723444298787,2026-08-05T08:30:00Z,08/05/2026 04:00:00 PM,Work is in progress.,Enhancing Reliability,18,PO,33,VILLA PARK,07/30/2026 08:17:53 AM,2026-07-31T02:27:35,1:scheduled,2026-07-31T09:37:12Z
136299616,800551853,scheduled,ACTIVE,S,15,Pole Upgrade,,WESTMINSTER,ORANGE,92683,33.7644827983857,-117.98369088743272,2026-07-31T08:00:00Z,07/31/2026 02:00:00 PM,Work is in progress.,Enhancing Reliability,18,PO,33,VILLA PARK,07/18/2026 08:41:01 AM,2026-07-31T02:27:35,1:scheduled,2026-07-31T09:37:12Z
136299645,800551912,scheduled,ACTIVE,S,54,Upgrading Equipment,,BUENA PARK,ORANGE,90620,33.842134930990134,-117.98795291824709,2026-07-31T09:00:00Z,07/31/2026 12:00:00 PM,Work is in progress.,Enhancing Reliability,06,PO,48,VILLA PARK,07/18/2026 08:47:42 AM,2026-07-31T02:27:35,1:scheduled,2026-07-31T09:37:12Z
136261877,800548814,scheduled,ACTIVE,S,12,Pole Upgrade,,WESTMINSTER,ORANGE,92683,33.76554349784408,-117.9843480023681,2026-08-06T08:00:00Z,08/06/2026 05:00:00 PM,Work is in progress.,Enhancing Reliability,20,PO,33,VILLA PARK,07/20/2026 03:32:01 PM,2026-07-31T02:27:35,1:scheduled,2026-07-31T09:37:12Z
136328339,800554105,scheduled,ACTIVE,S,11,Pole Upgrade,,HUNTINGTON BEACH,ORANGE,92647,33.736585786301454,-118.02033276901996,2026-08-06T09:00:00Z,08/06/2026 04:00:00 PM,Work is in progress.,Enhancing Reliability,06,PO,33,VILLA PARK,07/25/2026 07:27:39 AM,2026-07-31T02:27:35,1:scheduled,2026-07-31T09:37:12Z
136344182,800555282,scheduled,ACTIVE,S,8,Upgrading Equipment,,TUSTIN,ORANGE,92782,33.728907205798784,-117.79699471723016,2026-08-07T21:00:00Z,08/08/2026 04:30:00 AM,Work is in progress.,Enhancing Reliability,06,PO,29,VILLA PARK,07/28/2026 05:05:43 PM,2026-07-31T02:27:35,1:scheduled,2026-07-31T09:37:12Z
136321052,800553448,scheduled,ACTIVE,S,683,Upgrading Equipment,,LAGUNA WOODS,ORANGE,92653,33.611945597099144,-117.74979828951963,2026-08-03T08:00:00Z,08/03/2026 04:00:00 PM,Work is in progress.,Enhancing Reliability,18,PO,43,ELLIS,07/23/2026 02:16:48 PM,2026-07-31T02:27:35,1:scheduled,2026-07-31T09:37:12Z
136328244,800553855,scheduled,ACTIVE,S,9,Upgrading Equipment,,NEWPORT BEACH,ORANGE,92625,33.598499397038275,-117.85953968712164,2026-08-05T12:30:00Z,08/05/2026 03:30:00 PM,Work is in progress.,Enhancing Reliability,06,PO,33,ELLIS,07/25/2026 06:50:24 AM,2026-07-31T02:27:35,1:scheduled,2026-07-31T09:37:12Z
136344245,800555284,scheduled,ACTIVE,S,169,Upgrading Equipment,,SANTA ANA,ORANGE,92706,33.775375498178704,-117.87137163398573,2026-08-08T01:00:00Z,08/08/2026 04:00:00 AM,Work is in progress.,Enhancing Reliability,18,PO,29,VILLA PARK,07/28/2026 05:25:53 PM,2026-07-31T02:27:35,1:scheduled,2026-07-31T09:37:12Z
136328723,800554051,scheduled,ACTIVE,S,4,Upgrading Equipment,,NEWPORT BEACH,ORANGE,92660,33.6158775861818,-117.86826329960927,2026-08-06T01:30:00Z,08/06/2026 07:00:00 AM,Work is in progress.,Enhancing Reliability,06,PO,33,ELLIS,07/25/2026 09:30:21 AM,2026-07-31T02:27:35,1:scheduled,2026-07-31T09:37:12Z
136323151,800553664,scheduled,ACTIVE,S,78,Cable Upgrade,,ORANGE,ORANGE,92868,33.78277861094688,-117.87293439625456,2026-07-31T09:30:00Z,07/31/2026 02:00:00 PM,Work is in progress.,Enhancing Reliability,06,PO,29,VILLA PARK,07/24/2026 06:53:34 AM,2026-07-31T02:27:35,1:scheduled,2026-07-31T09:37:12Z
136328164,800553974,scheduled,ACTIVE,S,60,Upgrading Equipment,,LOS ALAMITOS,ORANGE,90720,33.79085931464146,-118.07062169111353,2026-08-07T09:00:00Z,08/07/2026 04:00:00 PM,Work is in progress.,Enhancing Reliability,06,PO,46,LIGHTHIPE,07/25/2026 05:24:15 AM,2026-07-31T02:27:35,1:scheduled,2026-07-31T09:37:12Z
136352855,800555798,scheduled,ACTIVE,S,1,Cable Upgrade,,SANTA ANA,ORANGE,92706,33.768883694986954,-117.88432675433098,2026-08-10T09:00:00Z,08/10/2026 02:00:00 PM,Work is in progress.,Enhancing Reliability,06,PO,29,ELLIS,07/30/2026 09:52:57 AM,2026-07-31T02:27:35,1:scheduled,2026-07-31T09:37:12Z
136323433,800553612,scheduled,ACTIVE,S,255,Upgrading Equipment,,SANTA ANA,ORANGE,92703,33.73575467708588,-117.88853505511156,2026-08-04T22:00:00Z,08/05/2026 04:30:00 AM,Work is in progress.,Enhancing Reliability,06,PO,29,ELLIS,07/24/2026 08:41:28 AM,2026-07-31T02:27:35,1:scheduled,2026-07-31T09:37:12Z
136355191,800556189,active,ACTIVE,,106,Equipment Problems,,NEWPORT BEACH,ORANGE,92661,33.60449232798635,-117.90753171315346,2026-07-30T19:01:40Z,07/31/2026 05:00:00 AM,Work is in progress.,Not Available,01,QI,33,ELLIS,07/31/2026 01:11:21 AM,2026-07-31T02:47:30,0:active,2026-07-31T09:52:12Z
136355514,800556134,active,ACTIVE,,3,Equipment Problems,,IRVINE,ORANGE,92614,33.68555625867463,-117.856350918493,2026-07-30T23:02:04Z,07/31/2026 06:00:00 AM,Work is in progress.,Not Available,01,QI,43,ELLIS,07/31/2026 02:44:44 AM,2026-07-31T02:47:31,0:active,2026-07-31T09:52:12Z
136355562,800556193,active,ACTIVE,,89,Traffic Accident,,SANTA ANA,ORANGE,92703,33.74732072833402,-117.8949301140085,2026-07-30T23:41:52Z,07/31/2026 08:00:00 AM,Work is in progress.,Power Poles and Lines Down,01,Not Available,29,ELLIS,07/31/2026 02:13:02 AM,2026-07-31T02:47:31,0:active,2026-07-31T09:52:12Z
136323299,800553649,active,ACTIVE,,1,Upgrading Equipment,,TUSTIN,ORANGE,92780,33.71921344066427,-117.83908406804026,2026-07-30T20:00:00Z,Most up by 07/31/2026 03:30:00 AM,We have completed this repair.,Enhancing Reliability,06,PO,29,ELLIS,07/31/2026 02:32:46 AM,2026-07-31T02:47:31,0:active,2026-07-31T09:52:12Z
136300574,800552051,active,ACTIVE,,16,Upgrading Equipment,,TUSTIN,ORANGE,92782,33.72411826090315,-117.79502101165144,2026-07-30T21:06:05Z,07/31/2026 03:30:00 AM,Work is in progress.,Enhancing Reliability,18,PO,29,VILLA PARK,07/30/2026 09:10:16 PM,2026-07-31T02:47:31,0:active,2026-07-31T09:52:12Z
136355042,800556092,active,ACTIVE,,147,Equipment Problems,,TUSTIN,ORANGE,92782,33.731137031355516,-117.80241653685673,2026-07-30T19:31:20Z,Most up by 07/31/2026 10:15:00 AM,We have identified the problem and are working to restore your service.,Not Available,01,Not Available,29,VILLA PARK,07/30/2026 11:59:37 PM,2026-07-31T02:47:31,0:active,2026-07-31T09:52:12Z
136328621,800554131,scheduled,ACTIVE,S,85,Pole Upgrade,,GARDEN GROVE,ORANGE,92845,33.79046523974237,-118.02373298579515,2026-08-05T08:00:00Z,08/05/2026 03:00:00 PM,Work is in progress.,Enhancing Reliability,18,PO,29,VILLA PARK,07/25/2026 09:00:55 AM,2026-07-31T02:47:29,1:scheduled,2026-07-31T09:52:12Z
136349614,800555694,scheduled,ACTIVE,S,3,Upgrading Equipment,,COSTA MESA,ORANGE,92626,33.67372071069094,-117.87769470459074,2026-08-09T09:00:00Z,08/09/2026 02:00:00 PM,Work is in progress.,Enhancing Reliability,06,PO,33,ELLIS,07/29/2026 05:14:57 PM,2026-07-31T02:47:29,1:scheduled,2026-07-31T09:52:12Z
136338444,800554634,scheduled,ACTIVE,S,2,Upgrading Equipment,,BUENA PARK,ORANGE,90620,33.844417238492426,-118.02877105052218,2026-08-06T08:00:00Z,08/06/2026 06:30:00 PM,Work is in progress.,Enhancing Reliability,06,PO,48,VILLA PARK,07/27/2026 01:18:15 PM,2026-07-31T02:47:29,1:scheduled,2026-07-31T09:52:12Z
136242596,800547299,scheduled,ACTIVE,S,19,Upgrading Equipment,,WESTMINSTER,ORANGE,92683,33.771567700429756,-118.03849159175257,2026-07-31T12:00:00Z,07/31/2026 03:00:00 PM,Work is in progress.,Enhancing Reliability,14,PO,33,VILLA PARK,07/15/2026 08:35:41 AM,2026-07-31T02:47:29,1:scheduled,2026-07-31T09:52:12Z
136299596,800551797,scheduled,ACTIVE,S,12,Pole Upgrade,,WESTMINSTER,ORANGE,92683,33.76554349784408,-117.9843480023681,2026-07-31T08:00:00Z,07/31/2026 02:00:00 PM,Work is in progress.,Enhancing Reliability,18,PO,33,VILLA PARK,07/18/2026 08:35:19 AM,2026-07-31T02:47:29,1:scheduled,2026-07-31T09:52:12Z
136325466,800553838,scheduled,ACTIVE,S,82,Pole Upgrade,,CYPRESS,ORANGE,90630,33.80789051663639,-118.0121504382034,2026-08-04T09:00:00Z,08/04/2026 05:00:00 PM,Work is in progress.,Enhancing Reliability,06,PO,48,VILLA PARK,07/24/2026 05:34:48 PM,2026-07-31T02:47:29,1:scheduled,2026-07-31T09:52:12Z
136349634,800555555,scheduled,ACTIVE,S,683,Cable Upgrade,,LAGUNA WOODS,ORANGE,92653,33.611945597099144,-117.74979828951963,2026-08-10T08:00:00Z,08/10/2026 04:00:00 PM,Work is in progress.,Enhancing Reliability,18,PO,43,ELLIS,07/29/2026 05:27:11 PM,2026-07-31T02:47:29,1:scheduled,2026-07-31T09:52:12Z
136342059,800554995,scheduled,ACTIVE,S,40,Transformer Upgrade,,LA HABRA,ORANGE,90631,33.91164040097648,-117.95636194010892,2026-08-06T12:00:00Z,08/06/2026 03:30:00 PM,Work is in progress.,Enhancing Reliability,18,PO,48,VILLA PARK,07/28/2026 10:03:37 AM,2026-07-31T02:47:29,1:scheduled,2026-07-31T09:52:12Z
136349334,800555649,scheduled,ACTIVE,S,50,Transformer Upgrade,,SEAL BEACH,ORANGE,90740,33.767011407533914,-118.08291207880981,2026-08-10T09:00:00Z,08/10/2026 03:00:00 PM,Work is in progress.,Enhancing Reliability,06,PO,46,LIGHTHIPE,07/29/2026 04:02:37 PM,2026-07-31T02:47:29,1:scheduled,2026-07-31T09:52:12Z
136328219,800553998,scheduled,ACTIVE,S,14,Upgrading Equipment,,WESTMINSTER,ORANGE,92683,33.739953083000664,-118.0056591850109,2026-08-04T12:30:00Z,08/04/2026 03:00:00 PM,Work is in progress.,Enhancing Reliability,06,PO,33,VILLA PARK,07/25/2026 06:24:54 AM,2026-07-31T02:47:29,1:scheduled,2026-07-31T09:52:12Z
136344209,800555175,scheduled,ACTIVE,S,422,Upgrading Equipment,,YORBA LINDA,ORANGE,92886,33.90556745773305,-117.82947551169154,2026-08-07T09:00:00Z,08/07/2026 04:00:00 PM,Work is in progress.,Enhancing Reliability,06,PO,48,VILLA PARK,07/28/2026 05:14:40 PM,2026-07-31T02:47:29,1:scheduled,2026-07-31T09:52:12Z
136344160,800555188,scheduled,ACTIVE,S,2,Transformer Upgrade,,YORBA LINDA,ORANGE,92886,33.89010941744791,-117.81317064102544,2026-08-07T21:00:00Z,08/08/2026 01:00:00 AM,Work is in progress.,Enhancing Reliability,18,PO,48,VILLA PARK,07/28/2026 05:00:51 PM,2026-07-31T02:47:29,1:scheduled,2026-07-31T09:52:12Z
136299651,800551926,scheduled,ACTIVE,S,0,Transformer Upgrade,,FULLERTON,ORANGE,92831,33.859515074077976,-117.89506923699487,2026-07-31T09:00:00Z,07/31/2026 04:00:00 PM,Work is in progress.,Enhancing Reliability,06,PO,48,VILLA PARK,07/18/2026 08:50:14 AM,2026-07-31T02:47:29,1:scheduled,2026-07-31T09:52:12Z
136341822,800555067,scheduled,ACTIVE,S,260,Pole Upgrade,,BUENA PARK,ORANGE,90621,33.863173367163085,-118.00968912349519,2026-08-06T09:00:00Z,08/06/2026 05:00:00 PM,Work is in progress.,Enhancing Reliability,06,PO,48,VILLA PARK,07/28/2026 09:22:49 AM,2026-07-31T02:47:29,1:scheduled,2026-07-31T09:52:12Z
136299635,800551831,scheduled,ACTIVE,S,6,Upgrading Equipment,,TUSTIN FOOTHILLS,ORANGE,92780,33.75130155655582,-117.8133188154366,2026-07-31T08:00:00Z,07/31/2026 11:00:00 AM,Work is in progress.,Enhancing Reliability,18,PO,29,VILLA PARK,07/18/2026 08:45:13 AM,2026-07-31T02:47:30,1:scheduled,2026-07-31T09:52:12Z
136321088,800553546,scheduled,ACTIVE,S,37,Upgrading Equipment,,NEWPORT BEACH,ORANGE,92660,33.62521740647028,-117.90241094952137,2026-08-03T09:00:00Z,08/03/2026 01:00:00 PM,Work is in progress.,Enhancing Reliability,06,PO,33,ELLIS,07/23/2026 02:39:40 PM,2026-07-31T02:47:30,1:scheduled,2026-07-31T09:52:12Z
136325450,800553945,scheduled,ACTIVE,S,255,Pole Upgrade,,SANTA ANA,ORANGE,92703,33.73575467708588,-117.88853505511156,2026-08-04T08:00:00Z,08/04/2026 04:00:00 PM,Work is in progress.,Enhancing Reliability,18,PO,29,ELLIS,07/24/2026 05:30:21 PM,2026-07-31T02:47:30,1:scheduled,2026-07-31T09:52:12Z
136320896,800553505,scheduled,ACTIVE,S,0,Upgrading Equipment,,WESTMINSTER,ORANGE,92683,33.749448618087676,-117.99983447996259,2026-08-02T09:00:00Z,08/02/2026 02:00:00 PM,Work is in progress.,Enhancing Reliability,06,PO,33,VILLA PARK,07/23/2026 01:07:58 PM,2026-07-31T02:47:30,1:scheduled,2026-07-31T09:52:12Z
136312619,800552685,scheduled,ACTIVE,S,101,Upgrading Equipment,,GARDEN GROVE,ORANGE,92845,33.78216508806161,-118.03881183306652,2026-07-31T08:00:00Z,07/31/2026 04:00:00 PM,Work is in progress.,Enhancing Reliability,18,PO,29,VILLA PARK,07/21/2026 06:02:42 PM,2026-07-31T02:47:30,1:scheduled,2026-07-31T09:52:12Z
136323256,800553724,scheduled,ACTIVE,S,2,Upgrading Equipment,,GARDEN GROVE,ORANGE,92841,33.78998494280542,-118.00362214640799,2026-08-03T21:00:00Z,08/04/2026 02:00:00 AM,Work is in progress.,Enhancing Reliability,18,PO,29,VILLA PARK,07/24/2026 08:01:44 AM,2026-07-31T02:47:30,1:scheduled,2026-07-31T09:52:12Z
136299764,800551857,scheduled,ACTIVE,S,140,Transformer Upgrade,,SANTA ANA,ORANGE,92707,33.70141981640157,-117.86952971395411,2026-07-31T15:00:00Z,07/31/2026 07:00:00 PM,Work is in progress.,Enhancing Reliability,18,PO,29,ELLIS,07/18/2026 09:16:26 AM,2026-07-31T02:47:30,1:scheduled,2026-07-31T09:52:12Z
136328278,800554104,scheduled,ACTIVE,S,14,Upgrading Equipment,,FOUNTAIN VALLEY,ORANGE,92708,33.72696062563959,-117.93293490337513,2026-08-05T12:30:00Z,08/05/2026 03:00:00 PM,Work is in progress.,Enhancing Reliability,06,PO,33,ELLIS,07/25/2026 07:15:24 AM,2026-07-31T02:47:30,1:scheduled,2026-07-31T09:52:12Z
136343941,800555229,scheduled,ACTIVE,S,18,Upgrading Equipment,,FOUNTAIN VALLEY,ORANGE,92708,33.71635934366413,-117.97090804868756,2026-08-07T01:00:00Z,08/07/2026 06:30:00 AM,Work is in progress.,Enhancing Reliability,06,PO,33,ELLIS,07/28/2026 04:10:03 PM,2026-07-31T02:47:30,1:scheduled,2026-07-31T09:52:12Z
136300596,800551967,scheduled,ACTIVE,S,154,Upgrading Equipment,,HUNTINGTON BEACH,ORANGE,92646,33.66020883706171,-117.98387145778797,2026-08-03T09:00:00Z,08/03/2026 03:00:00 PM,Work is in progress.,Enhancing Reliability,06,PO,33,ELLIS,07/18/2026 12:22:20 PM,2026-07-31T02:47:30,1:scheduled,2026-07-31T09:52:12Z
136325479,800553946,scheduled,ACTIVE,S,21,Upgrading Equipment,,SANTA ANA,ORANGE,92704,33.71986341946297,-117.90632149831112,2026-08-04T09:00:00Z,08/04/2026 04:00:00 PM,Work is in progress.,Enhancing Reliability,06,PO,29,ELLIS,07/24/2026 05:37:48 PM,2026-07-31T02:47:30,1:scheduled,2026-07-31T09:52:12Z
136328682,800554187,scheduled,ACTIVE,S,1,Transformer Upgrade,,IRVINE,ORANGE,92618,33.66578857424019,-117.78764009484934,2026-08-05T13:00:00Z,08/05/2026 03:30:00 PM,Work is in progress.,Enhancing Reliability,18,PO,43,ELLIS,07/25/2026 09:16:04 AM,2026-07-31T02:47:30,1:scheduled,2026-07-31T09:52:12Z
136328262,800554029,scheduled,ACTIVE,S,7,Upgrading Equipment,,NEWPORT BEACH,ORANGE,92660,33.624375507748,-117.86575921521208,2026-08-05T12:30:00Z,08/05/2026 03:30:00 PM,Work is in progress.,Enhancing Reliability,06,PO,33,ELLIS,07/25/2026 07:02:21 AM,2026-07-31T02:47:30,1:scheduled,2026-07-31T09:52:12Z
136328225,800554063,scheduled,ACTIVE,S,23,Transformer Upgrade,,PLACENTIA,ORANGE,92870,33.86854751212615,-117.83149968462294,2026-08-05T08:00:00Z,08/05/2026 11:00:00 AM,Work is in progress.,Enhancing Reliability,18,PO,48,VILLA PARK,07/25/2026 06:38:29 AM,2026-07-31T02:47:30,1:scheduled,2026-07-31T09:52:12Z
136299776,800551892,scheduled,ACTIVE,S,2,Upgrading Equipment,,IRVINE,ORANGE,92614,33.69546016531424,-117.86171221951717,2026-08-01T08:00:00Z,08/01/2026 03:00:00 PM,Work is in progress.,Enhancing Reliability,06,PO,43,ELLIS,07/18/2026 09:19:22 AM,2026-07-31T02:47:30,1:scheduled,2026-07-31T09:52:12Z
136323196,800553592,scheduled,ACTIVE,S,5,Upgrading Equipment,,ORANGE,ORANGE,92868,33.78535590141055,-117.88948426534641,2026-08-03T19:30:00Z,08/03/2026 10:30:00 PM,Work is in progress.,Enhancing Reliability,06,PO,29,VILLA PARK,07/24/2026 07:23:04 AM,2026-07-31T02:47:30,1:scheduled,2026-07-31T09:52:12Z
136344234,800555190,scheduled,ACTIVE,S,26,Transformer Upgrade,,HUNTINGTON BEACH,ORANGE,92649,33.71257129896257,-118.04486712846176,2026-08-07T09:00:00Z,08/07/2026 01:00:00 PM,Work is in progress.,Enhancing Reliability,06,PO,33,VILLA PARK,07/28/2026 05:21:35 PM,2026-07-31T02:47:30,1:scheduled,2026-07-31T09:52:12Z
136299606,800551911,scheduled,ACTIVE,S,41,Pole Upgrade,,SANTA ANA,ORANGE,92701,33.743012266353944,-117.86562216733401,2026-07-31T08:00:00Z,07/31/2026 03:00:00 PM,Work is in progress.,Enhancing Reliability,18,PO,29,VILLA PARK,07/18/2026 08:38:38 AM,2026-07-31T02:47:30,1:scheduled,2026-07-31T09:52:12Z
136353384,800555945,scheduled,ACTIVE,S,1,Upgrading Equipment,,FULLERTON,ORANGE,92833,33.888107206510846,-117.9425668886848,2026-08-10T09:00:00Z,08/10/2026 04:00:00 PM,Work is in progress.,Enhancing Reliability,06,PO,48,VILLA PARK,07/30/2026 12:00:30 PM,2026-07-31T02:47:30,1:scheduled,2026-07-31T09:52:12Z
136312665,800552686,scheduled,ACTIVE,S,104,Cable Upgrade,,BUENA PARK,ORANGE,90620,33.83989924092641,-117.99520550352433,2026-07-31T23:00:00Z,08/01/2026 06:30:00 AM,Work is in progress.,Enhancing Reliability,18,PO,48,VILLA PARK,07/21/2026 06:22:54 PM,2026-07-31T02:47:30,1:scheduled,2026-07-31T09:52:12Z
136328212,800554009,scheduled,ACTIVE,S,11,Upgrading Equipment,,NEWPORT BEACH,ORANGE,92625,33.60526308124897,-117.87043538464377,2026-08-04T12:30:00Z,08/04/2026 03:30:00 PM,Work is in progress.,Enhancing Reliability,06,PO,33,ELLIS,07/25/2026 06:14:34 AM,2026-07-31T02:47:30,1:scheduled,2026-07-31T09:52:12Z
136344144,800555212,scheduled,ACTIVE,S,57,Upgrading Equipment,,SANTA ANA,ORANGE,92706,33.77602338557146,-117.87228656630596,2026-08-07T21:00:00Z,08/08/2026 01:00:00 AM,Work is in progress.,Enhancing Reliability,18,PO,29,VILLA PARK,07/28/2026 04:57:20 PM,2026-07-31T02:47:30,1:scheduled,2026-07-31T09:52:12Z
136349469,800555690,scheduled,ACTIVE,S,73,Upgrading Equipment,,IRVINE,ORANGE,92602,33.721583272467036,-117.79086433615191,2026-08-08T08:00:00Z,08/08/2026 03:00:00 PM,Work is in progress.,Enhancing Reliability,06,PO,43,ELLIS,07/29/2026 04:50:24 PM,2026-07-31T02:47:30,1:scheduled,2026-07-31T09:52:12Z
136300609,800551954,scheduled,ACTIVE,S,53,Upgrading Equipment,,GARDEN GROVE,ORANGE,92845,33.77716562060776,-118.0391821285081,2026-08-03T08:00:00Z,08/03/2026 03:00:00 PM,Work is in progress.,Enhancing Reliability,18,PO,29,VILLA PARK,07/18/2026 12:28:21 PM,2026-07-31T02:47:30,1:scheduled,2026-07-31T09:52:12Z
136352829,800555816,scheduled,ACTIVE,S,1,Upgrading Equipment,,NEWPORT BEACH,ORANGE,92660,33.642453590215105,-117.8671645773718,2026-08-10T09:00:00Z,08/10/2026 11:00:00 AM,Work is in progress.,Enhancing Reliability,06,PO,33,ELLIS,07/30/2026 09:43:27 AM,2026-07-31T02:47:30,1:scheduled,2026-07-31T09:52:12Z
136344187,800555283,scheduled,ACTIVE,S,129,Upgrading Equipment,,SANTA ANA,ORANGE,92704,33.69767167739644,-117.89472893180906,2026-08-07T09:00:00Z,08/07/2026 03:00:00 PM,Work is in progress.,Enhancing Reliability,06,PO,29,ELLIS,07/28/2026 05:06:19 PM,2026-07-31T02:47:30,1:scheduled,2026-07-31T09:52:12Z
136325568,800553872,scheduled,ACTIVE,S,38,Upgrading Equipment,,SEAL BEACH,ORANGE,90740,33.76137699286526,-118.07824576928665,2026-08-06T22:00:00Z,08/07/2026 04:00:00 AM,Work is in progress.,Enhancing Reliability,06,PO,46,LIGHTHIPE,07/24/2026 06:06:18 PM,2026-07-31T02:47:30,1:scheduled,2026-07-31T09:52:12Z
136344072,800555281,scheduled,ACTIVE,S,35,Upgrading Equipment,,FULLERTON,ORANGE,92833,33.893933899114494,-117.94847005797993,2026-08-07T09:00:00Z,08/07/2026 04:00:00 PM,Work is in progress.,Enhancing Reliability,06,PO,48,VILLA PARK,07/28/2026 04:45:16 PM,2026-07-31T02:47:30,1:scheduled,2026-07-31T09:52:12Z
136320552,800553404,scheduled,ACTIVE,S,1,Upgrading Equipment,,YORBA LINDA,ORANGE,92886,33.89045614673738,-117.8140498689064,2026-08-01T09:00:00Z,08/01/2026 04:00:00 PM,Work is in progress.,Enhancing Reliability,06,PO,48,VILLA PARK,07/23/2026 11:20:25 AM,2026-07-31T02:47:30,1:scheduled,2026-07-31T09:52:12Z
136349441,800555667,scheduled,ACTIVE,S,46,Pole Upgrade,,SANTA ANA,ORANGE,92705,33.76636762126047,-117.83401994767839,2026-08-06T08:00:00Z,08/06/2026 04:00:00 PM,Work is in progress.,Enhancing Reliability,18,PO,29,VILLA PARK,07/29/2026 04:40:51 PM,2026-07-31T02:47:30,1:scheduled,2026-07-31T09:52:12Z
136325493,800553925,scheduled,ACTIVE,S,50,Pole Upgrade,,BUENA PARK,ORANGE,90620,33.849827912440766,-118.01056164275762,2026-08-03T21:00:00Z,08/04/2026 03:00:00 AM,Work is in progress.,Enhancing Reliability,18,PO,48,VILLA PARK,07/24/2026 05:43:40 PM,2026-07-31T02:47:30,1:scheduled,2026-07-31T09:52:12Z
136353674,800555948,scheduled,ACTIVE,S,99,Upgrading Equipment,,HUNTINGTON BEACH,ORANGE,92646,33.65288831220681,-117.97839513108494,2026-08-10T10:00:00Z,08/10/2026 02:00:00 PM,Work is in progress.,Enhancing Reliability,06,PO,33,ELLIS,07/30/2026 01:23:52 PM,2026-07-31T02:47:30,1:scheduled,2026-07-31T09:52:12Z
136317762,800553148,scheduled,ACTIVE,S,1,Upgrading Equipment,,STANTON,ORANGE,90680,33.80673802799463,-117.99066679699234,2026-08-03T07:30:00Z,08/03/2026 04:00:00 PM,Work is in progress.,Enhancing Reliability,06,PO,48,VILLA PARK,07/22/2026 04:34:13 PM,2026-07-31T02:47:30,1:scheduled,2026-07-31T09:52:12Z
136349055,800555684,scheduled,ACTIVE,S,0,Upgrading Equipment,,GARDEN GROVE,ORANGE,92841,33.79803057129434,-118.00328413192616,2026-07-31T23:00:00Z,08/01/2026 05:00:00 AM,Work is in progress.,Enhancing Reliability,06,PO,29,VILLA PARK,07/29/2026 02:59:43 PM,2026-07-31T02:47:30,1:scheduled,2026-07-31T09:52:12Z
136321999,800553511,scheduled,ACTIVE,S,27,Upgrading Equipment,,SANTA ANA,ORANGE,92706,33.75645897470706,-117.87065672413988,2026-08-03T09:00:00Z,08/03/2026 01:00:00 PM,Work is in progress.,Enhancing Reliability,06,PO,29,VILLA PARK,07/23/2026 02:58:22 PM,2026-07-31T02:47:30,1:scheduled,2026-07-31T09:52:12Z
136307252,800552216,scheduled,ACTIVE,S,0,Pole Upgrade,,Unincorporated Area,ORANGE,92821,33.94641754064117,-117.8622587823838,2026-07-31T07:00:00Z,07/31/2026 02:00:00 PM,Work is in progress.,Enhancing Reliability,18,PO,48,VILLA PARK,07/20/2026 10:52:06 AM,2026-07-31T02:47:31,1:scheduled,2026-07-31T09:52:12Z
136338482,800554698,scheduled,ACTIVE,S,147,Upgrading Equipment,,LA HABRA,ORANGE,90631,33.927265495117354,-117.95696260042027,2026-08-06T09:00:00Z,08/06/2026 03:00:00 PM,Work is in progress.,Enhancing Reliability,06,PO,48,VILLA PARK,07/27/2026 01:25:25 PM,2026-07-31T02:47:31,1:scheduled,2026-07-31T09:52:12Z
136299437,800551907,scheduled,ACTIVE,S,1,Cable Upgrade,,SANTA ANA,ORANGE,92705,33.7699450000988,-117.83770748520732,2026-07-31T08:00:00Z,07/31/2026 02:00:00 PM,Work is in progress.,Enhancing Reliability,18,PO,29,VILLA PARK,07/18/2026 07:31:13 AM,2026-07-31T02:47:31,1:scheduled,2026-07-31T09:52:12Z
136339649,800554769,scheduled,ACTIVE,S,7,Upgrading Equipment,,GARDEN GROVE,ORANGE,92843,33.749844315766424,-117.94242823911058,2026-08-05T08:00:00Z,08/05/2026 03:00:00 PM,Work is in progress.,Enhancing Reliability,18,PO,29,VILLA PARK,07/27/2026 06:19:34 PM,2026-07-31T02:47:31,1:scheduled,2026-07-31T09:52:12Z
136349519,800555576,scheduled,ACTIVE,S,597,Upgrading Equipment,,IRVINE,ORANGE,92612,33.649538041391374,-117.82562273984588,2026-08-08T08:30:00Z,08/08/2026 06:30:00 PM,Work is in progress.,Enhancing Reliability,06,PO,43,ELLIS,07/29/2026 05:05:41 PM,2026-07-31T02:47:31,1:scheduled,2026-07-31T09:52:12Z
136352910,800555779,scheduled,ACTIVE,S,76,Upgrading Equipment,,COSTA MESA,ORANGE,92627,33.65240982993159,-117.90422650849096,2026-08-10T09:00:00Z,08/10/2026 10:30:00 AM,Work is in progress.,Enhancing Reliability,06,PO,33,ELLIS,07/30/2026 10:12:24 AM,2026-07-31T02:47:31,1:scheduled,2026-07-31T09:52:12Z
136344194,800555174,scheduled,ACTIVE,S,144,Transformer Upgrade,,NEWPORT BEACH,ORANGE,92663,33.625672060389086,-117.91075116913056,2026-08-07T09:30:00Z,08/07/2026 02:00:00 PM,Work is in progress.,Enhancing Reliability,06,PO,33,ELLIS,07/28/2026 05:08:44 PM,2026-07-31T02:47:31,1:scheduled,2026-07-31T09:52:12Z
136344210,800555320,scheduled,ACTIVE,S,2,Cable Upgrade,,HUNTINGTON BEACH,ORANGE,92647,33.745144378034986,-118.02638770598739,2026-08-08T07:30:00Z,08/08/2026 01:00:00 PM,Work is in progress.,Enhancing Reliability,06,PO,33,VILLA PARK,07/28/2026 05:15:49 PM,2026-07-31T02:47:31,1:scheduled,2026-07-31T09:52:12Z
136241459,800547314,scheduled,ACTIVE,S,27,Upgrading Equipment,,WESTMINSTER,ORANGE,92683,33.74966140602627,-117.97001169083246,2026-07-31T09:00:00Z,07/31/2026 11:00:00 AM,Work is in progress.,Enhancing Reliability,14,PO,33,VILLA PARK,07/15/2026 08:33:38 AM,2026-07-31T02:47:31,1:scheduled,2026-07-31T09:52:12Z
136325503,800553980,scheduled,ACTIVE,S,263,Upgrading Equipment,,LAGUNA WOODS,ORANGE,92653,33.610430650505194,-117.73919787272297,2026-08-04T10:00:00Z,08/04/2026 02:00:00 PM,Work is in progress.,Enhancing Reliability,06,PO,43,ELLIS,07/24/2026 05:46:50 PM,2026-07-31T02:47:31,1:scheduled,2026-07-31T09:52:12Z
136317790,800553164,scheduled,ACTIVE,S,3,Cable Upgrade,,NEWPORT BEACH,ORANGE,92660,33.61996203915341,-117.87813627865516,2026-08-01T09:00:00Z,08/01/2026 12:00:00 PM,Work is in progress.,Enhancing Reliability,06,PO,33,ELLIS,07/22/2026 04:43:11 PM,2026-07-31T02:47:31,1:scheduled,2026-07-31T09:52:12Z
136328601,800554200,scheduled,ACTIVE,S,162,Pole Upgrade,,ORANGE,ORANGE,92867,33.81202505311741,-117.8332468234089,2026-08-04T21:00:00Z,08/05/2026 03:00:00 AM,Work is in progress.,Enhancing Reliability,18,PO,29,VILLA PARK,07/25/2026 08:52:04 AM,2026-07-31T02:47:31,1:scheduled,2026-07-31T09:52:12Z
136354456,800556070,scheduled,ACTIVE,S,70,Pole Upgrade,,ORANGE,ORANGE,92866,33.78533883232527,-117.84528135833582,2026-08-10T09:30:00Z,08/10/2026 04:00:00 PM,Work is in progress.,Enhancing Reliability,18,PO,29,VILLA PARK,07/30/2026 04:30:53 PM,2026-07-31T02:47:31,1:scheduled,2026-07-31T09:52:12Z
136325519,800553981,scheduled,ACTIVE,S,49,Upgrading Equipment,,SEAL BEACH,ORANGE,90740,33.77557886786111,-118.05643328359616,2026-08-04T12:00:00Z,08/04/2026 02:30:00 PM,Work is in progress.,Enhancing Reliability,06,PO,33,VILLA PARK,07/24/2026 05:49:24 PM,2026-07-31T02:47:31,1:scheduled,2026-07-31T09:52:12Z
136343047,800555116,scheduled,ACTIVE,S,15,Upgrading Equipment,,GARDEN GROVE,ORANGE,92844,33.76879410347582,-117.98274719734526,2026-08-03T08:00:00Z,08/03/2026 12:00:00 PM,Work is in progress.,Enhancing Reliability,18,PO,29,VILLA PARK,07/28/2026 01:25:24 PM,2026-07-31T02:47:31,1:scheduled,2026-07-31T09:52:12Z
136349254,800555574,scheduled,ACTIVE,S,429,Upgrading Equipment,,SANTA ANA,ORANGE,92706,33.7711192713363,-117.90317429383236,2026-08-06T00:30:00Z,08/06/2026 04:30:00 AM,Work is in progress.,Enhancing Reliability,06,PO,29,ELLIS,07/29/2026 03:42:09 PM,2026-07-31T02:47:31,1:scheduled,2026-07-31T09:52:12Z
136300584,800551988,scheduled,ACTIVE,S,6,Upgrading Equipment,,HUNTINGTON BEACH,ORANGE,92646,33.676494833623565,-117.97935198508455,2026-08-03T09:00:00Z,08/03/2026 11:00:00 AM,Work is in progress.,Enhancing Reliability,06,PO,33,ELLIS,07/18/2026 12:18:16 PM,2026-07-31T02:47:31,1:scheduled,2026-07-31T09:52:12Z
136308499,800552433,scheduled,ACTIVE,S,17,Upgrading Equipment,,FOUNTAIN VALLEY,ORANGE,92708,33.69642259671888,-117.94917739592623,2026-08-04T12:00:00Z,08/04/2026 03:00:00 PM,Work is in progress.,Enhancing Reliability,06,PO,33,ELLIS,07/20/2026 03:35:16 PM,2026-07-31T02:47:31,1:scheduled,2026-07-31T09:52:12Z
136342301,800554997,scheduled,ACTIVE,S,290,Transformer Upgrade,,LA HABRA,ORANGE,90631,33.92076994554213,-117.96099085995333,2026-08-07T08:30:00Z,08/07/2026 02:00:00 PM,Work is in progress.,Enhancing Reliability,18,PO,48,VILLA PARK,07/28/2026 10:57:55 AM,2026-07-31T02:47:31,1:scheduled,2026-07-31T09:52:12Z
136344200,800555264,scheduled,ACTIVE,S,32,Upgrading Equipment,,WESTMINSTER,ORANGE,92683,33.76958493832515,-118.01762283298045,2026-08-07T09:00:00Z,08/07/2026 11:00:00 AM,Work is in progress.,Enhancing Reliability,06,PO,33,VILLA PARK,07/28/2026 05:11:32 PM,2026-07-31T02:47:31,1:scheduled,2026-07-31T09:52:12Z
136252024,800548096,scheduled,ACTIVE,S,26,Upgrading Equipment,,LA HABRA,ORANGE,90631,33.92089369520579,-117.94329266994217,2026-08-02T09:00:00Z,08/02/2026 04:00:00 PM,Work is in progress.,Enhancing Reliability,14,PO,48,VILLA PARK,07/15/2026 07:13:18 AM,2026-07-31T02:47:31,1:scheduled,2026-07-31T09:52:12Z
136352384,800555846,scheduled,ACTIVE,S,55,Pole Upgrade,,WESTMINSTER,ORANGE,92683,33.762467234370995,-117.98723444298787,2026-08-05T08:30:00Z,08/05/2026 04:00:00 PM,Work is in progress.,Enhancing Reliability,18,PO,33,VILLA PARK,07/30/2026 08:17:53 AM,2026-07-31T02:47:31,1:scheduled,2026-07-31T09:52:12Z
136299616,800551853,scheduled,ACTIVE,S,15,Pole Upgrade,,WESTMINSTER,ORANGE,92683,33.7644827983857,-117.98369088743272,2026-07-31T08:00:00Z,07/31/2026 02:00:00 PM,Work is in progress.,Enhancing Reliability,18,PO,33,VILLA PARK,07/18/2026 08:41:01 AM,2026-07-31T02:47:31,1:scheduled,2026-07-31T09:52:12Z
136299645,800551912,scheduled,ACTIVE,S,54,Upgrading Equipment,,BUENA PARK,ORANGE,90620,33.842134930990134,-117.98795291824709,2026-07-31T09:00:00Z,07/31/2026 12:00:00 PM,Work is in progress.,Enhancing Reliability,06,PO,48,VILLA PARK,07/18/2026 08:47:42 AM,2026-07-31T02:47:31,1:scheduled,2026-07-31T09:52:12Z
136261877,800548814,scheduled,ACTIVE,S,12,Pole Upgrade,,WESTMINSTER,ORANGE,92683,33.76554349784408,-117.9843480023681,2026-08-06T08:00:00Z,08/06/2026 05:00:00 PM,Work is in progress.,Enhancing Reliability,20,PO,33,VILLA PARK,07/20/2026 03:32:01 PM,2026-07-31T02:47:31,1:scheduled,2026-07-31T09:52:12Z
136328339,800554105,scheduled,ACTIVE,S,11,Pole Upgrade,,HUNTINGTON BEACH,ORANGE,92647,33.736585786301454,-118.02033276901996,2026-08-06T09:00:00Z,08/06/2026 04:00:00 PM,Work is in progress.,Enhancing Reliability,06,PO,33,VILLA PARK,07/25/2026 07:27:39 AM,2026-07-31T02:47:31,1:scheduled,2026-07-31T09:52:12Z
136344182,800555282,scheduled,ACTIVE,S,8,Upgrading Equipment,,TUSTIN,ORANGE,92782,33.728907205798784,-117.79699471723016,2026-08-07T21:00:00Z,08/08/2026 04:30:00 AM,Work is in progress.,Enhancing Reliability,06,PO,29,VILLA PARK,07/28/2026 05:05:43 PM,2026-07-31T02:47:31,1:scheduled,2026-07-31T09:52:12Z
136321052,800553448,scheduled,ACTIVE,S,683,Upgrading Equipment,,LAGUNA WOODS,ORANGE,92653,33.611945597099144,-117.74979828951963,2026-08-03T08:00:00Z,08/03/2026 04:00:00 PM,Work is in progress.,Enhancing Reliability,18,PO,43,ELLIS,07/23/2026 02:16:48 PM,2026-07-31T02:47:31,1:scheduled,2026-07-31T09:52:12Z
136328244,800553855,scheduled,ACTIVE,S,9,Upgrading Equipment,,NEWPORT BEACH,ORANGE,92625,33.598499397038275,-117.85953968712164,2026-08-05T12:30:00Z,08/05/2026 03:30:00 PM,Work is in progress.,Enhancing Reliability,06,PO,33,ELLIS,07/25/2026 06:50:24 AM,2026-07-31T02:47:31,1:scheduled,2026-07-31T09:52:12Z
136344245,800555284,scheduled,ACTIVE,S,169,Upgrading Equipment,,SANTA ANA,ORANGE,92706,33.775375498178704,-117.87137163398573,2026-08-08T01:00:00Z,08/08/2026 04:00:00 AM,Work is in progress.,Enhancing Reliability,18,PO,29,VILLA PARK,07/28/2026 05:25:53 PM,2026-07-31T02:47:31,1:scheduled,2026-07-31T09:52:12Z
136328723,800554051,scheduled,ACTIVE,S,4,Upgrading Equipment,,NEWPORT BEACH,ORANGE,92660,33.6158775861818,-117.86826329960927,2026-08-06T01:30:00Z,08/06/2026 07:00:00 AM,Work is in progress.,Enhancing Reliability,06,PO,33,ELLIS,07/25/2026 09:30:21 AM,2026-07-31T02:47:31,1:scheduled,2026-07-31T09:52:12Z
136323151,800553664,scheduled,ACTIVE,S,78,Cable Upgrade,,ORANGE,ORANGE,92868,33.78277861094688,-117.87293439625456,2026-07-31T09:30:00Z,07/31/2026 02:00:00 PM,Work is in progress.,Enhancing Reliability,06,PO,29,VILLA PARK,07/24/2026 06:53:34 AM,2026-07-31T02:47:31,1:scheduled,2026-07-31T09:52:12Z
136328164,800553974,scheduled,ACTIVE,S,60,Upgrading Equipment,,LOS ALAMITOS,ORANGE,90720,33.79085931464146,-118.07062169111353,2026-08-07T09:00:00Z,08/07/2026 04:00:00 PM,Work is in progress.,Enhancing Reliability,06,PO,46,LIGHTHIPE,07/25/2026 05:24:15 AM,2026-07-31T02:47:31,1:scheduled,2026-07-31T09:52:12Z
136352855,800555798,scheduled,ACTIVE,S,1,Cable Upgrade,,SANTA ANA,ORANGE,92706,33.768883694986954,-117.88432675433098,2026-08-10T09:00:00Z,08/10/2026 02:00:00 PM,Work is in progress.,Enhancing Reliability,06,PO,29,ELLIS,07/30/2026 09:52:57 AM,2026-07-31T02:47:32,1:scheduled,2026-07-31T09:52:12Z
136323433,800553612,scheduled,ACTIVE,S,255,Upgrading Equipment,,SANTA ANA,ORANGE,92703,33.73575467708588,-117.88853505511156,2026-08-04T22:00:00Z,08/05/2026 04:30:00 AM,Work is in progress.,Enhancing Reliability,06,PO,29,ELLIS,07/24/2026 08:41:28 AM,2026-07-31T02:47:32,1:scheduled,2026-07-31T09:52:12Z
136355191,800556189,active,ACTIVE,,106,Equipment Problems,,NEWPORT BEACH,ORANGE,92661,33.60449232798635,-117.90753171315346,2026-07-30T19:01:40Z,07/31/2026 05:00:00 AM,Work is in progress.,Not Available,01,QI,33,ELLIS,07/31/2026 01:11:21 AM,2026-07-31T02:57:32,0:active,2026-07-31T10:07:10Z
136355562,800556193,active,ACTIVE,,89,Traffic Accident,,SANTA ANA,ORANGE,92703,33.74732072833402,-117.8949301140085,2026-07-30T23:41:52Z,07/31/2026 08:00:00 AM,Work is in progress.,Power Poles and Lines Down,01,Not Available,29,ELLIS,07/31/2026 02:13:02 AM,2026-07-31T02:57:33,0:active,2026-07-31T10:07:10Z
136300574,800552051,active,ACTIVE,,16,Upgrading Equipment,,TUSTIN,ORANGE,92782,33.72411826090315,-117.79502101165144,2026-07-30T21:06:05Z,07/31/2026 03:30:00 AM,Work is in progress.,Enhancing Reliability,18,PO,29,VILLA PARK,07/30/2026 09:10:16 PM,2026-07-31T02:57:33,0:active,2026-07-31T10:07:10Z
136355042,800556092,active,ACTIVE,,147,Equipment Problems,,TUSTIN,ORANGE,92782,33.731137031355516,-117.80241653685673,2026-07-30T19:31:20Z,Most up by 07/31/2026 10:15:00 AM,We have identified the problem and are working to restore your service.,Not Available,01,Not Available,29,VILLA PARK,07/30/2026 11:59:37 PM,2026-07-31T02:57:33,0:active,2026-07-31T10:07:10Z
136328621,800554131,scheduled,ACTIVE,S,85,Pole Upgrade,,GARDEN GROVE,ORANGE,92845,33.79046523974237,-118.02373298579515,2026-08-05T08:00:00Z,08/05/2026 03:00:00 PM,Work is in progress.,Enhancing Reliability,18,PO,29,VILLA PARK,07/25/2026 09:00:55 AM,2026-07-31T02:57:31,1:scheduled,2026-07-31T10:07:10Z
136349614,800555694,scheduled,ACTIVE,S,3,Upgrading Equipment,,COSTA MESA,ORANGE,92626,33.67372071069094,-117.87769470459074,2026-08-09T09:00:00Z,08/09/2026 02:00:00 PM,Work is in progress.,Enhancing Reliability,06,PO,33,ELLIS,07/29/2026 05:14:57 PM,2026-07-31T02:57:31,1:scheduled,2026-07-31T10:07:10Z
136338444,800554634,scheduled,ACTIVE,S,2,Upgrading Equipment,,BUENA PARK,ORANGE,90620,33.844417238492426,-118.02877105052218,2026-08-06T08:00:00Z,08/06/2026 06:30:00 PM,Work is in progress.,Enhancing Reliability,06,PO,48,VILLA PARK,07/27/2026 01:18:15 PM,2026-07-31T02:57:31,1:scheduled,2026-07-31T10:07:10Z
136242596,800547299,scheduled,ACTIVE,S,19,Upgrading Equipment,,WESTMINSTER,ORANGE,92683,33.771567700429756,-118.03849159175257,2026-07-31T12:00:00Z,07/31/2026 03:00:00 PM,Work is in progress.,Enhancing Reliability,14,PO,33,VILLA PARK,07/15/2026 08:35:41 AM,2026-07-31T02:57:31,1:scheduled,2026-07-31T10:07:10Z
136299596,800551797,scheduled,ACTIVE,S,12,Pole Upgrade,,WESTMINSTER,ORANGE,92683,33.76554349784408,-117.9843480023681,2026-07-31T08:00:00Z,07/31/2026 02:00:00 PM,Work is in progress.,Enhancing Reliability,18,PO,33,VILLA PARK,07/18/2026 08:35:19 AM,2026-07-31T02:57:31,1:scheduled,2026-07-31T10:07:10Z
136325466,800553838,scheduled,ACTIVE,S,82,Pole Upgrade,,CYPRESS,ORANGE,90630,33.80789051663639,-118.0121504382034,2026-08-04T09:00:00Z,08/04/2026 05:00:00 PM,Work is in progress.,Enhancing Reliability,06,PO,48,VILLA PARK,07/24/2026 05:34:48 PM,2026-07-31T02:57:31,1:scheduled,2026-07-31T10:07:10Z
136349634,800555555,scheduled,ACTIVE,S,683,Cable Upgrade,,LAGUNA WOODS,ORANGE,92653,33.611945597099144,-117.74979828951963,2026-08-10T08:00:00Z,08/10/2026 04:00:00 PM,Work is in progress.,Enhancing Reliability,18,PO,43,ELLIS,07/29/2026 05:27:11 PM,2026-07-31T02:57:31,1:scheduled,2026-07-31T10:07:10Z
136342059,800554995,scheduled,ACTIVE,S,40,Transformer Upgrade,,LA HABRA,ORANGE,90631,33.91164040097648,-117.95636194010892,2026-08-06T12:00:00Z,08/06/2026 03:30:00 PM,Work is in progress.,Enhancing Reliability,18,PO,48,VILLA PARK,07/28/2026 10:03:37 AM,2026-07-31T02:57:31,1:scheduled,2026-07-31T10:07:10Z
136349334,800555649,scheduled,ACTIVE,S,50,Transformer Upgrade,,SEAL BEACH,ORANGE,90740,33.767011407533914,-118.08291207880981,2026-08-10T09:00:00Z,08/10/2026 03:00:00 PM,Work is in progress.,Enhancing Reliability,06,PO,46,LIGHTHIPE,07/29/2026 04:02:37 PM,2026-07-31T02:57:31,1:scheduled,2026-07-31T10:07:10Z
136328219,800553998,scheduled,ACTIVE,S,14,Upgrading Equipment,,WESTMINSTER,ORANGE,92683,33.739953083000664,-118.0056591850109,2026-08-04T12:30:00Z,08/04/2026 03:00:00 PM,Work is in progress.,Enhancing Reliability,06,PO,33,VILLA PARK,07/25/2026 06:24:54 AM,2026-07-31T02:57:31,1:scheduled,2026-07-31T10:07:10Z
136344209,800555175,scheduled,ACTIVE,S,422,Upgrading Equipment,,YORBA LINDA,ORANGE,92886,33.90556745773305,-117.82947551169154,2026-08-07T09:00:00Z,08/07/2026 04:00:00 PM,Work is in progress.,Enhancing Reliability,06,PO,48,VILLA PARK,07/28/2026 05:14:40 PM,2026-07-31T02:57:31,1:scheduled,2026-07-31T10:07:10Z
136344160,800555188,scheduled,ACTIVE,S,2,Transformer Upgrade,,YORBA LINDA,ORANGE,92886,33.89010941744791,-117.81317064102544,2026-08-07T21:00:00Z,08/08/2026 01:00:00 AM,Work is in progress.,Enhancing Reliability,18,PO,48,VILLA PARK,07/28/2026 05:00:51 PM,2026-07-31T02:57:31,1:scheduled,2026-07-31T10:07:10Z
136299651,800551926,scheduled,ACTIVE,S,0,Transformer Upgrade,,FULLERTON,ORANGE,92831,33.859515074077976,-117.89506923699487,2026-07-31T09:00:00Z,07/31/2026 04:00:00 PM,Work is in progress.,Enhancing Reliability,06,PO,48,VILLA PARK,07/18/2026 08:50:14 AM,2026-07-31T02:57:31,1:scheduled,2026-07-31T10:07:10Z
136341822,800555067,scheduled,ACTIVE,S,260,Pole Upgrade,,BUENA PARK,ORANGE,90621,33.863173367163085,-118.00968912349519,2026-08-06T09:00:00Z,08/06/2026 05:00:00 PM,Work is in progress.,Enhancing Reliability,06,PO,48,VILLA PARK,07/28/2026 09:22:49 AM,2026-07-31T02:57:31,1:scheduled,2026-07-31T10:07:10Z
136299635,800551831,scheduled,ACTIVE,S,6,Upgrading Equipment,,TUSTIN FOOTHILLS,ORANGE,92780,33.75130155655582,-117.8133188154366,2026-07-31T08:00:00Z,07/31/2026 11:00:00 AM,Work is in progress.,Enhancing Reliability,18,PO,29,VILLA PARK,07/18/2026 08:45:13 AM,2026-07-31T02:57:31,1:scheduled,2026-07-31T10:07:10Z
136321088,800553546,scheduled,ACTIVE,S,37,Upgrading Equipment,,NEWPORT BEACH,ORANGE,92660,33.62521740647028,-117.90241094952137,2026-08-03T09:00:00Z,08/03/2026 01:00:00 PM,Work is in progress.,Enhancing Reliability,06,PO,33,ELLIS,07/23/2026 02:39:40 PM,2026-07-31T02:57:31,1:scheduled,2026-07-31T10:07:10Z
136325450,800553945,scheduled,ACTIVE,S,255,Pole Upgrade,,SANTA ANA,ORANGE,92703,33.73575467708588,-117.88853505511156,2026-08-04T08:00:00Z,08/04/2026 04:00:00 PM,Work is in progress.,Enhancing Reliability,18,PO,29,ELLIS,07/24/2026 05:30:21 PM,2026-07-31T02:57:32,1:scheduled,2026-07-31T10:07:10Z
136320896,800553505,scheduled,ACTIVE,S,0,Upgrading Equipment,,WESTMINSTER,ORANGE,92683,33.749448618087676,-117.99983447996259,2026-08-02T09:00:00Z,08/02/2026 02:00:00 PM,Work is in progress.,Enhancing Reliability,06,PO,33,VILLA PARK,07/23/2026 01:07:58 PM,2026-07-31T02:57:32,1:scheduled,2026-07-31T10:07:10Z
136312619,800552685,scheduled,ACTIVE,S,101,Upgrading Equipment,,GARDEN GROVE,ORANGE,92845,33.78216508806161,-118.03881183306652,2026-07-31T08:00:00Z,07/31/2026 04:00:00 PM,Work is in progress.,Enhancing Reliability,18,PO,29,VILLA PARK,07/21/2026 06:02:42 PM,2026-07-31T02:57:32,1:scheduled,2026-07-31T10:07:10Z
136323256,800553724,scheduled,ACTIVE,S,2,Upgrading Equipment,,GARDEN GROVE,ORANGE,92841,33.78998494280542,-118.00362214640799,2026-08-03T21:00:00Z,08/04/2026 02:00:00 AM,Work is in progress.,Enhancing Reliability,18,PO,29,VILLA PARK,07/24/2026 08:01:44 AM,2026-07-31T02:57:32,1:scheduled,2026-07-31T10:07:10Z
136299764,800551857,scheduled,ACTIVE,S,140,Transformer Upgrade,,SANTA ANA,ORANGE,92707,33.70141981640157,-117.86952971395411,2026-07-31T15:00:00Z,07/31/2026 07:00:00 PM,Work is in progress.,Enhancing Reliability,18,PO,29,ELLIS,07/18/2026 09:16:26 AM,2026-07-31T02:57:32,1:scheduled,2026-07-31T10:07:10Z
136328278,800554104,scheduled,ACTIVE,S,14,Upgrading Equipment,,FOUNTAIN VALLEY,ORANGE,92708,33.72696062563959,-117.93293490337513,2026-08-05T12:30:00Z,08/05/2026 03:00:00 PM,Work is in progress.,Enhancing Reliability,06,PO,33,ELLIS,07/25/2026 07:15:24 AM,2026-07-31T02:57:32,1:scheduled,2026-07-31T10:07:10Z
136343941,800555229,scheduled,ACTIVE,S,18,Upgrading Equipment,,FOUNTAIN VALLEY,ORANGE,92708,33.71635934366413,-117.97090804868756,2026-08-07T01:00:00Z,08/07/2026 06:30:00 AM,Work is in progress.,Enhancing Reliability,06,PO,33,ELLIS,07/28/2026 04:10:03 PM,2026-07-31T02:57:32,1:scheduled,2026-07-31T10:07:10Z
136300596,800551967,scheduled,ACTIVE,S,154,Upgrading Equipment,,HUNTINGTON BEACH,ORANGE,92646,33.66020883706171,-117.98387145778797,2026-08-03T09:00:00Z,08/03/2026 03:00:00 PM,Work is in progress.,Enhancing Reliability,06,PO,33,ELLIS,07/18/2026 12:22:20 PM,2026-07-31T02:57:32,1:scheduled,2026-07-31T10:07:10Z
136325479,800553946,scheduled,ACTIVE,S,21,Upgrading Equipment,,SANTA ANA,ORANGE,92704,33.71986341946297,-117.90632149831112,2026-08-04T09:00:00Z,08/04/2026 04:00:00 PM,Work is in progress.,Enhancing Reliability,06,PO,29,ELLIS,07/24/2026 05:37:48 PM,2026-07-31T02:57:32,1:scheduled,2026-07-31T10:07:10Z
136328682,800554187,scheduled,ACTIVE,S,1,Transformer Upgrade,,IRVINE,ORANGE,92618,33.66578857424019,-117.78764009484934,2026-08-05T13:00:00Z,08/05/2026 03:30:00 PM,Work is in progress.,Enhancing Reliability,18,PO,43,ELLIS,07/25/2026 09:16:04 AM,2026-07-31T02:57:32,1:scheduled,2026-07-31T10:07:10Z
136328262,800554029,scheduled,ACTIVE,S,7,Upgrading Equipment,,NEWPORT BEACH,ORANGE,92660,33.624375507748,-117.86575921521208,2026-08-05T12:30:00Z,08/05/2026 03:30:00 PM,Work is in progress.,Enhancing Reliability,06,PO,33,ELLIS,07/25/2026 07:02:21 AM,2026-07-31T02:57:32,1:scheduled,2026-07-31T10:07:10Z
136328225,800554063,scheduled,ACTIVE,S,23,Transformer Upgrade,,PLACENTIA,ORANGE,92870,33.86854751212615,-117.83149968462294,2026-08-05T08:00:00Z,08/05/2026 11:00:00 AM,Work is in progress.,Enhancing Reliability,18,PO,48,VILLA PARK,07/25/2026 06:38:29 AM,2026-07-31T02:57:32,1:scheduled,2026-07-31T10:07:10Z
136299776,800551892,scheduled,ACTIVE,S,2,Upgrading Equipment,,IRVINE,ORANGE,92614,33.69546016531424,-117.86171221951717,2026-08-01T08:00:00Z,08/01/2026 03:00:00 PM,Work is in progress.,Enhancing Reliability,06,PO,43,ELLIS,07/18/2026 09:19:22 AM,2026-07-31T02:57:32,1:scheduled,2026-07-31T10:07:10Z
136323196,800553592,scheduled,ACTIVE,S,5,Upgrading Equipment,,ORANGE,ORANGE,92868,33.78535590141055,-117.88948426534641,2026-08-03T19:30:00Z,08/03/2026 10:30:00 PM,Work is in progress.,Enhancing Reliability,06,PO,29,VILLA PARK,07/24/2026 07:23:04 AM,2026-07-31T02:57:32,1:scheduled,2026-07-31T10:07:10Z
136344234,800555190,scheduled,ACTIVE,S,26,Transformer Upgrade,,HUNTINGTON BEACH,ORANGE,92649,33.71257129896257,-118.04486712846176,2026-08-07T09:00:00Z,08/07/2026 01:00:00 PM,Work is in progress.,Enhancing Reliability,06,PO,33,VILLA PARK,07/28/2026 05:21:35 PM,2026-07-31T02:57:32,1:scheduled,2026-07-31T10:07:10Z
136299606,800551911,scheduled,ACTIVE,S,41,Pole Upgrade,,SANTA ANA,ORANGE,92701,33.743012266353944,-117.86562216733401,2026-07-31T08:00:00Z,07/31/2026 03:00:00 PM,Work is in progress.,Enhancing Reliability,18,PO,29,VILLA PARK,07/18/2026 08:38:38 AM,2026-07-31T02:57:32,1:scheduled,2026-07-31T10:07:10Z
136353384,800555945,scheduled,ACTIVE,S,1,Upgrading Equipment,,FULLERTON,ORANGE,92833,33.888107206510846,-117.9425668886848,2026-08-10T09:00:00Z,08/10/2026 04:00:00 PM,Work is in progress.,Enhancing Reliability,06,PO,48,VILLA PARK,07/30/2026 12:00:30 PM,2026-07-31T02:57:32,1:scheduled,2026-07-31T10:07:10Z
136312665,800552686,scheduled,ACTIVE,S,104,Cable Upgrade,,BUENA PARK,ORANGE,90620,33.83989924092641,-117.99520550352433,2026-07-31T23:00:00Z,08/01/2026 06:30:00 AM,Work is in progress.,Enhancing Reliability,18,PO,48,VILLA PARK,07/21/2026 06:22:54 PM,2026-07-31T02:57:32,1:scheduled,2026-07-31T10:07:10Z
136328212,800554009,scheduled,ACTIVE,S,11,Upgrading Equipment,,NEWPORT BEACH,ORANGE,92625,33.60526308124897,-117.87043538464377,2026-08-04T12:30:00Z,08/04/2026 03:30:00 PM,Work is in progress.,Enhancing Reliability,06,PO,33,ELLIS,07/25/2026 06:14:34 AM,2026-07-31T02:57:32,1:scheduled,2026-07-31T10:07:10Z
136344144,800555212,scheduled,ACTIVE,S,57,Upgrading Equipment,,SANTA ANA,ORANGE,92706,33.77602338557146,-117.87228656630596,2026-08-07T21:00:00Z,08/08/2026 01:00:00 AM,Work is in progress.,Enhancing Reliability,18,PO,29,VILLA PARK,07/28/2026 04:57:20 PM,2026-07-31T02:57:32,1:scheduled,2026-07-31T10:07:10Z
136349469,800555690,scheduled,ACTIVE,S,73,Upgrading Equipment,,IRVINE,ORANGE,92602,33.721583272467036,-117.79086433615191,2026-08-08T08:00:00Z,08/08/2026 03:00:00 PM,Work is in progress.,Enhancing Reliability,06,PO,43,ELLIS,07/29/2026 04:50:24 PM,2026-07-31T02:57:32,1:scheduled,2026-07-31T10:07:10Z
136300609,800551954,scheduled,ACTIVE,S,53,Upgrading Equipment,,GARDEN GROVE,ORANGE,92845,33.77716562060776,-118.0391821285081,2026-08-03T08:00:00Z,08/03/2026 03:00:00 PM,Work is in progress.,Enhancing Reliability,18,PO,29,VILLA PARK,07/18/2026 12:28:21 PM,2026-07-31T02:57:32,1:scheduled,2026-07-31T10:07:10Z
136352829,800555816,scheduled,ACTIVE,S,1,Upgrading Equipment,,NEWPORT BEACH,ORANGE,92660,33.642453590215105,-117.8671645773718,2026-08-10T09:00:00Z,08/10/2026 11:00:00 AM,Work is in progress.,Enhancing Reliability,06,PO,33,ELLIS,07/30/2026 09:43:27 AM,2026-07-31T02:57:32,1:scheduled,2026-07-31T10:07:10Z
136344187,800555283,scheduled,ACTIVE,S,129,Upgrading Equipment,,SANTA ANA,ORANGE,92704,33.69767167739644,-117.89472893180906,2026-08-07T09:00:00Z,08/07/2026 03:00:00 PM,Work is in progress.,Enhancing Reliability,06,PO,29,ELLIS,07/28/2026 05:06:19 PM,2026-07-31T02:57:32,1:scheduled,2026-07-31T10:07:10Z
136325568,800553872,scheduled,ACTIVE,S,38,Upgrading Equipment,,SEAL BEACH,ORANGE,90740,33.76137699286526,-118.07824576928665,2026-08-06T22:00:00Z,08/07/2026 04:00:00 AM,Work is in progress.,Enhancing Reliability,06,PO,46,LIGHTHIPE,07/24/2026 06:06:18 PM,2026-07-31T02:57:32,1:scheduled,2026-07-31T10:07:10Z
136344072,800555281,scheduled,ACTIVE,S,35,Upgrading Equipment,,FULLERTON,ORANGE,92833,33.893933899114494,-117.94847005797993,2026-08-07T09:00:00Z,08/07/2026 04:00:00 PM,Work is in progress.,Enhancing Reliability,06,PO,48,VILLA PARK,07/28/2026 04:45:16 PM,2026-07-31T02:57:32,1:scheduled,2026-07-31T10:07:10Z
136320552,800553404,scheduled,ACTIVE,S,1,Upgrading Equipment,,YORBA LINDA,ORANGE,92886,33.89045614673738,-117.8140498689064,2026-08-01T09:00:00Z,08/01/2026 04:00:00 PM,Work is in progress.,Enhancing Reliability,06,PO,48,VILLA PARK,07/23/2026 11:20:25 AM,2026-07-31T02:57:32,1:scheduled,2026-07-31T10:07:10Z
136349441,800555667,scheduled,ACTIVE,S,46,Pole Upgrade,,SANTA ANA,ORANGE,92705,33.76636762126047,-117.83401994767839,2026-08-06T08:00:00Z,08/06/2026 04:00:00 PM,Work is in progress.,Enhancing Reliability,18,PO,29,VILLA PARK,07/29/2026 04:40:51 PM,2026-07-31T02:57:32,1:scheduled,2026-07-31T10:07:10Z
136325493,800553925,scheduled,ACTIVE,S,50,Pole Upgrade,,BUENA PARK,ORANGE,90620,33.849827912440766,-118.01056164275762,2026-08-03T21:00:00Z,08/04/2026 03:00:00 AM,Work is in progress.,Enhancing Reliability,18,PO,48,VILLA PARK,07/24/2026 05:43:40 PM,2026-07-31T02:57:32,1:scheduled,2026-07-31T10:07:10Z
136353674,800555948,scheduled,ACTIVE,S,99,Upgrading Equipment,,HUNTINGTON BEACH,ORANGE,92646,33.65288831220681,-117.97839513108494,2026-08-10T10:00:00Z,08/10/2026 02:00:00 PM,Work is in progress.,Enhancing Reliability,06,PO,33,ELLIS,07/30/2026 01:23:52 PM,2026-07-31T02:57:32,1:scheduled,2026-07-31T10:07:10Z
136317762,800553148,scheduled,ACTIVE,S,1,Upgrading Equipment,,STANTON,ORANGE,90680,33.80673802799463,-117.99066679699234,2026-08-03T07:30:00Z,08/03/2026 04:00:00 PM,Work is in progress.,Enhancing Reliability,06,PO,48,VILLA PARK,07/22/2026 04:34:13 PM,2026-07-31T02:57:32,1:scheduled,2026-07-31T10:07:10Z
136349055,800555684,scheduled,ACTIVE,S,0,Upgrading Equipment,,GARDEN GROVE,ORANGE,92841,33.79803057129434,-118.00328413192616,2026-07-31T23:00:00Z,08/01/2026 05:00:00 AM,Work is in progress.,Enhancing Reliability,06,PO,29,VILLA PARK,07/29/2026 02:59:43 PM,2026-07-31T02:57:32,1:scheduled,2026-07-31T10:07:10Z
136321999,800553511,scheduled,ACTIVE,S,27,Upgrading Equipment,,SANTA ANA,ORANGE,92706,33.75645897470706,-117.87065672413988,2026-08-03T09:00:00Z,08/03/2026 01:00:00 PM,Work is in progress.,Enhancing Reliability,06,PO,29,VILLA PARK,07/23/2026 02:58:22 PM,2026-07-31T02:57:32,1:scheduled,2026-07-31T10:07:10Z
136307252,800552216,scheduled,ACTIVE,S,0,Pole Upgrade,,Unincorporated Area,ORANGE,92821,33.94641754064117,-117.8622587823838,2026-07-31T07:00:00Z,07/31/2026 02:00:00 PM,Work is in progress.,Enhancing Reliability,18,PO,48,VILLA PARK,07/20/2026 10:52:06 AM,2026-07-31T02:57:32,1:scheduled,2026-07-31T10:07:10Z
136338482,800554698,scheduled,ACTIVE,S,147,Upgrading Equipment,,LA HABRA,ORANGE,90631,33.927265495117354,-117.95696260042027,2026-08-06T09:00:00Z,08/06/2026 03:00:00 PM,Work is in progress.,Enhancing Reliability,06,PO,48,VILLA PARK,07/27/2026 01:25:25 PM,2026-07-31T02:57:32,1:scheduled,2026-07-31T10:07:10Z
136299437,800551907,scheduled,ACTIVE,S,1,Cable Upgrade,,SANTA ANA,ORANGE,92705,33.7699450000988,-117.83770748520732,2026-07-31T08:00:00Z,07/31/2026 02:00:00 PM,Work is in progress.,Enhancing Reliability,18,PO,29,VILLA PARK,07/18/2026 07:31:13 AM,2026-07-31T02:57:32,1:scheduled,2026-07-31T10:07:10Z
136339649,800554769,scheduled,ACTIVE,S,7,Upgrading Equipment,,GARDEN GROVE,ORANGE,92843,33.749844315766424,-117.94242823911058,2026-08-05T08:00:00Z,08/05/2026 03:00:00 PM,Work is in progress.,Enhancing Reliability,18,PO,29,VILLA PARK,07/27/2026 06:19:34 PM,2026-07-31T02:57:32,1:scheduled,2026-07-31T10:07:10Z
136349519,800555576,scheduled,ACTIVE,S,597,Upgrading Equipment,,IRVINE,ORANGE,92612,33.649538041391374,-117.82562273984588,2026-08-08T08:30:00Z,08/08/2026 06:30:00 PM,Work is in progress.,Enhancing Reliability,06,PO,43,ELLIS,07/29/2026 05:05:41 PM,2026-07-31T02:57:32,1:scheduled,2026-07-31T10:07:10Z
136352910,800555779,scheduled,ACTIVE,S,76,Upgrading Equipment,,COSTA MESA,ORANGE,92627,33.65240982993159,-117.90422650849096,2026-08-10T09:00:00Z,08/10/2026 10:30:00 AM,Work is in progress.,Enhancing Reliability,06,PO,33,ELLIS,07/30/2026 10:12:24 AM,2026-07-31T02:57:32,1:scheduled,2026-07-31T10:07:10Z
136344194,800555174,scheduled,ACTIVE,S,144,Transformer Upgrade,,NEWPORT BEACH,ORANGE,92663,33.625672060389086,-117.91075116913056,2026-08-07T09:30:00Z,08/07/2026 02:00:00 PM,Work is in progress.,Enhancing Reliability,06,PO,33,ELLIS,07/28/2026 05:08:44 PM,2026-07-31T02:57:32,1:scheduled,2026-07-31T10:07:10Z
136344210,800555320,scheduled,ACTIVE,S,2,Cable Upgrade,,HUNTINGTON BEACH,ORANGE,92647,33.745144378034986,-118.02638770598739,2026-08-08T07:30:00Z,08/08/2026 01:00:00 PM,Work is in progress.,Enhancing Reliability,06,PO,33,VILLA PARK,07/28/2026 05:15:49 PM,2026-07-31T02:57:33,1:scheduled,2026-07-31T10:07:10Z
136241459,800547314,scheduled,ACTIVE,S,27,Upgrading Equipment,,WESTMINSTER,ORANGE,92683,33.74966140602627,-117.97001169083246,2026-07-31T09:00:00Z,07/31/2026 11:00:00 AM,Work is in progress.,Enhancing Reliability,14,PO,33,VILLA PARK,07/15/2026 08:33:38 AM,2026-07-31T02:57:33,1:scheduled,2026-07-31T10:07:10Z
136325503,800553980,scheduled,ACTIVE,S,263,Upgrading Equipment,,LAGUNA WOODS,ORANGE,92653,33.610430650505194,-117.73919787272297,2026-08-04T10:00:00Z,08/04/2026 02:00:00 PM,Work is in progress.,Enhancing Reliability,06,PO,43,ELLIS,07/24/2026 05:46:50 PM,2026-07-31T02:57:33,1:scheduled,2026-07-31T10:07:10Z
136317790,800553164,scheduled,ACTIVE,S,3,Cable Upgrade,,NEWPORT BEACH,ORANGE,92660,33.61996203915341,-117.87813627865516,2026-08-01T09:00:00Z,08/01/2026 12:00:00 PM,Work is in progress.,Enhancing Reliability,06,PO,33,ELLIS,07/22/2026 04:43:11 PM,2026-07-31T02:57:33,1:scheduled,2026-07-31T10:07:10Z
136328601,800554200,scheduled,ACTIVE,S,162,Pole Upgrade,,ORANGE,ORANGE,92867,33.81202505311741,-117.8332468234089,2026-08-04T21:00:00Z,08/05/2026 03:00:00 AM,Work is in progress.,Enhancing Reliability,18,PO,29,VILLA PARK,07/25/2026 08:52:04 AM,2026-07-31T02:57:33,1:scheduled,2026-07-31T10:07:10Z
136354456,800556070,scheduled,ACTIVE,S,70,Pole Upgrade,,ORANGE,ORANGE,92866,33.78533883232527,-117.84528135833582,2026-08-10T09:30:00Z,08/10/2026 04:00:00 PM,Work is in progress.,Enhancing Reliability,18,PO,29,VILLA PARK,07/30/2026 04:30:53 PM,2026-07-31T02:57:33,1:scheduled,2026-07-31T10:07:10Z
136325519,800553981,scheduled,ACTIVE,S,49,Upgrading Equipment,,SEAL BEACH,ORANGE,90740,33.77557886786111,-118.05643328359616,2026-08-04T12:00:00Z,08/04/2026 02:30:00 PM,Work is in progress.,Enhancing Reliability,06,PO,33,VILLA PARK,07/24/2026 05:49:24 PM,2026-07-31T02:57:33,1:scheduled,2026-07-31T10:07:10Z
136343047,800555116,scheduled,ACTIVE,S,15,Upgrading Equipment,,GARDEN GROVE,ORANGE,92844,33.76879410347582,-117.98274719734526,2026-08-03T08:00:00Z,08/03/2026 12:00:00 PM,Work is in progress.,Enhancing Reliability,18,PO,29,VILLA PARK,07/28/2026 01:25:24 PM,2026-07-31T02:57:33,1:scheduled,2026-07-31T10:07:10Z
136349254,800555574,scheduled,ACTIVE,S,429,Upgrading Equipment,,SANTA ANA,ORANGE,92706,33.7711192713363,-117.90317429383236,2026-08-06T00:30:00Z,08/06/2026 04:30:00 AM,Work is in progress.,Enhancing Reliability,06,PO,29,ELLIS,07/29/2026 03:42:09 PM,2026-07-31T02:57:33,1:scheduled,2026-07-31T10:07:10Z
136300584,800551988,scheduled,ACTIVE,S,6,Upgrading Equipment,,HUNTINGTON BEACH,ORANGE,92646,33.676494833623565,-117.97935198508455,2026-08-03T09:00:00Z,08/03/2026 11:00:00 AM,Work is in progress.,Enhancing Reliability,06,PO,33,ELLIS,07/18/2026 12:18:16 PM,2026-07-31T02:57:33,1:scheduled,2026-07-31T10:07:10Z
136308499,800552433,scheduled,ACTIVE,S,17,Upgrading Equipment,,FOUNTAIN VALLEY,ORANGE,92708,33.69642259671888,-117.94917739592623,2026-08-04T12:00:00Z,08/04/2026 03:00:00 PM,Work is in progress.,Enhancing Reliability,06,PO,33,ELLIS,07/20/2026 03:35:16 PM,2026-07-31T02:57:33,1:scheduled,2026-07-31T10:07:10Z
136342301,800554997,scheduled,ACTIVE,S,290,Transformer Upgrade,,LA HABRA,ORANGE,90631,33.92076994554213,-117.96099085995333,2026-08-07T08:30:00Z,08/07/2026 02:00:00 PM,Work is in progress.,Enhancing Reliability,18,PO,48,VILLA PARK,07/28/2026 10:57:55 AM,2026-07-31T02:57:33,1:scheduled,2026-07-31T10:07:10Z
136344200,800555264,scheduled,ACTIVE,S,32,Upgrading Equipment,,WESTMINSTER,ORANGE,92683,33.76958493832515,-118.01762283298045,2026-08-07T09:00:00Z,08/07/2026 11:00:00 AM,Work is in progress.,Enhancing Reliability,06,PO,33,VILLA PARK,07/28/2026 05:11:32 PM,2026-07-31T02:57:33,1:scheduled,2026-07-31T10:07:10Z
136252024,800548096,scheduled,ACTIVE,S,26,Upgrading Equipment,,LA HABRA,ORANGE,90631,33.92089369520579,-117.94329266994217,2026-08-02T09:00:00Z,08/02/2026 04:00:00 PM,Work is in progress.,Enhancing Reliability,14,PO,48,VILLA PARK,07/15/2026 07:13:18 AM,2026-07-31T02:57:33,1:scheduled,2026-07-31T10:07:10Z
136352384,800555846,scheduled,ACTIVE,S,55,Pole Upgrade,,WESTMINSTER,ORANGE,92683,33.762467234370995,-117.98723444298787,2026-08-05T08:30:00Z,08/05/2026 04:00:00 PM,Work is in progress.,Enhancing Reliability,18,PO,33,VILLA PARK,07/30/2026 08:17:53 AM,2026-07-31T02:57:33,1:scheduled,2026-07-31T10:07:10Z
136299616,800551853,scheduled,ACTIVE,S,15,Pole Upgrade,,WESTMINSTER,ORANGE,92683,33.7644827983857,-117.98369088743272,2026-07-31T08:00:00Z,07/31/2026 02:00:00 PM,Work is in progress.,Enhancing Reliability,18,PO,33,VILLA PARK,07/18/2026 08:41:01 AM,2026-07-31T02:57:33,1:scheduled,2026-07-31T10:07:10Z
136299645,800551912,scheduled,ACTIVE,S,54,Upgrading Equipment,,BUENA PARK,ORANGE,90620,33.842134930990134,-117.98795291824709,2026-07-31T09:00:00Z,07/31/2026 12:00:00 PM,Work is in progress.,Enhancing Reliability,06,PO,48,VILLA PARK,07/18/2026 08:47:42 AM,2026-07-31T02:57:33,1:scheduled,2026-07-31T10:07:10Z
136261877,800548814,scheduled,ACTIVE,S,12,Pole Upgrade,,WESTMINSTER,ORANGE,92683,33.76554349784408,-117.9843480023681,2026-08-06T08:00:00Z,08/06/2026 05:00:00 PM,Work is in progress.,Enhancing Reliability,20,PO,33,VILLA PARK,07/20/2026 03:32:01 PM,2026-07-31T02:57:33,1:scheduled,2026-07-31T10:07:10Z
136328339,800554105,scheduled,ACTIVE,S,11,Pole Upgrade,,HUNTINGTON BEACH,ORANGE,92647,33.736585786301454,-118.02033276901996,2026-08-06T09:00:00Z,08/06/2026 04:00:00 PM,Work is in progress.,Enhancing Reliability,06,PO,33,VILLA PARK,07/25/2026 07:27:39 AM,2026-07-31T02:57:33,1:scheduled,2026-07-31T10:07:10Z
136344182,800555282,scheduled,ACTIVE,S,8,Upgrading Equipment,,TUSTIN,ORANGE,92782,33.728907205798784,-117.79699471723016,2026-08-07T21:00:00Z,08/08/2026 04:30:00 AM,Work is in progress.,Enhancing Reliability,06,PO,29,VILLA PARK,07/28/2026 05:05:43 PM,2026-07-31T02:57:33,1:scheduled,2026-07-31T10:07:10Z
136321052,800553448,scheduled,ACTIVE,S,683,Upgrading Equipment,,LAGUNA WOODS,ORANGE,92653,33.611945597099144,-117.74979828951963,2026-08-03T08:00:00Z,08/03/2026 04:00:00 PM,Work is in progress.,Enhancing Reliability,18,PO,43,ELLIS,07/23/2026 02:16:48 PM,2026-07-31T02:57:33,1:scheduled,2026-07-31T10:07:10Z
136328244,800553855,scheduled,ACTIVE,S,9,Upgrading Equipment,,NEWPORT BEACH,ORANGE,92625,33.598499397038275,-117.85953968712164,2026-08-05T12:30:00Z,08/05/2026 03:30:00 PM,Work is in progress.,Enhancing Reliability,06,PO,33,ELLIS,07/25/2026 06:50:24 AM,2026-07-31T02:57:33,1:scheduled,2026-07-31T10:07:10Z
136344245,800555284,scheduled,ACTIVE,S,169,Upgrading Equipment,,SANTA ANA,ORANGE,92706,33.775375498178704,-117.87137163398573,2026-08-08T01:00:00Z,08/08/2026 04:00:00 AM,Work is in progress.,Enhancing Reliability,18,PO,29,VILLA PARK,07/28/2026 05:25:53 PM,2026-07-31T02:57:33,1:scheduled,2026-07-31T10:07:10Z
136328723,800554051,scheduled,ACTIVE,S,4,Upgrading Equipment,,NEWPORT BEACH,ORANGE,92660,33.6158775861818,-117.86826329960927,2026-08-06T01:30:00Z,08/06/2026 07:00:00 AM,Work is in progress.,Enhancing Reliability,06,PO,33,ELLIS,07/25/2026 09:30:21 AM,2026-07-31T02:57:33,1:scheduled,2026-07-31T10:07:10Z
136323151,800553664,scheduled,ACTIVE,S,78,Cable Upgrade,,ORANGE,ORANGE,92868,33.78277861094688,-117.87293439625456,2026-07-31T09:30:00Z,07/31/2026 02:00:00 PM,Work is in progress.,Enhancing Reliability,06,PO,29,VILLA PARK,07/24/2026 06:53:34 AM,2026-07-31T02:57:33,1:scheduled,2026-07-31T10:07:10Z
136328164,800553974,scheduled,ACTIVE,S,60,Upgrading Equipment,,LOS ALAMITOS,ORANGE,90720,33.79085931464146,-118.07062169111353,2026-08-07T09:00:00Z,08/07/2026 04:00:00 PM,Work is in progress.,Enhancing Reliability,06,PO,46,LIGHTHIPE,07/25/2026 05:24:15 AM,2026-07-31T02:57:33,1:scheduled,2026-07-31T10:07:10Z
136352855,800555798,scheduled,ACTIVE,S,1,Cable Upgrade,,SANTA ANA,ORANGE,92706,33.768883694986954,-117.88432675433098,2026-08-10T09:00:00Z,08/10/2026 02:00:00 PM,Work is in progress.,Enhancing Reliability,06,PO,29,ELLIS,07/30/2026 09:52:57 AM,2026-07-31T02:57:33,1:scheduled,2026-07-31T10:07:10Z
136323433,800553612,scheduled,ACTIVE,S,255,Upgrading Equipment,,SANTA ANA,ORANGE,92703,33.73575467708588,-117.88853505511156,2026-08-04T22:00:00Z,08/05/2026 04:30:00 AM,Work is in progress.,Enhancing Reliability,06,PO,29,ELLIS,07/24/2026 08:41:28 AM,2026-07-31T02:57:34,1:scheduled,2026-07-31T10:07:10Z
136299596,800551797,active,ACTIVE,,12,Pole Upgrade,,WESTMINSTER,ORANGE,92683,33.76554349784408,-117.9843480023681,2026-07-31T08:00:00Z,07/31/2026 04:00:00 PM,Work is in progress.,Enhancing Reliability,18,PO,33,VILLA PARK,07/31/2026 08:33:51 AM,2026-07-31T10:18:34,0:active,2026-07-31T17:29:35Z
136299651,800551926,active,ACTIVE,,0,Transformer Upgrade,,FULLERTON,ORANGE,92831,33.859515074077976,-117.89506923699487,2026-07-31T09:00:00Z,07/31/2026 04:00:00 PM,Work is in progress.,Enhancing Reliability,06,PO,48,VILLA PARK,07/31/2026 10:05:44 AM,2026-07-31T10:18:34,0:active,2026-07-31T17:29:35Z
136299635,800551831,active,ACTIVE,,6,Upgrading Equipment,,TUSTIN FOOTHILLS,ORANGE,92780,33.75130155655582,-117.8133188154366,2026-07-31T08:00:00Z,07/31/2026 11:00:00 AM,Work is in progress.,Enhancing Reliability,18,PO,29,VILLA PARK,07/31/2026 10:02:15 AM,2026-07-31T10:18:34,0:active,2026-07-31T17:29:35Z
136312619,800552685,active,ACTIVE,,101,Upgrading Equipment,,GARDEN GROVE,ORANGE,92845,33.78216508806161,-118.03881183306652,2026-07-31T09:16:17Z,07/31/2026 04:00:00 PM,Work is in progress.,Enhancing Reliability,18,PO,29,VILLA PARK,07/31/2026 09:16:41 AM,2026-07-31T10:18:34,0:active,2026-07-31T17:29:35Z
136357539,800556235,active,ACTIVE,,165,Analyzing Problem,,NEWPORT BEACH,ORANGE,92660,33.629539972956174,-117.899360477429,2026-07-31T08:50:01Z,Not Available,We have notified our repair crews. ,Not Available,03,Not Available,33,ELLIS,07/31/2026 10:16:58 AM,2026-07-31T10:18:35,0:active,2026-07-31T17:29:35Z
136357417,800556234,active,ACTIVE,,8,Equipment Problems,,WESTMINSTER,ORANGE,92683,33.76589880017344,-117.98371584981783,2026-07-31T08:26:48Z,07/31/2026 02:00:00 PM,Work is in progress.,Not Available,01,QI,33,VILLA PARK,07/31/2026 08:43:39 AM,2026-07-31T10:18:35,0:active,2026-07-31T17:29:35Z
136307252,800552216,active,ACTIVE,,0,Pole Upgrade,,Unincorporated Area,ORANGE,92821,33.94641754064117,-117.8622587823838,2026-07-31T07:00:00Z,07/31/2026 02:00:00 PM,Work is in progress.,Enhancing Reliability,18,PO,48,VILLA PARK,07/31/2026 07:10:18 AM,2026-07-31T10:18:35,0:active,2026-07-31T17:29:35Z
136299437,800551907,active,ACTIVE,,2,Cable Upgrade,,SANTA ANA,ORANGE,92705,33.7699450000988,-117.83770748520732,2026-07-31T08:00:00Z,07/31/2026 02:00:00 PM,Work is in progress.,Enhancing Reliability,18,PO,29,VILLA PARK,07/31/2026 08:43:43 AM,2026-07-31T10:18:35,0:active,2026-07-31T17:29:35Z
136241459,800547314,active,ACTIVE,,27,Upgrading Equipment,,WESTMINSTER,ORANGE,92683,33.74966140602627,-117.97001169083246,2026-07-31T09:53:57Z,07/31/2026 11:00:00 AM,Work is in progress.,Enhancing Reliability,14,PO,33,VILLA PARK,07/31/2026 09:54:35 AM,2026-07-31T10:18:36,0:active,2026-07-31T17:29:35Z
136355042,800556092,active,ACTIVE,,164,Equipment Problems,,TUSTIN,ORANGE,92782,33.731137031355516,-117.80241653685673,2026-07-30T19:31:20Z,Most up by 07/31/2026 10:15:00 AM,We have identified the problem and are working to restore your service.,Not Available,01,Not Available,29,VILLA PARK,07/31/2026 08:57:24 AM,2026-07-31T10:18:36,0:active,2026-07-31T17:29:35Z
136299616,800551853,active,ACTIVE,,15,Pole Upgrade,,WESTMINSTER,ORANGE,92683,33.7644827983857,-117.98369088743272,2026-07-31T08:00:00Z,07/31/2026 02:00:00 PM,Work is in progress.,Enhancing Reliability,18,PO,33,VILLA PARK,07/31/2026 08:32:08 AM,2026-07-31T10:18:36,0:active,2026-07-31T17:29:35Z
136299645,800551912,active,ACTIVE,,54,Upgrading Equipment,,BUENA PARK,ORANGE,90620,33.842134930990134,-117.98795291824709,2026-07-31T09:31:56Z,07/31/2026 12:00:00 PM,Work is in progress.,Enhancing Reliability,06,PO,48,VILLA PARK,07/31/2026 09:32:28 AM,2026-07-31T10:18:36,0:active,2026-07-31T17:29:35Z
136323151,800553664,active,ACTIVE,,78,Cable Upgrade,,ORANGE,ORANGE,92868,33.78277861094688,-117.87293439625456,2026-07-31T09:55:03Z,07/31/2026 02:00:00 PM,Work is in progress.,Enhancing Reliability,06,PO,29,VILLA PARK,07/31/2026 09:55:30 AM,2026-07-31T10:18:36,0:active,2026-07-31T17:29:35Z
136328621,800554131,scheduled,ACTIVE,S,85,Pole Upgrade,,GARDEN GROVE,ORANGE,92845,33.79046523974237,-118.02373298579515,2026-08-05T08:00:00Z,08/05/2026 03:00:00 PM,Work is in progress.,Enhancing Reliability,18,PO,29,VILLA PARK,07/25/2026 09:00:55 AM,2026-07-31T10:18:34,1:scheduled,2026-07-31T17:29:35Z
136349614,800555694,scheduled,ACTIVE,S,3,Upgrading Equipment,,COSTA MESA,ORANGE,92626,33.67372071069094,-117.87769470459074,2026-08-09T09:00:00Z,08/09/2026 02:00:00 PM,Work is in progress.,Enhancing Reliability,06,PO,33,ELLIS,07/29/2026 05:14:57 PM,2026-07-31T10:18:34,1:scheduled,2026-07-31T17:29:35Z
136338444,800554634,scheduled,ACTIVE,S,2,Upgrading Equipment,,BUENA PARK,ORANGE,90620,33.844417238492426,-118.02877105052218,2026-08-06T08:00:00Z,08/06/2026 06:30:00 PM,Work is in progress.,Enhancing Reliability,06,PO,48,VILLA PARK,07/27/2026 01:18:15 PM,2026-07-31T10:18:34,1:scheduled,2026-07-31T17:29:35Z
136242596,800547299,scheduled,ACTIVE,S,19,Upgrading Equipment,,WESTMINSTER,ORANGE,92683,33.771567700429756,-118.03849159175257,2026-07-31T12:00:00Z,07/31/2026 03:00:00 PM,Work is in progress.,Enhancing Reliability,14,PO,33,VILLA PARK,07/15/2026 08:35:41 AM,2026-07-31T10:18:34,1:scheduled,2026-07-31T17:29:35Z
136325466,800553838,scheduled,ACTIVE,S,82,Pole Upgrade,,CYPRESS,ORANGE,90630,33.80789051663639,-118.0121504382034,2026-08-04T09:00:00Z,08/04/2026 05:00:00 PM,Work is in progress.,Enhancing Reliability,06,PO,48,VILLA PARK,07/24/2026 05:34:48 PM,2026-07-31T10:18:34,1:scheduled,2026-07-31T17:29:35Z
136349634,800555555,scheduled,ACTIVE,S,683,Cable Upgrade,,LAGUNA WOODS,ORANGE,92653,33.611945597099144,-117.74979828951963,2026-08-10T08:00:00Z,08/10/2026 04:00:00 PM,Work is in progress.,Enhancing Reliability,18,PO,43,ELLIS,07/29/2026 05:27:11 PM,2026-07-31T10:18:34,1:scheduled,2026-07-31T17:29:35Z
136342059,800554995,scheduled,ACTIVE,S,40,Transformer Upgrade,,LA HABRA,ORANGE,90631,33.91164040097648,-117.95636194010892,2026-08-06T12:00:00Z,08/06/2026 03:30:00 PM,Work is in progress.,Enhancing Reliability,18,PO,48,VILLA PARK,07/28/2026 10:03:37 AM,2026-07-31T10:18:34,1:scheduled,2026-07-31T17:29:35Z
136349334,800555649,scheduled,ACTIVE,S,50,Transformer Upgrade,,SEAL BEACH,ORANGE,90740,33.767011407533914,-118.08291207880981,2026-08-10T09:00:00Z,08/10/2026 03:00:00 PM,Work is in progress.,Enhancing Reliability,06,PO,46,LIGHTHIPE,07/29/2026 04:02:37 PM,2026-07-31T10:18:34,1:scheduled,2026-07-31T17:29:35Z
136328219,800553998,scheduled,ACTIVE,S,14,Upgrading Equipment,,WESTMINSTER,ORANGE,92683,33.739953083000664,-118.0056591850109,2026-08-04T12:30:00Z,08/04/2026 03:00:00 PM,Work is in progress.,Enhancing Reliability,06,PO,33,VILLA PARK,07/25/2026 06:24:54 AM,2026-07-31T10:18:34,1:scheduled,2026-07-31T17:29:35Z
136344209,800555175,scheduled,ACTIVE,S,422,Upgrading Equipment,,YORBA LINDA,ORANGE,92886,33.90556745773305,-117.82947551169154,2026-08-07T09:00:00Z,08/07/2026 04:00:00 PM,Work is in progress.,Enhancing Reliability,06,PO,48,VILLA PARK,07/28/2026 05:14:40 PM,2026-07-31T10:18:34,1:scheduled,2026-07-31T17:29:35Z
136344160,800555188,scheduled,ACTIVE,S,2,Transformer Upgrade,,YORBA LINDA,ORANGE,92886,33.89010941744791,-117.81317064102544,2026-08-07T21:00:00Z,08/08/2026 01:00:00 AM,Work is in progress.,Enhancing Reliability,18,PO,48,VILLA PARK,07/28/2026 05:00:51 PM,2026-07-31T10:18:34,1:scheduled,2026-07-31T17:29:35Z
136341822,800555067,scheduled,ACTIVE,S,260,Pole Upgrade,,BUENA PARK,ORANGE,90621,33.863173367163085,-118.00968912349519,2026-08-06T09:00:00Z,08/06/2026 05:00:00 PM,Work is in progress.,Enhancing Reliability,06,PO,48,VILLA PARK,07/28/2026 09:22:49 AM,2026-07-31T10:18:34,1:scheduled,2026-07-31T17:29:35Z
136321088,800553546,scheduled,ACTIVE,S,37,Upgrading Equipment,,NEWPORT BEACH,ORANGE,92660,33.62521740647028,-117.90241094952137,2026-08-03T09:00:00Z,08/03/2026 01:00:00 PM,Work is in progress.,Enhancing Reliability,06,PO,33,ELLIS,07/23/2026 02:39:40 PM,2026-07-31T10:18:34,1:scheduled,2026-07-31T17:29:35Z
136325450,800553945,scheduled,ACTIVE,S,255,Pole Upgrade,,SANTA ANA,ORANGE,92703,33.73575467708588,-117.88853505511156,2026-08-04T08:00:00Z,08/04/2026 04:00:00 PM,Work is in progress.,Enhancing Reliability,18,PO,29,ELLIS,07/24/2026 05:30:21 PM,2026-07-31T10:18:34,1:scheduled,2026-07-31T17:29:35Z
136320896,800553505,scheduled,ACTIVE,S,0,Upgrading Equipment,,WESTMINSTER,ORANGE,92683,33.749448618087676,-117.99983447996259,2026-08-02T09:00:00Z,08/02/2026 02:00:00 PM,Work is in progress.,Enhancing Reliability,06,PO,33,VILLA PARK,07/23/2026 01:07:58 PM,2026-07-31T10:18:34,1:scheduled,2026-07-31T17:29:35Z
136323256,800553724,scheduled,ACTIVE,S,2,Upgrading Equipment,,GARDEN GROVE,ORANGE,92841,33.78998494280542,-118.00362214640799,2026-08-03T21:00:00Z,08/04/2026 02:00:00 AM,Work is in progress.,Enhancing Reliability,18,PO,29,VILLA PARK,07/24/2026 08:01:44 AM,2026-07-31T10:18:35,1:scheduled,2026-07-31T17:29:35Z
136299764,800551857,scheduled,ACTIVE,S,140,Transformer Upgrade,,SANTA ANA,ORANGE,92707,33.70141981640157,-117.86952971395411,2026-07-31T15:00:00Z,07/31/2026 07:00:00 PM,Work is in progress.,Enhancing Reliability,18,PO,29,ELLIS,07/18/2026 09:16:26 AM,2026-07-31T10:18:35,1:scheduled,2026-07-31T17:29:35Z
136328278,800554104,scheduled,ACTIVE,S,14,Upgrading Equipment,,FOUNTAIN VALLEY,ORANGE,92708,33.72696062563959,-117.93293490337513,2026-08-05T12:30:00Z,08/05/2026 03:00:00 PM,Work is in progress.,Enhancing Reliability,06,PO,33,ELLIS,07/25/2026 07:15:24 AM,2026-07-31T10:18:35,1:scheduled,2026-07-31T17:29:35Z
136343941,800555229,scheduled,ACTIVE,S,18,Upgrading Equipment,,FOUNTAIN VALLEY,ORANGE,92708,33.71635934366413,-117.97090804868756,2026-08-07T01:00:00Z,08/07/2026 06:30:00 AM,Work is in progress.,Enhancing Reliability,06,PO,33,ELLIS,07/28/2026 04:10:03 PM,2026-07-31T10:18:35,1:scheduled,2026-07-31T17:29:35Z
136300596,800551967,scheduled,ACTIVE,S,154,Upgrading Equipment,,HUNTINGTON BEACH,ORANGE,92646,33.66020883706171,-117.98387145778797,2026-08-03T09:00:00Z,08/03/2026 03:00:00 PM,Work is in progress.,Enhancing Reliability,06,PO,33,ELLIS,07/18/2026 12:22:20 PM,2026-07-31T10:18:35,1:scheduled,2026-07-31T17:29:35Z
136325479,800553946,scheduled,ACTIVE,S,21,Upgrading Equipment,,SANTA ANA,ORANGE,92704,33.71986341946297,-117.90632149831112,2026-08-04T09:00:00Z,08/04/2026 04:00:00 PM,Work is in progress.,Enhancing Reliability,06,PO,29,ELLIS,07/24/2026 05:37:48 PM,2026-07-31T10:18:35,1:scheduled,2026-07-31T17:29:35Z
136328682,800554187,scheduled,ACTIVE,S,1,Transformer Upgrade,,IRVINE,ORANGE,92618,33.66578857424019,-117.78764009484934,2026-08-05T13:00:00Z,08/05/2026 03:30:00 PM,Work is in progress.,Enhancing Reliability,18,PO,43,ELLIS,07/25/2026 09:16:04 AM,2026-07-31T10:18:35,1:scheduled,2026-07-31T17:29:35Z
136328262,800554029,scheduled,ACTIVE,S,7,Upgrading Equipment,,NEWPORT BEACH,ORANGE,92660,33.624375507748,-117.86575921521208,2026-08-05T12:30:00Z,08/05/2026 03:30:00 PM,Work is in progress.,Enhancing Reliability,06,PO,33,ELLIS,07/25/2026 07:02:21 AM,2026-07-31T10:18:35,1:scheduled,2026-07-31T17:29:35Z
136328225,800554063,scheduled,ACTIVE,S,23,Transformer Upgrade,,PLACENTIA,ORANGE,92870,33.86854751212615,-117.83149968462294,2026-08-05T08:00:00Z,08/05/2026 11:00:00 AM,Work is in progress.,Enhancing Reliability,18,PO,48,VILLA PARK,07/25/2026 06:38:29 AM,2026-07-31T10:18:35,1:scheduled,2026-07-31T17:29:35Z
136299776,800551892,scheduled,ACTIVE,S,2,Upgrading Equipment,,IRVINE,ORANGE,92614,33.69546016531424,-117.86171221951717,2026-08-01T08:00:00Z,08/01/2026 03:00:00 PM,Work is in progress.,Enhancing Reliability,06,PO,43,ELLIS,07/18/2026 09:19:22 AM,2026-07-31T10:18:35,1:scheduled,2026-07-31T17:29:35Z
136323196,800553592,scheduled,ACTIVE,S,5,Upgrading Equipment,,ORANGE,ORANGE,92868,33.78535590141055,-117.88948426534641,2026-08-03T19:30:00Z,08/03/2026 10:30:00 PM,Work is in progress.,Enhancing Reliability,06,PO,29,VILLA PARK,07/24/2026 07:23:04 AM,2026-07-31T10:18:35,1:scheduled,2026-07-31T17:29:35Z
136344234,800555190,scheduled,ACTIVE,S,26,Transformer Upgrade,,HUNTINGTON BEACH,ORANGE,92649,33.71257129896257,-118.04486712846176,2026-08-07T09:00:00Z,08/07/2026 01:00:00 PM,Work is in progress.,Enhancing Reliability,06,PO,33,VILLA PARK,07/28/2026 05:21:35 PM,2026-07-31T10:18:35,1:scheduled,2026-07-31T17:29:35Z
136353384,800555945,scheduled,ACTIVE,S,1,Upgrading Equipment,,FULLERTON,ORANGE,92833,33.888107206510846,-117.9425668886848,2026-08-10T09:00:00Z,08/10/2026 04:00:00 PM,Work is in progress.,Enhancing Reliability,06,PO,48,VILLA PARK,07/30/2026 12:00:30 PM,2026-07-31T10:18:35,1:scheduled,2026-07-31T17:29:35Z
136312665,800552686,scheduled,ACTIVE,S,104,Cable Upgrade,,BUENA PARK,ORANGE,90620,33.83989924092641,-117.99520550352433,2026-07-31T23:00:00Z,08/01/2026 06:30:00 AM,Work is in progress.,Enhancing Reliability,18,PO,48,VILLA PARK,07/21/2026 06:22:54 PM,2026-07-31T10:18:35,1:scheduled,2026-07-31T17:29:35Z
136328212,800554009,scheduled,ACTIVE,S,11,Upgrading Equipment,,NEWPORT BEACH,ORANGE,92625,33.60526308124897,-117.87043538464377,2026-08-04T12:30:00Z,08/04/2026 03:30:00 PM,Work is in progress.,Enhancing Reliability,06,PO,33,ELLIS,07/25/2026 06:14:34 AM,2026-07-31T10:18:35,1:scheduled,2026-07-31T17:29:35Z
136344144,800555212,scheduled,ACTIVE,S,57,Upgrading Equipment,,SANTA ANA,ORANGE,92706,33.77602338557146,-117.87228656630596,2026-08-07T21:00:00Z,08/08/2026 01:00:00 AM,Work is in progress.,Enhancing Reliability,18,PO,29,VILLA PARK,07/28/2026 04:57:20 PM,2026-07-31T10:18:35,1:scheduled,2026-07-31T17:29:35Z
136349469,800555690,scheduled,ACTIVE,S,73,Upgrading Equipment,,IRVINE,ORANGE,92602,33.721583272467036,-117.79086433615191,2026-08-08T08:00:00Z,08/08/2026 03:00:00 PM,Work is in progress.,Enhancing Reliability,06,PO,43,ELLIS,07/29/2026 04:50:24 PM,2026-07-31T10:18:35,1:scheduled,2026-07-31T17:29:35Z
136300609,800551954,scheduled,ACTIVE,S,53,Upgrading Equipment,,GARDEN GROVE,ORANGE,92845,33.77716562060776,-118.0391821285081,2026-08-03T08:00:00Z,08/03/2026 03:00:00 PM,Work is in progress.,Enhancing Reliability,18,PO,29,VILLA PARK,07/18/2026 12:28:21 PM,2026-07-31T10:18:35,1:scheduled,2026-07-31T17:29:35Z
136352829,800555816,scheduled,ACTIVE,S,1,Upgrading Equipment,,NEWPORT BEACH,ORANGE,92660,33.642453590215105,-117.8671645773718,2026-08-10T09:00:00Z,08/10/2026 11:00:00 AM,Work is in progress.,Enhancing Reliability,06,PO,33,ELLIS,07/30/2026 09:43:27 AM,2026-07-31T10:18:35,1:scheduled,2026-07-31T17:29:35Z
136344187,800555283,scheduled,ACTIVE,S,129,Upgrading Equipment,,SANTA ANA,ORANGE,92704,33.69767167739644,-117.89472893180906,2026-08-07T09:00:00Z,08/07/2026 03:00:00 PM,Work is in progress.,Enhancing Reliability,06,PO,29,ELLIS,07/28/2026 05:06:19 PM,2026-07-31T10:18:35,1:scheduled,2026-07-31T17:29:35Z
136325568,800553872,scheduled,ACTIVE,S,38,Upgrading Equipment,,SEAL BEACH,ORANGE,90740,33.76137699286526,-118.07824576928665,2026-08-06T22:00:00Z,08/07/2026 04:00:00 AM,Work is in progress.,Enhancing Reliability,06,PO,46,LIGHTHIPE,07/24/2026 06:06:18 PM,2026-07-31T10:18:35,1:scheduled,2026-07-31T17:29:35Z
136344072,800555281,scheduled,ACTIVE,S,35,Upgrading Equipment,,FULLERTON,ORANGE,92833,33.893933899114494,-117.94847005797993,2026-08-07T09:00:00Z,08/07/2026 04:00:00 PM,Work is in progress.,Enhancing Reliability,06,PO,48,VILLA PARK,07/28/2026 04:45:16 PM,2026-07-31T10:18:35,1:scheduled,2026-07-31T17:29:35Z
136320552,800553404,scheduled,ACTIVE,S,1,Upgrading Equipment,,YORBA LINDA,ORANGE,92886,33.89045614673738,-117.8140498689064,2026-08-01T09:00:00Z,08/01/2026 04:00:00 PM,Work is in progress.,Enhancing Reliability,06,PO,48,VILLA PARK,07/23/2026 11:20:25 AM,2026-07-31T10:18:35,1:scheduled,2026-07-31T17:29:35Z
136349441,800555667,scheduled,ACTIVE,S,46,Pole Upgrade,,SANTA ANA,ORANGE,92705,33.76636762126047,-117.83401994767839,2026-08-06T08:00:00Z,08/06/2026 04:00:00 PM,Work is in progress.,Enhancing Reliability,18,PO,29,VILLA PARK,07/29/2026 04:40:51 PM,2026-07-31T10:18:35,1:scheduled,2026-07-31T17:29:35Z
136325493,800553925,scheduled,ACTIVE,S,50,Pole Upgrade,,BUENA PARK,ORANGE,90620,33.849827912440766,-118.01056164275762,2026-08-03T21:00:00Z,08/04/2026 03:00:00 AM,Work is in progress.,Enhancing Reliability,18,PO,48,VILLA PARK,07/24/2026 05:43:40 PM,2026-07-31T10:18:35,1:scheduled,2026-07-31T17:29:35Z
136353674,800555948,scheduled,ACTIVE,S,99,Upgrading Equipment,,HUNTINGTON BEACH,ORANGE,92646,33.65288831220681,-117.97839513108494,2026-08-10T10:00:00Z,08/10/2026 02:00:00 PM,Work is in progress.,Enhancing Reliability,06,PO,33,ELLIS,07/30/2026 01:23:52 PM,2026-07-31T10:18:35,1:scheduled,2026-07-31T17:29:35Z
136317762,800553148,scheduled,ACTIVE,S,1,Upgrading Equipment,,STANTON,ORANGE,90680,33.80673802799463,-117.99066679699234,2026-08-03T07:30:00Z,08/03/2026 04:00:00 PM,Work is in progress.,Enhancing Reliability,06,PO,48,VILLA PARK,07/22/2026 04:34:13 PM,2026-07-31T10:18:35,1:scheduled,2026-07-31T17:29:35Z
136349055,800555684,scheduled,ACTIVE,S,0,Upgrading Equipment,,GARDEN GROVE,ORANGE,92841,33.79803057129434,-118.00328413192616,2026-07-31T23:00:00Z,08/01/2026 05:00:00 AM,Work is in progress.,Enhancing Reliability,06,PO,29,VILLA PARK,07/29/2026 02:59:43 PM,2026-07-31T10:18:35,1:scheduled,2026-07-31T17:29:35Z
136321999,800553511,scheduled,ACTIVE,S,27,Upgrading Equipment,,SANTA ANA,ORANGE,92706,33.75645897470706,-117.87065672413988,2026-08-03T09:00:00Z,08/03/2026 01:00:00 PM,Work is in progress.,Enhancing Reliability,06,PO,29,VILLA PARK,07/23/2026 02:58:22 PM,2026-07-31T10:18:35,1:scheduled,2026-07-31T17:29:35Z
136338482,800554698,scheduled,ACTIVE,S,147,Upgrading Equipment,,LA HABRA,ORANGE,90631,33.927265495117354,-117.95696260042027,2026-08-06T09:00:00Z,08/06/2026 03:00:00 PM,Work is in progress.,Enhancing Reliability,06,PO,48,VILLA PARK,07/27/2026 01:25:25 PM,2026-07-31T10:18:35,1:scheduled,2026-07-31T17:29:35Z
136339649,800554769,scheduled,ACTIVE,S,7,Upgrading Equipment,,GARDEN GROVE,ORANGE,92843,33.749844315766424,-117.94242823911058,2026-08-05T08:00:00Z,08/05/2026 03:00:00 PM,Work is in progress.,Enhancing Reliability,18,PO,29,VILLA PARK,07/27/2026 06:19:34 PM,2026-07-31T10:18:35,1:scheduled,2026-07-31T17:29:35Z
136349519,800555576,scheduled,ACTIVE,S,597,Upgrading Equipment,,IRVINE,ORANGE,92612,33.649538041391374,-117.82562273984588,2026-08-08T08:30:00Z,08/08/2026 06:30:00 PM,Work is in progress.,Enhancing Reliability,06,PO,43,ELLIS,07/29/2026 05:05:41 PM,2026-07-31T10:18:35,1:scheduled,2026-07-31T17:29:35Z
136352910,800555779,scheduled,ACTIVE,S,76,Upgrading Equipment,,COSTA MESA,ORANGE,92627,33.65240982993159,-117.90422650849096,2026-08-10T09:00:00Z,08/10/2026 10:30:00 AM,Work is in progress.,Enhancing Reliability,06,PO,33,ELLIS,07/30/2026 10:12:24 AM,2026-07-31T10:18:35,1:scheduled,2026-07-31T17:29:35Z
136344194,800555174,scheduled,ACTIVE,S,144,Transformer Upgrade,,NEWPORT BEACH,ORANGE,92663,33.625672060389086,-117.91075116913056,2026-08-07T09:30:00Z,08/07/2026 02:00:00 PM,Work is in progress.,Enhancing Reliability,06,PO,33,ELLIS,07/28/2026 05:08:44 PM,2026-07-31T10:18:35,1:scheduled,2026-07-31T17:29:35Z
136344210,800555320,scheduled,ACTIVE,S,2,Cable Upgrade,,HUNTINGTON BEACH,ORANGE,92647,33.745144378034986,-118.02638770598739,2026-08-08T07:30:00Z,08/08/2026 01:00:00 PM,Work is in progress.,Enhancing Reliability,06,PO,33,VILLA PARK,07/28/2026 05:15:49 PM,2026-07-31T10:18:35,1:scheduled,2026-07-31T17:29:35Z
136325503,800553980,scheduled,ACTIVE,S,263,Upgrading Equipment,,LAGUNA WOODS,ORANGE,92653,33.610430650505194,-117.73919787272297,2026-08-07T01:30:00Z,08/07/2026 06:30:00 AM,Work is in progress.,Enhancing Reliability,14,PO,43,ELLIS,07/31/2026 09:29:56 AM,2026-07-31T10:18:36,1:scheduled,2026-07-31T17:29:35Z
136317790,800553164,scheduled,ACTIVE,S,3,Cable Upgrade,,NEWPORT BEACH,ORANGE,92660,33.61996203915341,-117.87813627865516,2026-08-01T09:00:00Z,08/01/2026 12:00:00 PM,Work is in progress.,Enhancing Reliability,06,PO,33,ELLIS,07/22/2026 04:43:11 PM,2026-07-31T10:18:36,1:scheduled,2026-07-31T17:29:35Z
136328601,800554200,scheduled,ACTIVE,S,162,Pole Upgrade,,ORANGE,ORANGE,92867,33.81202505311741,-117.8332468234089,2026-08-04T21:00:00Z,08/05/2026 03:00:00 AM,Work is in progress.,Enhancing Reliability,18,PO,29,VILLA PARK,07/25/2026 08:52:04 AM,2026-07-31T10:18:36,1:scheduled,2026-07-31T17:29:35Z
136354456,800556070,scheduled,ACTIVE,S,70,Pole Upgrade,,ORANGE,ORANGE,92866,33.78533883232527,-117.84528135833582,2026-08-10T09:30:00Z,08/10/2026 04:00:00 PM,Work is in progress.,Enhancing Reliability,18,PO,29,VILLA PARK,07/30/2026 04:30:53 PM,2026-07-31T10:18:36,1:scheduled,2026-07-31T17:29:35Z
136325519,800553981,scheduled,ACTIVE,S,49,Upgrading Equipment,,SEAL BEACH,ORANGE,90740,33.77557886786111,-118.05643328359616,2026-08-04T12:00:00Z,08/04/2026 02:30:00 PM,Work is in progress.,Enhancing Reliability,06,PO,33,VILLA PARK,07/24/2026 05:49:24 PM,2026-07-31T10:18:36,1:scheduled,2026-07-31T17:29:35Z
136343047,800555116,scheduled,ACTIVE,S,15,Upgrading Equipment,,GARDEN GROVE,ORANGE,92844,33.76879410347582,-117.98274719734526,2026-08-03T08:00:00Z,08/03/2026 12:00:00 PM,Work is in progress.,Enhancing Reliability,18,PO,29,VILLA PARK,07/28/2026 01:25:24 PM,2026-07-31T10:18:36,1:scheduled,2026-07-31T17:29:35Z
136349254,800555574,scheduled,ACTIVE,S,429,Upgrading Equipment,,SANTA ANA,ORANGE,92706,33.7711192713363,-117.90317429383236,2026-08-06T00:30:00Z,08/06/2026 04:30:00 AM,Work is in progress.,Enhancing Reliability,06,PO,29,ELLIS,07/29/2026 03:42:09 PM,2026-07-31T10:18:36,1:scheduled,2026-07-31T17:29:35Z
136300584,800551988,scheduled,ACTIVE,S,6,Upgrading Equipment,,HUNTINGTON BEACH,ORANGE,92646,33.676494833623565,-117.97935198508455,2026-08-03T09:00:00Z,08/03/2026 11:00:00 AM,Work is in progress.,Enhancing Reliability,06,PO,33,ELLIS,07/18/2026 12:18:16 PM,2026-07-31T10:18:36,1:scheduled,2026-07-31T17:29:35Z
136308499,800552433,scheduled,ACTIVE,S,17,Upgrading Equipment,,FOUNTAIN VALLEY,ORANGE,92708,33.69642259671888,-117.94917739592623,2026-08-04T12:00:00Z,08/04/2026 03:00:00 PM,Work is in progress.,Enhancing Reliability,06,PO,33,ELLIS,07/20/2026 03:35:16 PM,2026-07-31T10:18:36,1:scheduled,2026-07-31T17:29:35Z
136342301,800554997,scheduled,ACTIVE,S,290,Transformer Upgrade,,LA HABRA,ORANGE,90631,33.92076994554213,-117.96099085995333,2026-08-07T08:30:00Z,08/07/2026 02:00:00 PM,Work is in progress.,Enhancing Reliability,18,PO,48,VILLA PARK,07/28/2026 10:57:55 AM,2026-07-31T10:18:36,1:scheduled,2026-07-31T17:29:35Z
136344200,800555264,scheduled,ACTIVE,S,32,Upgrading Equipment,,WESTMINSTER,ORANGE,92683,33.76958493832515,-118.01762283298045,2026-08-07T09:00:00Z,08/07/2026 11:00:00 AM,Work is in progress.,Enhancing Reliability,06,PO,33,VILLA PARK,07/28/2026 05:11:32 PM,2026-07-31T10:18:36,1:scheduled,2026-07-31T17:29:35Z
136252024,800548096,scheduled,ACTIVE,S,26,Upgrading Equipment,,LA HABRA,ORANGE,90631,33.92089369520579,-117.94329266994217,2026-08-02T09:00:00Z,08/02/2026 04:00:00 PM,Work is in progress.,Enhancing Reliability,14,PO,48,VILLA PARK,07/15/2026 07:13:18 AM,2026-07-31T10:18:36,1:scheduled,2026-07-31T17:29:35Z
136352384,800555846,scheduled,ACTIVE,S,55,Pole Upgrade,,WESTMINSTER,ORANGE,92683,33.762467234370995,-117.98723444298787,2026-08-05T08:30:00Z,08/05/2026 04:00:00 PM,Work is in progress.,Enhancing Reliability,18,PO,33,VILLA PARK,07/30/2026 08:17:53 AM,2026-07-31T10:18:36,1:scheduled,2026-07-31T17:29:35Z
136261877,800548814,scheduled,ACTIVE,S,12,Pole Upgrade,,WESTMINSTER,ORANGE,92683,33.76554349784408,-117.9843480023681,2026-08-06T08:00:00Z,08/06/2026 05:00:00 PM,Work is in progress.,Enhancing Reliability,20,PO,33,VILLA PARK,07/20/2026 03:32:01 PM,2026-07-31T10:18:36,1:scheduled,2026-07-31T17:29:35Z
136328339,800554105,scheduled,ACTIVE,S,11,Pole Upgrade,,HUNTINGTON BEACH,ORANGE,92647,33.736585786301454,-118.02033276901996,2026-08-06T09:00:00Z,08/06/2026 04:00:00 PM,Work is in progress.,Enhancing Reliability,06,PO,33,VILLA PARK,07/25/2026 07:27:39 AM,2026-07-31T10:18:36,1:scheduled,2026-07-31T17:29:35Z
136321052,800553448,scheduled,ACTIVE,S,683,Upgrading Equipment,,LAGUNA WOODS,ORANGE,92653,33.611945597099144,-117.74979828951963,2026-08-03T08:00:00Z,08/03/2026 04:00:00 PM,Work is in progress.,Enhancing Reliability,18,PO,43,ELLIS,07/23/2026 02:16:48 PM,2026-07-31T10:18:36,1:scheduled,2026-07-31T17:29:35Z
136344182,800555282,scheduled,ACTIVE,S,8,Upgrading Equipment,,TUSTIN,ORANGE,92782,33.728907205798784,-117.79699471723016,2026-08-07T21:00:00Z,08/08/2026 04:30:00 AM,Work is in progress.,Enhancing Reliability,06,PO,29,VILLA PARK,07/28/2026 05:05:43 PM,2026-07-31T10:18:36,1:scheduled,2026-07-31T17:29:35Z
136328244,800553855,scheduled,ACTIVE,S,9,Upgrading Equipment,,NEWPORT BEACH,ORANGE,92625,33.598499397038275,-117.85953968712164,2026-08-05T12:30:00Z,08/05/2026 03:30:00 PM,Work is in progress.,Enhancing Reliability,06,PO,33,ELLIS,07/25/2026 06:50:24 AM,2026-07-31T10:18:36,1:scheduled,2026-07-31T17:29:35Z
136344245,800555284,scheduled,ACTIVE,S,169,Upgrading Equipment,,SANTA ANA,ORANGE,92706,33.775375498178704,-117.87137163398573,2026-08-08T01:00:00Z,08/08/2026 04:00:00 AM,Work is in progress.,Enhancing Reliability,18,PO,29,VILLA PARK,07/28/2026 05:25:53 PM,2026-07-31T10:18:36,1:scheduled,2026-07-31T17:29:35Z
136328723,800554051,scheduled,ACTIVE,S,4,Upgrading Equipment,,NEWPORT BEACH,ORANGE,92660,33.6158775861818,-117.86826329960927,2026-08-06T01:30:00Z,08/06/2026 07:00:00 AM,Work is in progress.,Enhancing Reliability,06,PO,33,ELLIS,07/25/2026 09:30:21 AM,2026-07-31T10:18:36,1:scheduled,2026-07-31T17:29:35Z
136328164,800553974,scheduled,ACTIVE,S,60,Upgrading Equipment,,LOS ALAMITOS,ORANGE,90720,33.79085931464146,-118.07062169111353,2026-08-07T09:00:00Z,08/07/2026 04:00:00 PM,Work is in progress.,Enhancing Reliability,06,PO,46,LIGHTHIPE,07/25/2026 05:24:15 AM,2026-07-31T10:18:36,1:scheduled,2026-07-31T17:29:35Z
136352855,800555798,scheduled,ACTIVE,S,1,Cable Upgrade,,SANTA ANA,ORANGE,92706,33.768883694986954,-117.88432675433098,2026-08-10T09:00:00Z,08/10/2026 02:00:00 PM,Work is in progress.,Enhancing Reliability,06,PO,29,ELLIS,07/30/2026 09:52:57 AM,2026-07-31T10:18:36,1:scheduled,2026-07-31T17:29:35Z
136323433,800553612,scheduled,ACTIVE,S,255,Upgrading Equipment,,SANTA ANA,ORANGE,92703,33.73575467708588,-117.88853505511156,2026-08-04T22:00:00Z,08/05/2026 04:30:00 AM,Work is in progress.,Enhancing Reliability,06,PO,29,ELLIS,07/24/2026 08:41:28 AM,2026-07-31T10:18:36,1:scheduled,2026-07-31T17:29:35Z
136299596,800551797,active,ACTIVE,,12,Pole Upgrade,,WESTMINSTER,ORANGE,92683,33.76554349784408,-117.9843480023681,2026-07-31T08:00:00Z,07/31/2026 04:00:00 PM,Work is in progress.,Enhancing Reliability,18,PO,33,VILLA PARK,07/31/2026 08:33:51 AM,2026-07-31T10:28:37,0:active,2026-07-31T17:37:12Z
136299651,800551926,active,ACTIVE,,0,Transformer Upgrade,,FULLERTON,ORANGE,92831,33.859515074077976,-117.89506923699487,2026-07-31T09:00:00Z,07/31/2026 04:00:00 PM,Work is in progress.,Enhancing Reliability,06,PO,48,VILLA PARK,07/31/2026 10:05:44 AM,2026-07-31T10:28:38,0:active,2026-07-31T17:37:12Z
136299635,800551831,active,ACTIVE,,6,Upgrading Equipment,,TUSTIN FOOTHILLS,ORANGE,92780,33.75130155655582,-117.8133188154366,2026-07-31T08:00:00Z,07/31/2026 11:00:00 AM,Work is in progress.,Enhancing Reliability,18,PO,29,VILLA PARK,07/31/2026 10:02:15 AM,2026-07-31T10:28:38,0:active,2026-07-31T17:37:12Z
136312619,800552685,active,ACTIVE,,101,Upgrading Equipment,,GARDEN GROVE,ORANGE,92845,33.78216508806161,-118.03881183306652,2026-07-31T09:16:17Z,07/31/2026 04:00:00 PM,Work is in progress.,Enhancing Reliability,18,PO,29,VILLA PARK,07/31/2026 09:16:41 AM,2026-07-31T10:28:38,0:active,2026-07-31T17:37:12Z
136357539,800556235,active,ACTIVE,,1012,Analyzing Problem,,NEWPORT BEACH,ORANGE,92660,33.62721277509797,-117.89795885046425,2026-07-31T08:50:01Z,Not Available,We have notified our repair crews. ,Not Available,03,Not Available,33,ELLIS,07/31/2026 10:24:45 AM,2026-07-31T10:28:38,0:active,2026-07-31T17:37:12Z
136357417,800556234,active,ACTIVE,,8,Equipment Problems,,WESTMINSTER,ORANGE,92683,33.76589880017344,-117.98371584981783,2026-07-31T08:26:48Z,07/31/2026 02:00:00 PM,Work is in progress.,Not Available,01,QI,33,VILLA PARK,07/31/2026 08:43:39 AM,2026-07-31T10:28:38,0:active,2026-07-31T17:37:12Z
136307252,800552216,active,ACTIVE,,0,Pole Upgrade,,Unincorporated Area,ORANGE,92821,33.94641754064117,-117.8622587823838,2026-07-31T07:00:00Z,07/31/2026 02:00:00 PM,Work is in progress.,Enhancing Reliability,18,PO,48,VILLA PARK,07/31/2026 07:10:18 AM,2026-07-31T10:28:39,0:active,2026-07-31T17:37:12Z
136299437,800551907,active,ACTIVE,,2,Cable Upgrade,,SANTA ANA,ORANGE,92705,33.7699450000988,-117.83770748520732,2026-07-31T08:00:00Z,07/31/2026 02:00:00 PM,Work is in progress.,Enhancing Reliability,18,PO,29,VILLA PARK,07/31/2026 08:43:43 AM,2026-07-31T10:28:39,0:active,2026-07-31T17:37:12Z
136241459,800547314,active,ACTIVE,,27,Upgrading Equipment,,WESTMINSTER,ORANGE,92683,33.74966140602627,-117.97001169083246,2026-07-31T09:53:57Z,07/31/2026 11:00:00 AM,Work is in progress.,Enhancing Reliability,14,PO,33,VILLA PARK,07/31/2026 09:54:35 AM,2026-07-31T10:28:39,0:active,2026-07-31T17:37:12Z
136355042,800556092,active,ACTIVE,,164,Equipment Problems,,TUSTIN,ORANGE,92782,33.731137031355516,-117.80241653685673,2026-07-30T19:31:20Z,Most up by 07/31/2026 10:15:00 AM,We have identified the problem and are working to restore your service.,Not Available,01,Not Available,29,VILLA PARK,07/31/2026 08:57:24 AM,2026-07-31T10:28:40,0:active,2026-07-31T17:37:12Z
136299616,800551853,active,ACTIVE,,15,Pole Upgrade,,WESTMINSTER,ORANGE,92683,33.7644827983857,-117.98369088743272,2026-07-31T08:00:00Z,07/31/2026 02:00:00 PM,Work is in progress.,Enhancing Reliability,18,PO,33,VILLA PARK,07/31/2026 08:32:08 AM,2026-07-31T10:28:40,0:active,2026-07-31T17:37:12Z
136299645,800551912,active,ACTIVE,,37,Upgrading Equipment,,BUENA PARK,ORANGE,90620,33.842134930990134,-117.98795291824709,2026-07-31T09:31:56Z,07/31/2026 02:00:00 PM,Work is in progress.,Enhancing Reliability,06,PO,48,VILLA PARK,07/31/2026 10:26:46 AM,2026-07-31T10:28:40,0:active,2026-07-31T17:37:12Z
136323151,800553664,active,ACTIVE,,78,Cable Upgrade,,ORANGE,ORANGE,92868,33.78277861094688,-117.87293439625456,2026-07-31T09:55:03Z,07/31/2026 02:00:00 PM,Work is in progress.,Enhancing Reliability,06,PO,29,VILLA PARK,07/31/2026 09:55:30 AM,2026-07-31T10:28:40,0:active,2026-07-31T17:37:12Z
136328621,800554131,scheduled,ACTIVE,S,85,Pole Upgrade,,GARDEN GROVE,ORANGE,92845,33.79046523974237,-118.02373298579515,2026-08-05T08:00:00Z,08/05/2026 03:00:00 PM,Work is in progress.,Enhancing Reliability,18,PO,29,VILLA PARK,07/25/2026 09:00:55 AM,2026-07-31T10:28:36,1:scheduled,2026-07-31T17:37:12Z
136349614,800555694,scheduled,ACTIVE,S,3,Upgrading Equipment,,COSTA MESA,ORANGE,92626,33.67372071069094,-117.87769470459074,2026-08-09T09:00:00Z,08/09/2026 02:00:00 PM,Work is in progress.,Enhancing Reliability,06,PO,33,ELLIS,07/29/2026 05:14:57 PM,2026-07-31T10:28:37,1:scheduled,2026-07-31T17:37:12Z
136338444,800554634,scheduled,ACTIVE,S,2,Upgrading Equipment,,BUENA PARK,ORANGE,90620,33.844417238492426,-118.02877105052218,2026-08-06T08:00:00Z,08/06/2026 06:30:00 PM,Work is in progress.,Enhancing Reliability,06,PO,48,VILLA PARK,07/27/2026 01:18:15 PM,2026-07-31T10:28:37,1:scheduled,2026-07-31T17:37:12Z
136242596,800547299,scheduled,ACTIVE,S,19,Upgrading Equipment,,WESTMINSTER,ORANGE,92683,33.771567700429756,-118.03849159175257,2026-07-31T12:00:00Z,07/31/2026 03:00:00 PM,Work is in progress.,Enhancing Reliability,14,PO,33,VILLA PARK,07/15/2026 08:35:41 AM,2026-07-31T10:28:37,1:scheduled,2026-07-31T17:37:12Z
136325466,800553838,scheduled,ACTIVE,S,82,Pole Upgrade,,CYPRESS,ORANGE,90630,33.80789051663639,-118.0121504382034,2026-08-04T09:00:00Z,08/04/2026 05:00:00 PM,Work is in progress.,Enhancing Reliability,06,PO,48,VILLA PARK,07/24/2026 05:34:48 PM,2026-07-31T10:28:37,1:scheduled,2026-07-31T17:37:12Z
136349634,800555555,scheduled,ACTIVE,S,683,Cable Upgrade,,LAGUNA WOODS,ORANGE,92653,33.611945597099144,-117.74979828951963,2026-08-10T08:00:00Z,08/10/2026 04:00:00 PM,Work is in progress.,Enhancing Reliability,18,PO,43,ELLIS,07/29/2026 05:27:11 PM,2026-07-31T10:28:37,1:scheduled,2026-07-31T17:37:12Z
136342059,800554995,scheduled,ACTIVE,S,40,Transformer Upgrade,,LA HABRA,ORANGE,90631,33.91164040097648,-117.95636194010892,2026-08-06T12:00:00Z,08/06/2026 03:30:00 PM,Work is in progress.,Enhancing Reliability,18,PO,48,VILLA PARK,07/28/2026 10:03:37 AM,2026-07-31T10:28:37,1:scheduled,2026-07-31T17:37:12Z
136349334,800555649,scheduled,ACTIVE,S,50,Transformer Upgrade,,SEAL BEACH,ORANGE,90740,33.767011407533914,-118.08291207880981,2026-08-10T09:00:00Z,08/10/2026 03:00:00 PM,Work is in progress.,Enhancing Reliability,06,PO,46,LIGHTHIPE,07/29/2026 04:02:37 PM,2026-07-31T10:28:37,1:scheduled,2026-07-31T17:37:12Z
136328219,800553998,scheduled,ACTIVE,S,14,Upgrading Equipment,,WESTMINSTER,ORANGE,92683,33.739953083000664,-118.0056591850109,2026-08-04T12:30:00Z,08/04/2026 03:00:00 PM,Work is in progress.,Enhancing Reliability,06,PO,33,VILLA PARK,07/25/2026 06:24:54 AM,2026-07-31T10:28:38,1:scheduled,2026-07-31T17:37:12Z
136344209,800555175,scheduled,ACTIVE,S,422,Upgrading Equipment,,YORBA LINDA,ORANGE,92886,33.90556745773305,-117.82947551169154,2026-08-07T09:00:00Z,08/07/2026 04:00:00 PM,Work is in progress.,Enhancing Reliability,06,PO,48,VILLA PARK,07/28/2026 05:14:40 PM,2026-07-31T10:28:38,1:scheduled,2026-07-31T17:37:12Z
136344160,800555188,scheduled,ACTIVE,S,2,Transformer Upgrade,,YORBA LINDA,ORANGE,92886,33.89010941744791,-117.81317064102544,2026-08-07T21:00:00Z,08/08/2026 01:00:00 AM,Work is in progress.,Enhancing Reliability,18,PO,48,VILLA PARK,07/28/2026 05:00:51 PM,2026-07-31T10:28:38,1:scheduled,2026-07-31T17:37:12Z
136341822,800555067,scheduled,ACTIVE,S,260,Pole Upgrade,,BUENA PARK,ORANGE,90621,33.863173367163085,-118.00968912349519,2026-08-06T09:00:00Z,08/06/2026 05:00:00 PM,Work is in progress.,Enhancing Reliability,06,PO,48,VILLA PARK,07/28/2026 09:22:49 AM,2026-07-31T10:28:38,1:scheduled,2026-07-31T17:37:12Z
136321088,800553546,scheduled,ACTIVE,S,37,Upgrading Equipment,,NEWPORT BEACH,ORANGE,92660,33.62521740647028,-117.90241094952137,2026-08-03T09:00:00Z,08/03/2026 01:00:00 PM,Work is in progress.,Enhancing Reliability,06,PO,33,ELLIS,07/23/2026 02:39:40 PM,2026-07-31T10:28:38,1:scheduled,2026-07-31T17:37:12Z
136325450,800553945,scheduled,ACTIVE,S,255,Pole Upgrade,,SANTA ANA,ORANGE,92703,33.73575467708588,-117.88853505511156,2026-08-04T08:00:00Z,08/04/2026 04:00:00 PM,Work is in progress.,Enhancing Reliability,18,PO,29,ELLIS,07/24/2026 05:30:21 PM,2026-07-31T10:28:38,1:scheduled,2026-07-31T17:37:12Z
136320896,800553505,scheduled,ACTIVE,S,0,Upgrading Equipment,,WESTMINSTER,ORANGE,92683,33.749448618087676,-117.99983447996259,2026-08-02T09:00:00Z,08/02/2026 02:00:00 PM,Work is in progress.,Enhancing Reliability,06,PO,33,VILLA PARK,07/23/2026 01:07:58 PM,2026-07-31T10:28:38,1:scheduled,2026-07-31T17:37:12Z
136323256,800553724,scheduled,ACTIVE,S,2,Upgrading Equipment,,GARDEN GROVE,ORANGE,92841,33.78998494280542,-118.00362214640799,2026-08-03T21:00:00Z,08/04/2026 02:00:00 AM,Work is in progress.,Enhancing Reliability,18,PO,29,VILLA PARK,07/24/2026 08:01:44 AM,2026-07-31T10:28:38,1:scheduled,2026-07-31T17:37:12Z
136299764,800551857,scheduled,ACTIVE,S,140,Transformer Upgrade,,SANTA ANA,ORANGE,92707,33.70141981640157,-117.86952971395411,2026-07-31T15:00:00Z,07/31/2026 07:00:00 PM,Work is in progress.,Enhancing Reliability,18,PO,29,ELLIS,07/18/2026 09:16:26 AM,2026-07-31T10:28:38,1:scheduled,2026-07-31T17:37:12Z
136328278,800554104,scheduled,ACTIVE,S,14,Upgrading Equipment,,FOUNTAIN VALLEY,ORANGE,92708,33.72696062563959,-117.93293490337513,2026-08-05T12:30:00Z,08/05/2026 03:00:00 PM,Work is in progress.,Enhancing Reliability,06,PO,33,ELLIS,07/25/2026 07:15:24 AM,2026-07-31T10:28:38,1:scheduled,2026-07-31T17:37:12Z
136343941,800555229,scheduled,ACTIVE,S,18,Upgrading Equipment,,FOUNTAIN VALLEY,ORANGE,92708,33.71635934366413,-117.97090804868756,2026-08-07T01:00:00Z,08/07/2026 06:30:00 AM,Work is in progress.,Enhancing Reliability,06,PO,33,ELLIS,07/28/2026 04:10:03 PM,2026-07-31T10:28:38,1:scheduled,2026-07-31T17:37:12Z
136300596,800551967,scheduled,ACTIVE,S,154,Upgrading Equipment,,HUNTINGTON BEACH,ORANGE,92646,33.66020883706171,-117.98387145778797,2026-08-03T09:00:00Z,08/03/2026 03:00:00 PM,Work is in progress.,Enhancing Reliability,06,PO,33,ELLIS,07/18/2026 12:22:20 PM,2026-07-31T10:28:38,1:scheduled,2026-07-31T17:37:12Z
136325479,800553946,scheduled,ACTIVE,S,21,Upgrading Equipment,,SANTA ANA,ORANGE,92704,33.71986341946297,-117.90632149831112,2026-08-04T09:00:00Z,08/04/2026 04:00:00 PM,Work is in progress.,Enhancing Reliability,06,PO,29,ELLIS,07/24/2026 05:37:48 PM,2026-07-31T10:28:38,1:scheduled,2026-07-31T17:37:12Z
136328682,800554187,scheduled,ACTIVE,S,1,Transformer Upgrade,,IRVINE,ORANGE,92618,33.66578857424019,-117.78764009484934,2026-08-05T13:00:00Z,08/05/2026 03:30:00 PM,Work is in progress.,Enhancing Reliability,18,PO,43,ELLIS,07/25/2026 09:16:04 AM,2026-07-31T10:28:38,1:scheduled,2026-07-31T17:37:12Z
136328262,800554029,scheduled,ACTIVE,S,7,Upgrading Equipment,,NEWPORT BEACH,ORANGE,92660,33.624375507748,-117.86575921521208,2026-08-05T12:30:00Z,08/05/2026 03:30:00 PM,Work is in progress.,Enhancing Reliability,06,PO,33,ELLIS,07/25/2026 07:02:21 AM,2026-07-31T10:28:38,1:scheduled,2026-07-31T17:37:12Z
136328225,800554063,scheduled,ACTIVE,S,23,Transformer Upgrade,,PLACENTIA,ORANGE,92870,33.86854751212615,-117.83149968462294,2026-08-05T08:00:00Z,08/05/2026 11:00:00 AM,Work is in progress.,Enhancing Reliability,18,PO,48,VILLA PARK,07/25/2026 06:38:29 AM,2026-07-31T10:28:38,1:scheduled,2026-07-31T17:37:12Z
136299776,800551892,scheduled,ACTIVE,S,2,Upgrading Equipment,,IRVINE,ORANGE,92614,33.69546016531424,-117.86171221951717,2026-08-01T08:00:00Z,08/01/2026 03:00:00 PM,Work is in progress.,Enhancing Reliability,06,PO,43,ELLIS,07/18/2026 09:19:22 AM,2026-07-31T10:28:38,1:scheduled,2026-07-31T17:37:12Z
136323196,800553592,scheduled,ACTIVE,S,5,Upgrading Equipment,,ORANGE,ORANGE,92868,33.78535590141055,-117.88948426534641,2026-08-03T19:30:00Z,08/03/2026 10:30:00 PM,Work is in progress.,Enhancing Reliability,06,PO,29,VILLA PARK,07/24/2026 07:23:04 AM,2026-07-31T10:28:38,1:scheduled,2026-07-31T17:37:12Z
136344234,800555190,scheduled,ACTIVE,S,26,Transformer Upgrade,,HUNTINGTON BEACH,ORANGE,92649,33.71257129896257,-118.04486712846176,2026-08-07T09:00:00Z,08/07/2026 01:00:00 PM,Work is in progress.,Enhancing Reliability,06,PO,33,VILLA PARK,07/28/2026 05:21:35 PM,2026-07-31T10:28:38,1:scheduled,2026-07-31T17:37:12Z
136353384,800555945,scheduled,ACTIVE,S,1,Upgrading Equipment,,FULLERTON,ORANGE,92833,33.888107206510846,-117.9425668886848,2026-08-10T09:00:00Z,08/10/2026 04:00:00 PM,Work is in progress.,Enhancing Reliability,06,PO,48,VILLA PARK,07/30/2026 12:00:30 PM,2026-07-31T10:28:38,1:scheduled,2026-07-31T17:37:12Z
136312665,800552686,scheduled,ACTIVE,S,104,Cable Upgrade,,BUENA PARK,ORANGE,90620,33.83989924092641,-117.99520550352433,2026-07-31T23:00:00Z,08/01/2026 06:30:00 AM,Work is in progress.,Enhancing Reliability,18,PO,48,VILLA PARK,07/21/2026 06:22:54 PM,2026-07-31T10:28:38,1:scheduled,2026-07-31T17:37:12Z
136328212,800554009,scheduled,ACTIVE,S,11,Upgrading Equipment,,NEWPORT BEACH,ORANGE,92625,33.60526308124897,-117.87043538464377,2026-08-04T12:30:00Z,08/04/2026 03:30:00 PM,Work is in progress.,Enhancing Reliability,06,PO,33,ELLIS,07/25/2026 06:14:34 AM,2026-07-31T10:28:38,1:scheduled,2026-07-31T17:37:12Z
136344144,800555212,scheduled,ACTIVE,S,57,Upgrading Equipment,,SANTA ANA,ORANGE,92706,33.77602338557146,-117.87228656630596,2026-08-07T21:00:00Z,08/08/2026 01:00:00 AM,Work is in progress.,Enhancing Reliability,18,PO,29,VILLA PARK,07/28/2026 04:57:20 PM,2026-07-31T10:28:38,1:scheduled,2026-07-31T17:37:12Z
136349469,800555690,scheduled,ACTIVE,S,73,Upgrading Equipment,,IRVINE,ORANGE,92602,33.721583272467036,-117.79086433615191,2026-08-08T08:00:00Z,08/08/2026 03:00:00 PM,Work is in progress.,Enhancing Reliability,06,PO,43,ELLIS,07/29/2026 04:50:24 PM,2026-07-31T10:28:38,1:scheduled,2026-07-31T17:37:12Z
136300609,800551954,scheduled,ACTIVE,S,53,Upgrading Equipment,,GARDEN GROVE,ORANGE,92845,33.77716562060776,-118.0391821285081,2026-08-03T08:00:00Z,08/03/2026 03:00:00 PM,Work is in progress.,Enhancing Reliability,18,PO,29,VILLA PARK,07/18/2026 12:28:21 PM,2026-07-31T10:28:38,1:scheduled,2026-07-31T17:37:12Z
136352829,800555816,scheduled,ACTIVE,S,1,Upgrading Equipment,,NEWPORT BEACH,ORANGE,92660,33.642453590215105,-117.8671645773718,2026-08-10T09:00:00Z,08/10/2026 11:00:00 AM,Work is in progress.,Enhancing Reliability,06,PO,33,ELLIS,07/30/2026 09:43:27 AM,2026-07-31T10:28:38,1:scheduled,2026-07-31T17:37:12Z
136344187,800555283,scheduled,ACTIVE,S,129,Upgrading Equipment,,SANTA ANA,ORANGE,92704,33.69767167739644,-117.89472893180906,2026-08-07T09:00:00Z,08/07/2026 03:00:00 PM,Work is in progress.,Enhancing Reliability,06,PO,29,ELLIS,07/28/2026 05:06:19 PM,2026-07-31T10:28:38,1:scheduled,2026-07-31T17:37:12Z
136325568,800553872,scheduled,ACTIVE,S,38,Upgrading Equipment,,SEAL BEACH,ORANGE,90740,33.76137699286526,-118.07824576928665,2026-08-06T22:00:00Z,08/07/2026 04:00:00 AM,Work is in progress.,Enhancing Reliability,06,PO,46,LIGHTHIPE,07/24/2026 06:06:18 PM,2026-07-31T10:28:38,1:scheduled,2026-07-31T17:37:12Z
136344072,800555281,scheduled,ACTIVE,S,35,Upgrading Equipment,,FULLERTON,ORANGE,92833,33.893933899114494,-117.94847005797993,2026-08-07T09:00:00Z,08/07/2026 04:00:00 PM,Work is in progress.,Enhancing Reliability,06,PO,48,VILLA PARK,07/28/2026 04:45:16 PM,2026-07-31T10:28:38,1:scheduled,2026-07-31T17:37:12Z
136320552,800553404,scheduled,ACTIVE,S,1,Upgrading Equipment,,YORBA LINDA,ORANGE,92886,33.89045614673738,-117.8140498689064,2026-08-01T09:00:00Z,08/01/2026 04:00:00 PM,Work is in progress.,Enhancing Reliability,06,PO,48,VILLA PARK,07/23/2026 11:20:25 AM,2026-07-31T10:28:38,1:scheduled,2026-07-31T17:37:12Z
136349441,800555667,scheduled,ACTIVE,S,46,Pole Upgrade,,SANTA ANA,ORANGE,92705,33.76636762126047,-117.83401994767839,2026-08-06T08:00:00Z,08/06/2026 04:00:00 PM,Work is in progress.,Enhancing Reliability,18,PO,29,VILLA PARK,07/29/2026 04:40:51 PM,2026-07-31T10:28:39,1:scheduled,2026-07-31T17:37:12Z
136325493,800553925,scheduled,ACTIVE,S,50,Pole Upgrade,,BUENA PARK,ORANGE,90620,33.849827912440766,-118.01056164275762,2026-08-03T21:00:00Z,08/04/2026 03:00:00 AM,Work is in progress.,Enhancing Reliability,18,PO,48,VILLA PARK,07/24/2026 05:43:40 PM,2026-07-31T10:28:39,1:scheduled,2026-07-31T17:37:12Z
136353674,800555948,scheduled,ACTIVE,S,99,Upgrading Equipment,,HUNTINGTON BEACH,ORANGE,92646,33.65288831220681,-117.97839513108494,2026-08-10T10:00:00Z,08/10/2026 02:00:00 PM,Work is in progress.,Enhancing Reliability,06,PO,33,ELLIS,07/30/2026 01:23:52 PM,2026-07-31T10:28:39,1:scheduled,2026-07-31T17:37:12Z
136317762,800553148,scheduled,ACTIVE,S,1,Upgrading Equipment,,STANTON,ORANGE,90680,33.80673802799463,-117.99066679699234,2026-08-03T07:30:00Z,08/03/2026 04:00:00 PM,Work is in progress.,Enhancing Reliability,06,PO,48,VILLA PARK,07/22/2026 04:34:13 PM,2026-07-31T10:28:39,1:scheduled,2026-07-31T17:37:12Z
136349055,800555684,scheduled,ACTIVE,S,0,Upgrading Equipment,,GARDEN GROVE,ORANGE,92841,33.79803057129434,-118.00328413192616,2026-07-31T23:00:00Z,08/01/2026 05:00:00 AM,Work is in progress.,Enhancing Reliability,06,PO,29,VILLA PARK,07/29/2026 02:59:43 PM,2026-07-31T10:28:39,1:scheduled,2026-07-31T17:37:12Z
136321999,800553511,scheduled,ACTIVE,S,27,Upgrading Equipment,,SANTA ANA,ORANGE,92706,33.75645897470706,-117.87065672413988,2026-08-03T09:00:00Z,08/03/2026 01:00:00 PM,Work is in progress.,Enhancing Reliability,06,PO,29,VILLA PARK,07/23/2026 02:58:22 PM,2026-07-31T10:28:39,1:scheduled,2026-07-31T17:37:12Z
136338482,800554698,scheduled,ACTIVE,S,147,Upgrading Equipment,,LA HABRA,ORANGE,90631,33.927265495117354,-117.95696260042027,2026-08-06T09:00:00Z,08/06/2026 03:00:00 PM,Work is in progress.,Enhancing Reliability,06,PO,48,VILLA PARK,07/27/2026 01:25:25 PM,2026-07-31T10:28:39,1:scheduled,2026-07-31T17:37:12Z
136339649,800554769,scheduled,ACTIVE,S,7,Upgrading Equipment,,GARDEN GROVE,ORANGE,92843,33.749844315766424,-117.94242823911058,2026-08-05T08:00:00Z,08/05/2026 03:00:00 PM,Work is in progress.,Enhancing Reliability,18,PO,29,VILLA PARK,07/27/2026 06:19:34 PM,2026-07-31T10:28:39,1:scheduled,2026-07-31T17:37:12Z
136349519,800555576,scheduled,ACTIVE,S,597,Upgrading Equipment,,IRVINE,ORANGE,92612,33.649538041391374,-117.82562273984588,2026-08-08T08:30:00Z,08/08/2026 06:30:00 PM,Work is in progress.,Enhancing Reliability,06,PO,43,ELLIS,07/29/2026 05:05:41 PM,2026-07-31T10:28:39,1:scheduled,2026-07-31T17:37:12Z
136352910,800555779,scheduled,ACTIVE,S,76,Upgrading Equipment,,COSTA MESA,ORANGE,92627,33.65240982993159,-117.90422650849096,2026-08-10T09:00:00Z,08/10/2026 10:30:00 AM,Work is in progress.,Enhancing Reliability,06,PO,33,ELLIS,07/30/2026 10:12:24 AM,2026-07-31T10:28:39,1:scheduled,2026-07-31T17:37:12Z
136344194,800555174,scheduled,ACTIVE,S,144,Transformer Upgrade,,NEWPORT BEACH,ORANGE,92663,33.625672060389086,-117.91075116913056,2026-08-07T09:30:00Z,08/07/2026 02:00:00 PM,Work is in progress.,Enhancing Reliability,06,PO,33,ELLIS,07/28/2026 05:08:44 PM,2026-07-31T10:28:39,1:scheduled,2026-07-31T17:37:12Z
136344210,800555320,scheduled,ACTIVE,S,2,Cable Upgrade,,HUNTINGTON BEACH,ORANGE,92647,33.745144378034986,-118.02638770598739,2026-08-08T07:30:00Z,08/08/2026 01:00:00 PM,Work is in progress.,Enhancing Reliability,06,PO,33,VILLA PARK,07/28/2026 05:15:49 PM,2026-07-31T10:28:39,1:scheduled,2026-07-31T17:37:12Z
136325503,800553980,scheduled,ACTIVE,S,263,Upgrading Equipment,,LAGUNA WOODS,ORANGE,92653,33.610430650505194,-117.73919787272297,2026-08-07T01:30:00Z,08/07/2026 06:30:00 AM,Work is in progress.,Enhancing Reliability,14,PO,43,ELLIS,07/31/2026 09:29:56 AM,2026-07-31T10:28:39,1:scheduled,2026-07-31T17:37:12Z
136317790,800553164,scheduled,ACTIVE,S,3,Cable Upgrade,,NEWPORT BEACH,ORANGE,92660,33.61996203915341,-117.87813627865516,2026-08-01T09:00:00Z,08/01/2026 12:00:00 PM,Work is in progress.,Enhancing Reliability,06,PO,33,ELLIS,07/22/2026 04:43:11 PM,2026-07-31T10:28:39,1:scheduled,2026-07-31T17:37:12Z
136328601,800554200,scheduled,ACTIVE,S,162,Pole Upgrade,,ORANGE,ORANGE,92867,33.81202505311741,-117.8332468234089,2026-08-04T21:00:00Z,08/05/2026 03:00:00 AM,Work is in progress.,Enhancing Reliability,18,PO,29,VILLA PARK,07/25/2026 08:52:04 AM,2026-07-31T10:28:39,1:scheduled,2026-07-31T17:37:12Z
136354456,800556070,scheduled,ACTIVE,S,70,Pole Upgrade,,ORANGE,ORANGE,92866,33.78533883232527,-117.84528135833582,2026-08-10T09:30:00Z,08/10/2026 04:00:00 PM,Work is in progress.,Enhancing Reliability,18,PO,29,VILLA PARK,07/30/2026 04:30:53 PM,2026-07-31T10:28:39,1:scheduled,2026-07-31T17:37:12Z
136325519,800553981,scheduled,ACTIVE,S,49,Upgrading Equipment,,SEAL BEACH,ORANGE,90740,33.77557886786111,-118.05643328359616,2026-08-04T12:00:00Z,08/04/2026 02:30:00 PM,Work is in progress.,Enhancing Reliability,06,PO,33,VILLA PARK,07/24/2026 05:49:24 PM,2026-07-31T10:28:39,1:scheduled,2026-07-31T17:37:12Z
136343047,800555116,scheduled,ACTIVE,S,15,Upgrading Equipment,,GARDEN GROVE,ORANGE,92844,33.76879410347582,-117.98274719734526,2026-08-03T08:00:00Z,08/03/2026 12:00:00 PM,Work is in progress.,Enhancing Reliability,18,PO,29,VILLA PARK,07/28/2026 01:25:24 PM,2026-07-31T10:28:39,1:scheduled,2026-07-31T17:37:12Z
136349254,800555574,scheduled,ACTIVE,S,429,Upgrading Equipment,,SANTA ANA,ORANGE,92706,33.7711192713363,-117.90317429383236,2026-08-06T00:30:00Z,08/06/2026 04:30:00 AM,Work is in progress.,Enhancing Reliability,06,PO,29,ELLIS,07/29/2026 03:42:09 PM,2026-07-31T10:28:39,1:scheduled,2026-07-31T17:37:12Z
136300584,800551988,scheduled,ACTIVE,S,6,Upgrading Equipment,,HUNTINGTON BEACH,ORANGE,92646,33.676494833623565,-117.97935198508455,2026-08-03T09:00:00Z,08/03/2026 11:00:00 AM,Work is in progress.,Enhancing Reliability,06,PO,33,ELLIS,07/18/2026 12:18:16 PM,2026-07-31T10:28:40,1:scheduled,2026-07-31T17:37:12Z
136308499,800552433,scheduled,ACTIVE,S,17,Upgrading Equipment,,FOUNTAIN VALLEY,ORANGE,92708,33.69642259671888,-117.94917739592623,2026-08-04T12:00:00Z,08/04/2026 03:00:00 PM,Work is in progress.,Enhancing Reliability,06,PO,33,ELLIS,07/20/2026 03:35:16 PM,2026-07-31T10:28:40,1:scheduled,2026-07-31T17:37:12Z
136342301,800554997,scheduled,ACTIVE,S,290,Transformer Upgrade,,LA HABRA,ORANGE,90631,33.92076994554213,-117.96099085995333,2026-08-07T08:30:00Z,08/07/2026 02:00:00 PM,Work is in progress.,Enhancing Reliability,18,PO,48,VILLA PARK,07/28/2026 10:57:55 AM,2026-07-31T10:28:40,1:scheduled,2026-07-31T17:37:12Z
136344200,800555264,scheduled,ACTIVE,S,32,Upgrading Equipment,,WESTMINSTER,ORANGE,92683,33.76958493832515,-118.01762283298045,2026-08-07T09:00:00Z,08/07/2026 11:00:00 AM,Work is in progress.,Enhancing Reliability,06,PO,33,VILLA PARK,07/28/2026 05:11:32 PM,2026-07-31T10:28:40,1:scheduled,2026-07-31T17:37:12Z
136252024,800548096,scheduled,ACTIVE,S,26,Upgrading Equipment,,LA HABRA,ORANGE,90631,33.92089369520579,-117.94329266994217,2026-08-02T09:00:00Z,08/02/2026 04:00:00 PM,Work is in progress.,Enhancing Reliability,14,PO,48,VILLA PARK,07/15/2026 07:13:18 AM,2026-07-31T10:28:40,1:scheduled,2026-07-31T17:37:12Z
136352384,800555846,scheduled,ACTIVE,S,55,Pole Upgrade,,WESTMINSTER,ORANGE,92683,33.762467234370995,-117.98723444298787,2026-08-05T08:30:00Z,08/05/2026 04:00:00 PM,Work is in progress.,Enhancing Reliability,18,PO,33,VILLA PARK,07/30/2026 08:17:53 AM,2026-07-31T10:28:40,1:scheduled,2026-07-31T17:37:12Z
136261877,800548814,scheduled,ACTIVE,S,12,Pole Upgrade,,WESTMINSTER,ORANGE,92683,33.76554349784408,-117.9843480023681,2026-08-06T08:00:00Z,08/06/2026 05:00:00 PM,Work is in progress.,Enhancing Reliability,20,PO,33,VILLA PARK,07/20/2026 03:32:01 PM,2026-07-31T10:28:40,1:scheduled,2026-07-31T17:37:12Z
136328339,800554105,scheduled,ACTIVE,S,11,Pole Upgrade,,HUNTINGTON BEACH,ORANGE,92647,33.736585786301454,-118.02033276901996,2026-08-06T09:00:00Z,08/06/2026 04:00:00 PM,Work is in progress.,Enhancing Reliability,06,PO,33,VILLA PARK,07/25/2026 07:27:39 AM,2026-07-31T10:28:40,1:scheduled,2026-07-31T17:37:12Z
136321052,800553448,scheduled,ACTIVE,S,683,Upgrading Equipment,,LAGUNA WOODS,ORANGE,92653,33.611945597099144,-117.74979828951963,2026-08-03T08:00:00Z,08/03/2026 04:00:00 PM,Work is in progress.,Enhancing Reliability,18,PO,43,ELLIS,07/23/2026 02:16:48 PM,2026-07-31T10:28:40,1:scheduled,2026-07-31T17:37:12Z
136344182,800555282,scheduled,ACTIVE,S,8,Upgrading Equipment,,TUSTIN,ORANGE,92782,33.728907205798784,-117.79699471723016,2026-08-07T21:00:00Z,08/08/2026 04:30:00 AM,Work is in progress.,Enhancing Reliability,06,PO,29,VILLA PARK,07/28/2026 05:05:43 PM,2026-07-31T10:28:40,1:scheduled,2026-07-31T17:37:12Z
136328244,800553855,scheduled,ACTIVE,S,9,Upgrading Equipment,,NEWPORT BEACH,ORANGE,92625,33.598499397038275,-117.85953968712164,2026-08-05T12:30:00Z,08/05/2026 03:30:00 PM,Work is in progress.,Enhancing Reliability,06,PO,33,ELLIS,07/25/2026 06:50:24 AM,2026-07-31T10:28:40,1:scheduled,2026-07-31T17:37:12Z
136344245,800555284,scheduled,ACTIVE,S,169,Upgrading Equipment,,SANTA ANA,ORANGE,92706,33.775375498178704,-117.87137163398573,2026-08-08T01:00:00Z,08/08/2026 04:00:00 AM,Work is in progress.,Enhancing Reliability,18,PO,29,VILLA PARK,07/28/2026 05:25:53 PM,2026-07-31T10:28:40,1:scheduled,2026-07-31T17:37:12Z
136328723,800554051,scheduled,ACTIVE,S,4,Upgrading Equipment,,NEWPORT BEACH,ORANGE,92660,33.6158775861818,-117.86826329960927,2026-08-06T01:30:00Z,08/06/2026 07:00:00 AM,Work is in progress.,Enhancing Reliability,06,PO,33,ELLIS,07/25/2026 09:30:21 AM,2026-07-31T10:28:40,1:scheduled,2026-07-31T17:37:12Z
136328164,800553974,scheduled,ACTIVE,S,60,Upgrading Equipment,,LOS ALAMITOS,ORANGE,90720,33.79085931464146,-118.07062169111353,2026-08-07T09:00:00Z,08/07/2026 04:00:00 PM,Work is in progress.,Enhancing Reliability,06,PO,46,LIGHTHIPE,07/25/2026 05:24:15 AM,2026-07-31T10:28:40,1:scheduled,2026-07-31T17:37:12Z
136352855,800555798,scheduled,ACTIVE,S,1,Cable Upgrade,,SANTA ANA,ORANGE,92706,33.768883694986954,-117.88432675433098,2026-08-10T09:00:00Z,08/10/2026 02:00:00 PM,Work is in progress.,Enhancing Reliability,06,PO,29,ELLIS,07/30/2026 09:52:57 AM,2026-07-31T10:28:40,1:scheduled,2026-07-31T17:37:12Z
136323433,800553612,scheduled,ACTIVE,S,255,Upgrading Equipment,,SANTA ANA,ORANGE,92703,33.73575467708588,-117.88853505511156,2026-08-04T22:00:00Z,08/05/2026 04:30:00 AM,Work is in progress.,Enhancing Reliability,06,PO,29,ELLIS,07/24/2026 08:41:28 AM,2026-07-31T10:28:40,1:scheduled,2026-07-31T17:37:12Z
136299596,800551797,active,ACTIVE,,12,Pole Upgrade,,WESTMINSTER,ORANGE,92683,33.76554349784408,-117.9843480023681,2026-07-31T08:00:00Z,07/31/2026 04:00:00 PM,Work is in progress.,Enhancing Reliability,18,PO,33,VILLA PARK,07/31/2026 08:33:51 AM,2026-07-31T10:48:38,0:active,2026-07-31T17:52:11Z
136299651,800551926,active,ACTIVE,,0,Transformer Upgrade,,FULLERTON,ORANGE,92831,33.859515074077976,-117.89506923699487,2026-07-31T09:00:00Z,07/31/2026 04:00:00 PM,Work is in progress.,Enhancing Reliability,06,PO,48,VILLA PARK,07/31/2026 10:05:44 AM,2026-07-31T10:48:38,0:active,2026-07-31T17:52:11Z
136299635,800551831,active,ACTIVE,,6,Upgrading Equipment,,TUSTIN FOOTHILLS,ORANGE,92780,33.75130155655582,-117.8133188154366,2026-07-31T08:00:00Z,07/31/2026 11:00:00 AM,Work is in progress.,Enhancing Reliability,18,PO,29,VILLA PARK,07/31/2026 10:02:15 AM,2026-07-31T10:48:38,0:active,2026-07-31T17:52:11Z
136312619,800552685,active,ACTIVE,,101,Upgrading Equipment,,GARDEN GROVE,ORANGE,92845,33.78216508806161,-118.03881183306652,2026-07-31T09:16:17Z,07/31/2026 04:00:00 PM,Work is in progress.,Enhancing Reliability,18,PO,29,VILLA PARK,07/31/2026 09:16:41 AM,2026-07-31T10:48:38,0:active,2026-07-31T17:52:11Z
136357539,800556235,active,ACTIVE,,1012,Analyzing Problem,,NEWPORT BEACH,ORANGE,92660,33.62721277509797,-117.89795885046425,2026-07-31T08:50:01Z,Not Available,We have notified our repair crews. ,Not Available,03,Not Available,33,ELLIS,07/31/2026 10:47:02 AM,2026-07-31T10:48:38,0:active,2026-07-31T17:52:11Z
136357417,800556234,active,ACTIVE,,8,Equipment Problems,,WESTMINSTER,ORANGE,92683,33.76589880017344,-117.98371584981783,2026-07-31T08:26:48Z,07/31/2026 02:00:00 PM,Work is in progress.,Not Available,01,QI,33,VILLA PARK,07/31/2026 08:43:39 AM,2026-07-31T10:48:39,0:active,2026-07-31T17:52:11Z
136307252,800552216,active,ACTIVE,,0,Pole Upgrade,,Unincorporated Area,ORANGE,92821,33.94641754064117,-117.8622587823838,2026-07-31T07:00:00Z,07/31/2026 02:00:00 PM,Work is in progress.,Enhancing Reliability,18,PO,48,VILLA PARK,07/31/2026 07:10:18 AM,2026-07-31T10:48:39,0:active,2026-07-31T17:52:11Z
136299437,800551907,active,ACTIVE,,2,Cable Upgrade,,SANTA ANA,ORANGE,92705,33.7699450000988,-117.83770748520732,2026-07-31T08:00:00Z,07/31/2026 02:00:00 PM,Work is in progress.,Enhancing Reliability,18,PO,29,VILLA PARK,07/31/2026 08:43:43 AM,2026-07-31T10:48:39,0:active,2026-07-31T17:52:11Z
136241459,800547314,active,ACTIVE,,27,Upgrading Equipment,,WESTMINSTER,ORANGE,92683,33.74966140602627,-117.97001169083246,2026-07-31T09:53:57Z,07/31/2026 11:00:00 AM,Work is in progress.,Enhancing Reliability,14,PO,33,VILLA PARK,07/31/2026 09:54:35 AM,2026-07-31T10:48:39,0:active,2026-07-31T17:52:11Z
136358207,800556218,active,ACTIVE,,17,Equipment Problems,,BUENA PARK,ORANGE,90620,33.842563363756994,-117.98882721347881,2026-07-31T10:25:02Z,07/31/2026 02:00:00 PM,Work is in progress.,Not Available,01,QI,48,VILLA PARK,07/31/2026 10:36:36 AM,2026-07-31T10:48:40,0:active,2026-07-31T17:52:11Z
136355042,800556092,active,ACTIVE,,164,Equipment Problems,,TUSTIN,ORANGE,92782,33.731137031355516,-117.80241653685673,2026-07-30T19:31:20Z,Most up by 07/31/2026 10:15:00 AM,We have identified the problem and are working to restore your service.,Not Available,01,Not Available,29,VILLA PARK,07/31/2026 08:57:24 AM,2026-07-31T10:48:40,0:active,2026-07-31T17:52:11Z
136299616,800551853,active,ACTIVE,,15,Pole Upgrade,,WESTMINSTER,ORANGE,92683,33.7644827983857,-117.98369088743272,2026-07-31T08:00:00Z,07/31/2026 02:00:00 PM,Work is in progress.,Enhancing Reliability,18,PO,33,VILLA PARK,07/31/2026 08:32:08 AM,2026-07-31T10:48:40,0:active,2026-07-31T17:52:11Z
136299645,800551912,active,ACTIVE,,37,Upgrading Equipment,,BUENA PARK,ORANGE,90620,33.842134930990134,-117.98795291824709,2026-07-31T09:31:56Z,07/31/2026 02:00:00 PM,Work is in progress.,Enhancing Reliability,06,PO,48,VILLA PARK,07/31/2026 10:26:46 AM,2026-07-31T10:48:40,0:active,2026-07-31T17:52:11Z
136323151,800553664,active,ACTIVE,,78,Cable Upgrade,,ORANGE,ORANGE,92868,33.78277861094688,-117.87293439625456,2026-07-31T09:55:03Z,07/31/2026 02:00:00 PM,Work is in progress.,Enhancing Reliability,06,PO,29,VILLA PARK,07/31/2026 09:55:30 AM,2026-07-31T10:48:40,0:active,2026-07-31T17:52:11Z
136328621,800554131,scheduled,ACTIVE,S,85,Pole Upgrade,,GARDEN GROVE,ORANGE,92845,33.79046523974237,-118.02373298579515,2026-08-05T08:00:00Z,08/05/2026 03:00:00 PM,Work is in progress.,Enhancing Reliability,18,PO,29,VILLA PARK,07/25/2026 09:00:55 AM,2026-07-31T10:48:38,1:scheduled,2026-07-31T17:52:11Z
136349614,800555694,scheduled,ACTIVE,S,3,Upgrading Equipment,,COSTA MESA,ORANGE,92626,33.67372071069094,-117.87769470459074,2026-08-09T09:00:00Z,08/09/2026 02:00:00 PM,Work is in progress.,Enhancing Reliability,06,PO,33,ELLIS,07/29/2026 05:14:57 PM,2026-07-31T10:48:38,1:scheduled,2026-07-31T17:52:11Z
136338444,800554634,scheduled,ACTIVE,S,2,Upgrading Equipment,,BUENA PARK,ORANGE,90620,33.844417238492426,-118.02877105052218,2026-08-06T08:00:00Z,08/06/2026 06:30:00 PM,Work is in progress.,Enhancing Reliability,06,PO,48,VILLA PARK,07/27/2026 01:18:15 PM,2026-07-31T10:48:38,1:scheduled,2026-07-31T17:52:11Z
136242596,800547299,scheduled,ACTIVE,S,19,Upgrading Equipment,,WESTMINSTER,ORANGE,92683,33.771567700429756,-118.03849159175257,2026-07-31T12:00:00Z,07/31/2026 03:00:00 PM,Work is in progress.,Enhancing Reliability,14,PO,33,VILLA PARK,07/15/2026 08:35:41 AM,2026-07-31T10:48:38,1:scheduled,2026-07-31T17:52:11Z
136325466,800553838,scheduled,ACTIVE,S,82,Pole Upgrade,,CYPRESS,ORANGE,90630,33.80789051663639,-118.0121504382034,2026-08-04T09:00:00Z,08/04/2026 05:00:00 PM,Work is in progress.,Enhancing Reliability,06,PO,48,VILLA PARK,07/24/2026 05:34:48 PM,2026-07-31T10:48:38,1:scheduled,2026-07-31T17:52:11Z
136349634,800555555,scheduled,ACTIVE,S,683,Cable Upgrade,,LAGUNA WOODS,ORANGE,92653,33.611945597099144,-117.74979828951963,2026-08-10T08:00:00Z,08/10/2026 04:00:00 PM,Work is in progress.,Enhancing Reliability,18,PO,43,ELLIS,07/29/2026 05:27:11 PM,2026-07-31T10:48:38,1:scheduled,2026-07-31T17:52:11Z
136342059,800554995,scheduled,ACTIVE,S,40,Transformer Upgrade,,LA HABRA,ORANGE,90631,33.91164040097648,-117.95636194010892,2026-08-06T12:00:00Z,08/06/2026 03:30:00 PM,Work is in progress.,Enhancing Reliability,18,PO,48,VILLA PARK,07/28/2026 10:03:37 AM,2026-07-31T10:48:38,1:scheduled,2026-07-31T17:52:11Z
136349334,800555649,scheduled,ACTIVE,S,50,Transformer Upgrade,,SEAL BEACH,ORANGE,90740,33.767011407533914,-118.08291207880981,2026-08-10T09:00:00Z,08/10/2026 03:00:00 PM,Work is in progress.,Enhancing Reliability,06,PO,46,LIGHTHIPE,07/29/2026 04:02:37 PM,2026-07-31T10:48:38,1:scheduled,2026-07-31T17:52:11Z
136328219,800553998,scheduled,ACTIVE,S,14,Upgrading Equipment,,WESTMINSTER,ORANGE,92683,33.739953083000664,-118.0056591850109,2026-08-04T12:30:00Z,08/04/2026 03:00:00 PM,Work is in progress.,Enhancing Reliability,06,PO,33,VILLA PARK,07/25/2026 06:24:54 AM,2026-07-31T10:48:38,1:scheduled,2026-07-31T17:52:11Z
136344209,800555175,scheduled,ACTIVE,S,422,Upgrading Equipment,,YORBA LINDA,ORANGE,92886,33.90556745773305,-117.82947551169154,2026-08-07T09:00:00Z,08/07/2026 04:00:00 PM,Work is in progress.,Enhancing Reliability,06,PO,48,VILLA PARK,07/28/2026 05:14:40 PM,2026-07-31T10:48:38,1:scheduled,2026-07-31T17:52:11Z
136344160,800555188,scheduled,ACTIVE,S,2,Transformer Upgrade,,YORBA LINDA,ORANGE,92886,33.89010941744791,-117.81317064102544,2026-08-07T21:00:00Z,08/08/2026 01:00:00 AM,Work is in progress.,Enhancing Reliability,18,PO,48,VILLA PARK,07/28/2026 05:00:51 PM,2026-07-31T10:48:38,1:scheduled,2026-07-31T17:52:11Z
136341822,800555067,scheduled,ACTIVE,S,260,Pole Upgrade,,BUENA PARK,ORANGE,90621,33.863173367163085,-118.00968912349519,2026-08-06T09:00:00Z,08/06/2026 05:00:00 PM,Work is in progress.,Enhancing Reliability,06,PO,48,VILLA PARK,07/28/2026 09:22:49 AM,2026-07-31T10:48:38,1:scheduled,2026-07-31T17:52:11Z
136321088,800553546,scheduled,ACTIVE,S,37,Upgrading Equipment,,NEWPORT BEACH,ORANGE,92660,33.62521740647028,-117.90241094952137,2026-08-03T09:00:00Z,08/03/2026 01:00:00 PM,Work is in progress.,Enhancing Reliability,06,PO,33,ELLIS,07/23/2026 02:39:40 PM,2026-07-31T10:48:38,1:scheduled,2026-07-31T17:52:11Z
136325450,800553945,scheduled,ACTIVE,S,255,Pole Upgrade,,SANTA ANA,ORANGE,92703,33.73575467708588,-117.88853505511156,2026-08-04T08:00:00Z,08/04/2026 04:00:00 PM,Work is in progress.,Enhancing Reliability,18,PO,29,ELLIS,07/24/2026 05:30:21 PM,2026-07-31T10:48:38,1:scheduled,2026-07-31T17:52:11Z
136320896,800553505,scheduled,ACTIVE,S,0,Upgrading Equipment,,WESTMINSTER,ORANGE,92683,33.749448618087676,-117.99983447996259,2026-08-02T09:00:00Z,08/02/2026 02:00:00 PM,Work is in progress.,Enhancing Reliability,06,PO,33,VILLA PARK,07/23/2026 01:07:58 PM,2026-07-31T10:48:38,1:scheduled,2026-07-31T17:52:11Z
136323256,800553724,scheduled,ACTIVE,S,2,Upgrading Equipment,,GARDEN GROVE,ORANGE,92841,33.78998494280542,-118.00362214640799,2026-08-03T21:00:00Z,08/04/2026 02:00:00 AM,Work is in progress.,Enhancing Reliability,18,PO,29,VILLA PARK,07/24/2026 08:01:44 AM,2026-07-31T10:48:38,1:scheduled,2026-07-31T17:52:11Z
136299764,800551857,scheduled,ACTIVE,S,140,Transformer Upgrade,,SANTA ANA,ORANGE,92707,33.70141981640157,-117.86952971395411,2026-07-31T15:00:00Z,07/31/2026 07:00:00 PM,Work is in progress.,Enhancing Reliability,18,PO,29,ELLIS,07/18/2026 09:16:26 AM,2026-07-31T10:48:38,1:scheduled,2026-07-31T17:52:11Z
136328278,800554104,scheduled,ACTIVE,S,14,Upgrading Equipment,,FOUNTAIN VALLEY,ORANGE,92708,33.72696062563959,-117.93293490337513,2026-08-05T12:30:00Z,08/05/2026 03:00:00 PM,Work is in progress.,Enhancing Reliability,06,PO,33,ELLIS,07/25/2026 07:15:24 AM,2026-07-31T10:48:38,1:scheduled,2026-07-31T17:52:11Z
136343941,800555229,scheduled,ACTIVE,S,18,Upgrading Equipment,,FOUNTAIN VALLEY,ORANGE,92708,33.71635934366413,-117.97090804868756,2026-08-07T01:00:00Z,08/07/2026 06:30:00 AM,Work is in progress.,Enhancing Reliability,06,PO,33,ELLIS,07/28/2026 04:10:03 PM,2026-07-31T10:48:39,1:scheduled,2026-07-31T17:52:11Z
136300596,800551967,scheduled,ACTIVE,S,154,Upgrading Equipment,,HUNTINGTON BEACH,ORANGE,92646,33.66020883706171,-117.98387145778797,2026-08-03T09:00:00Z,08/03/2026 03:00:00 PM,Work is in progress.,Enhancing Reliability,06,PO,33,ELLIS,07/18/2026 12:22:20 PM,2026-07-31T10:48:39,1:scheduled,2026-07-31T17:52:11Z
136325479,800553946,scheduled,ACTIVE,S,21,Upgrading Equipment,,SANTA ANA,ORANGE,92704,33.71986341946297,-117.90632149831112,2026-08-04T09:00:00Z,08/04/2026 04:00:00 PM,Work is in progress.,Enhancing Reliability,06,PO,29,ELLIS,07/24/2026 05:37:48 PM,2026-07-31T10:48:39,1:scheduled,2026-07-31T17:52:11Z
136328682,800554187,scheduled,ACTIVE,S,1,Transformer Upgrade,,IRVINE,ORANGE,92618,33.66578857424019,-117.78764009484934,2026-08-05T13:00:00Z,08/05/2026 03:30:00 PM,Work is in progress.,Enhancing Reliability,18,PO,43,ELLIS,07/25/2026 09:16:04 AM,2026-07-31T10:48:39,1:scheduled,2026-07-31T17:52:11Z
136328262,800554029,scheduled,ACTIVE,S,7,Upgrading Equipment,,NEWPORT BEACH,ORANGE,92660,33.624375507748,-117.86575921521208,2026-08-05T12:30:00Z,08/05/2026 03:30:00 PM,Work is in progress.,Enhancing Reliability,06,PO,33,ELLIS,07/25/2026 07:02:21 AM,2026-07-31T10:48:39,1:scheduled,2026-07-31T17:52:11Z
136328225,800554063,scheduled,ACTIVE,S,23,Transformer Upgrade,,PLACENTIA,ORANGE,92870,33.86854751212615,-117.83149968462294,2026-08-05T08:00:00Z,08/05/2026 11:00:00 AM,Work is in progress.,Enhancing Reliability,18,PO,48,VILLA PARK,07/25/2026 06:38:29 AM,2026-07-31T10:48:39,1:scheduled,2026-07-31T17:52:11Z
136299776,800551892,scheduled,ACTIVE,S,2,Upgrading Equipment,,IRVINE,ORANGE,92614,33.69546016531424,-117.86171221951717,2026-08-01T08:00:00Z,08/01/2026 03:00:00 PM,Work is in progress.,Enhancing Reliability,06,PO,43,ELLIS,07/18/2026 09:19:22 AM,2026-07-31T10:48:39,1:scheduled,2026-07-31T17:52:11Z
136323196,800553592,scheduled,ACTIVE,S,5,Upgrading Equipment,,ORANGE,ORANGE,92868,33.78535590141055,-117.88948426534641,2026-08-03T19:30:00Z,08/03/2026 10:30:00 PM,Work is in progress.,Enhancing Reliability,06,PO,29,VILLA PARK,07/24/2026 07:23:04 AM,2026-07-31T10:48:39,1:scheduled,2026-07-31T17:52:11Z
136344234,800555190,scheduled,ACTIVE,S,26,Transformer Upgrade,,HUNTINGTON BEACH,ORANGE,92649,33.71257129896257,-118.04486712846176,2026-08-07T09:00:00Z,08/07/2026 01:00:00 PM,Work is in progress.,Enhancing Reliability,06,PO,33,VILLA PARK,07/28/2026 05:21:35 PM,2026-07-31T10:48:39,1:scheduled,2026-07-31T17:52:11Z
136353384,800555945,scheduled,ACTIVE,S,1,Upgrading Equipment,,FULLERTON,ORANGE,92833,33.888107206510846,-117.9425668886848,2026-08-10T09:00:00Z,08/10/2026 04:00:00 PM,Work is in progress.,Enhancing Reliability,06,PO,48,VILLA PARK,07/30/2026 12:00:30 PM,2026-07-31T10:48:39,1:scheduled,2026-07-31T17:52:11Z
136312665,800552686,scheduled,ACTIVE,S,104,Cable Upgrade,,BUENA PARK,ORANGE,90620,33.83989924092641,-117.99520550352433,2026-07-31T23:00:00Z,08/01/2026 06:30:00 AM,Work is in progress.,Enhancing Reliability,18,PO,48,VILLA PARK,07/21/2026 06:22:54 PM,2026-07-31T10:48:39,1:scheduled,2026-07-31T17:52:11Z
136328212,800554009,scheduled,ACTIVE,S,11,Upgrading Equipment,,NEWPORT BEACH,ORANGE,92625,33.60526308124897,-117.87043538464377,2026-08-04T12:30:00Z,08/04/2026 03:30:00 PM,Work is in progress.,Enhancing Reliability,06,PO,33,ELLIS,07/25/2026 06:14:34 AM,2026-07-31T10:48:39,1:scheduled,2026-07-31T17:52:11Z
136344144,800555212,scheduled,ACTIVE,S,57,Upgrading Equipment,,SANTA ANA,ORANGE,92706,33.77602338557146,-117.87228656630596,2026-08-07T21:00:00Z,08/08/2026 01:00:00 AM,Work is in progress.,Enhancing Reliability,18,PO,29,VILLA PARK,07/28/2026 04:57:20 PM,2026-07-31T10:48:39,1:scheduled,2026-07-31T17:52:11Z
136349469,800555690,scheduled,ACTIVE,S,73,Upgrading Equipment,,IRVINE,ORANGE,92602,33.721583272467036,-117.79086433615191,2026-08-08T08:00:00Z,08/08/2026 03:00:00 PM,Work is in progress.,Enhancing Reliability,06,PO,43,ELLIS,07/29/2026 04:50:24 PM,2026-07-31T10:48:39,1:scheduled,2026-07-31T17:52:11Z
136300609,800551954,scheduled,ACTIVE,S,53,Upgrading Equipment,,GARDEN GROVE,ORANGE,92845,33.77716562060776,-118.0391821285081,2026-08-03T08:00:00Z,08/03/2026 03:00:00 PM,Work is in progress.,Enhancing Reliability,18,PO,29,VILLA PARK,07/18/2026 12:28:21 PM,2026-07-31T10:48:39,1:scheduled,2026-07-31T17:52:11Z
136352829,800555816,scheduled,ACTIVE,S,1,Upgrading Equipment,,NEWPORT BEACH,ORANGE,92660,33.642453590215105,-117.8671645773718,2026-08-10T09:00:00Z,08/10/2026 11:00:00 AM,Work is in progress.,Enhancing Reliability,06,PO,33,ELLIS,07/30/2026 09:43:27 AM,2026-07-31T10:48:39,1:scheduled,2026-07-31T17:52:11Z
136344187,800555283,scheduled,ACTIVE,S,129,Upgrading Equipment,,SANTA ANA,ORANGE,92704,33.69767167739644,-117.89472893180906,2026-08-07T09:00:00Z,08/07/2026 03:00:00 PM,Work is in progress.,Enhancing Reliability,06,PO,29,ELLIS,07/28/2026 05:06:19 PM,2026-07-31T10:48:39,1:scheduled,2026-07-31T17:52:11Z
136325568,800553872,scheduled,ACTIVE,S,38,Upgrading Equipment,,SEAL BEACH,ORANGE,90740,33.76137699286526,-118.07824576928665,2026-08-06T22:00:00Z,08/07/2026 04:00:00 AM,Work is in progress.,Enhancing Reliability,06,PO,46,LIGHTHIPE,07/24/2026 06:06:18 PM,2026-07-31T10:48:39,1:scheduled,2026-07-31T17:52:11Z
136344072,800555281,scheduled,ACTIVE,S,35,Upgrading Equipment,,FULLERTON,ORANGE,92833,33.893933899114494,-117.94847005797993,2026-08-07T09:00:00Z,08/07/2026 04:00:00 PM,Work is in progress.,Enhancing Reliability,06,PO,48,VILLA PARK,07/28/2026 04:45:16 PM,2026-07-31T10:48:39,1:scheduled,2026-07-31T17:52:11Z
136320552,800553404,scheduled,ACTIVE,S,1,Upgrading Equipment,,YORBA LINDA,ORANGE,92886,33.89045614673738,-117.8140498689064,2026-08-01T09:00:00Z,08/01/2026 04:00:00 PM,Work is in progress.,Enhancing Reliability,06,PO,48,VILLA PARK,07/23/2026 11:20:25 AM,2026-07-31T10:48:39,1:scheduled,2026-07-31T17:52:11Z
136349441,800555667,scheduled,ACTIVE,S,46,Pole Upgrade,,SANTA ANA,ORANGE,92705,33.76636762126047,-117.83401994767839,2026-08-06T08:00:00Z,08/06/2026 04:00:00 PM,Work is in progress.,Enhancing Reliability,18,PO,29,VILLA PARK,07/29/2026 04:40:51 PM,2026-07-31T10:48:39,1:scheduled,2026-07-31T17:52:11Z
136325493,800553925,scheduled,ACTIVE,S,50,Pole Upgrade,,BUENA PARK,ORANGE,90620,33.849827912440766,-118.01056164275762,2026-08-03T21:00:00Z,08/04/2026 03:00:00 AM,Work is in progress.,Enhancing Reliability,18,PO,48,VILLA PARK,07/24/2026 05:43:40 PM,2026-07-31T10:48:39,1:scheduled,2026-07-31T17:52:11Z
136353674,800555948,scheduled,ACTIVE,S,99,Upgrading Equipment,,HUNTINGTON BEACH,ORANGE,92646,33.65288831220681,-117.97839513108494,2026-08-10T10:00:00Z,08/10/2026 02:00:00 PM,Work is in progress.,Enhancing Reliability,06,PO,33,ELLIS,07/30/2026 01:23:52 PM,2026-07-31T10:48:39,1:scheduled,2026-07-31T17:52:11Z
136317762,800553148,scheduled,ACTIVE,S,1,Upgrading Equipment,,STANTON,ORANGE,90680,33.80673802799463,-117.99066679699234,2026-08-03T07:30:00Z,08/03/2026 04:00:00 PM,Work is in progress.,Enhancing Reliability,06,PO,48,VILLA PARK,07/22/2026 04:34:13 PM,2026-07-31T10:48:39,1:scheduled,2026-07-31T17:52:11Z
136349055,800555684,scheduled,ACTIVE,S,0,Upgrading Equipment,,GARDEN GROVE,ORANGE,92841,33.79803057129434,-118.00328413192616,2026-07-31T23:00:00Z,08/01/2026 05:00:00 AM,Work is in progress.,Enhancing Reliability,06,PO,29,VILLA PARK,07/29/2026 02:59:43 PM,2026-07-31T10:48:39,1:scheduled,2026-07-31T17:52:11Z
136321999,800553511,scheduled,ACTIVE,S,27,Upgrading Equipment,,SANTA ANA,ORANGE,92706,33.75645897470706,-117.87065672413988,2026-08-03T09:00:00Z,08/03/2026 01:00:00 PM,Work is in progress.,Enhancing Reliability,06,PO,29,VILLA PARK,07/23/2026 02:58:22 PM,2026-07-31T10:48:39,1:scheduled,2026-07-31T17:52:11Z
136338482,800554698,scheduled,ACTIVE,S,147,Upgrading Equipment,,LA HABRA,ORANGE,90631,33.927265495117354,-117.95696260042027,2026-08-06T09:00:00Z,08/06/2026 03:00:00 PM,Work is in progress.,Enhancing Reliability,06,PO,48,VILLA PARK,07/27/2026 01:25:25 PM,2026-07-31T10:48:39,1:scheduled,2026-07-31T17:52:11Z
136339649,800554769,scheduled,ACTIVE,S,7,Upgrading Equipment,,GARDEN GROVE,ORANGE,92843,33.749844315766424,-117.94242823911058,2026-08-05T08:00:00Z,08/05/2026 03:00:00 PM,Work is in progress.,Enhancing Reliability,18,PO,29,VILLA PARK,07/27/2026 06:19:34 PM,2026-07-31T10:48:39,1:scheduled,2026-07-31T17:52:11Z
136349519,800555576,scheduled,ACTIVE,S,597,Upgrading Equipment,,IRVINE,ORANGE,92612,33.649538041391374,-117.82562273984588,2026-08-08T08:30:00Z,08/08/2026 06:30:00 PM,Work is in progress.,Enhancing Reliability,06,PO,43,ELLIS,07/29/2026 05:05:41 PM,2026-07-31T10:48:39,1:scheduled,2026-07-31T17:52:11Z
136352910,800555779,scheduled,ACTIVE,S,76,Upgrading Equipment,,COSTA MESA,ORANGE,92627,33.65240982993159,-117.90422650849096,2026-08-10T09:00:00Z,08/10/2026 10:30:00 AM,Work is in progress.,Enhancing Reliability,06,PO,33,ELLIS,07/30/2026 10:12:24 AM,2026-07-31T10:48:39,1:scheduled,2026-07-31T17:52:11Z
136344194,800555174,scheduled,ACTIVE,S,144,Transformer Upgrade,,NEWPORT BEACH,ORANGE,92663,33.625672060389086,-117.91075116913056,2026-08-07T09:30:00Z,08/07/2026 02:00:00 PM,Work is in progress.,Enhancing Reliability,06,PO,33,ELLIS,07/28/2026 05:08:44 PM,2026-07-31T10:48:39,1:scheduled,2026-07-31T17:52:11Z
136344210,800555320,scheduled,ACTIVE,S,2,Cable Upgrade,,HUNTINGTON BEACH,ORANGE,92647,33.745144378034986,-118.02638770598739,2026-08-08T07:30:00Z,08/08/2026 01:00:00 PM,Work is in progress.,Enhancing Reliability,06,PO,33,VILLA PARK,07/28/2026 05:15:49 PM,2026-07-31T10:48:39,1:scheduled,2026-07-31T17:52:11Z
136325503,800553980,scheduled,ACTIVE,S,263,Upgrading Equipment,,LAGUNA WOODS,ORANGE,92653,33.610430650505194,-117.73919787272297,2026-08-07T01:30:00Z,08/07/2026 06:30:00 AM,Work is in progress.,Enhancing Reliability,14,PO,43,ELLIS,07/31/2026 09:29:56 AM,2026-07-31T10:48:40,1:scheduled,2026-07-31T17:52:11Z
136317790,800553164,scheduled,ACTIVE,S,3,Cable Upgrade,,NEWPORT BEACH,ORANGE,92660,33.61996203915341,-117.87813627865516,2026-08-01T09:00:00Z,08/01/2026 12:00:00 PM,Work is in progress.,Enhancing Reliability,06,PO,33,ELLIS,07/22/2026 04:43:11 PM,2026-07-31T10:48:40,1:scheduled,2026-07-31T17:52:11Z
136328601,800554200,scheduled,ACTIVE,S,162,Pole Upgrade,,ORANGE,ORANGE,92867,33.81202505311741,-117.8332468234089,2026-08-04T21:00:00Z,08/05/2026 03:00:00 AM,Work is in progress.,Enhancing Reliability,18,PO,29,VILLA PARK,07/25/2026 08:52:04 AM,2026-07-31T10:48:40,1:scheduled,2026-07-31T17:52:11Z
136354456,800556070,scheduled,ACTIVE,S,70,Pole Upgrade,,ORANGE,ORANGE,92866,33.78533883232527,-117.84528135833582,2026-08-10T09:30:00Z,08/10/2026 04:00:00 PM,Work is in progress.,Enhancing Reliability,18,PO,29,VILLA PARK,07/30/2026 04:30:53 PM,2026-07-31T10:48:40,1:scheduled,2026-07-31T17:52:11Z
136325519,800553981,scheduled,ACTIVE,S,49,Upgrading Equipment,,SEAL BEACH,ORANGE,90740,33.77557886786111,-118.05643328359616,2026-08-04T12:00:00Z,08/04/2026 02:30:00 PM,Work is in progress.,Enhancing Reliability,06,PO,33,VILLA PARK,07/24/2026 05:49:24 PM,2026-07-31T10:48:40,1:scheduled,2026-07-31T17:52:11Z
136343047,800555116,scheduled,ACTIVE,S,15,Upgrading Equipment,,GARDEN GROVE,ORANGE,92844,33.76879410347582,-117.98274719734526,2026-08-03T08:00:00Z,08/03/2026 12:00:00 PM,Work is in progress.,Enhancing Reliability,18,PO,29,VILLA PARK,07/28/2026 01:25:24 PM,2026-07-31T10:48:40,1:scheduled,2026-07-31T17:52:11Z
136349254,800555574,scheduled,ACTIVE,S,429,Upgrading Equipment,,SANTA ANA,ORANGE,92706,33.7711192713363,-117.90317429383236,2026-08-06T00:30:00Z,08/06/2026 04:30:00 AM,Work is in progress.,Enhancing Reliability,06,PO,29,ELLIS,07/29/2026 03:42:09 PM,2026-07-31T10:48:40,1:scheduled,2026-07-31T17:52:11Z
136300584,800551988,scheduled,ACTIVE,S,6,Upgrading Equipment,,HUNTINGTON BEACH,ORANGE,92646,33.676494833623565,-117.97935198508455,2026-08-03T09:00:00Z,08/03/2026 11:00:00 AM,Work is in progress.,Enhancing Reliability,06,PO,33,ELLIS,07/18/2026 12:18:16 PM,2026-07-31T10:48:40,1:scheduled,2026-07-31T17:52:11Z
136308499,800552433,scheduled,ACTIVE,S,17,Upgrading Equipment,,FOUNTAIN VALLEY,ORANGE,92708,33.69642259671888,-117.94917739592623,2026-08-04T12:00:00Z,08/04/2026 03:00:00 PM,Work is in progress.,Enhancing Reliability,06,PO,33,ELLIS,07/20/2026 03:35:16 PM,2026-07-31T10:48:40,1:scheduled,2026-07-31T17:52:11Z
136342301,800554997,scheduled,ACTIVE,S,290,Transformer Upgrade,,LA HABRA,ORANGE,90631,33.92076994554213,-117.96099085995333,2026-08-07T08:30:00Z,08/07/2026 02:00:00 PM,Work is in progress.,Enhancing Reliability,18,PO,48,VILLA PARK,07/28/2026 10:57:55 AM,2026-07-31T10:48:40,1:scheduled,2026-07-31T17:52:11Z
136344200,800555264,scheduled,ACTIVE,S,32,Upgrading Equipment,,WESTMINSTER,ORANGE,92683,33.76958493832515,-118.01762283298045,2026-08-07T09:00:00Z,08/07/2026 11:00:00 AM,Work is in progress.,Enhancing Reliability,06,PO,33,VILLA PARK,07/28/2026 05:11:32 PM,2026-07-31T10:48:40,1:scheduled,2026-07-31T17:52:11Z
136252024,800548096,scheduled,ACTIVE,S,26,Upgrading Equipment,,LA HABRA,ORANGE,90631,33.92089369520579,-117.94329266994217,2026-08-02T09:00:00Z,08/02/2026 04:00:00 PM,Work is in progress.,Enhancing Reliability,14,PO,48,VILLA PARK,07/15/2026 07:13:18 AM,2026-07-31T10:48:40,1:scheduled,2026-07-31T17:52:11Z
136352384,800555846,scheduled,ACTIVE,S,55,Pole Upgrade,,WESTMINSTER,ORANGE,92683,33.762467234370995,-117.98723444298787,2026-08-05T08:30:00Z,08/05/2026 04:00:00 PM,Work is in progress.,Enhancing Reliability,18,PO,33,VILLA PARK,07/30/2026 08:17:53 AM,2026-07-31T10:48:40,1:scheduled,2026-07-31T17:52:11Z
136261877,800548814,scheduled,ACTIVE,S,12,Pole Upgrade,,WESTMINSTER,ORANGE,92683,33.76554349784408,-117.9843480023681,2026-08-06T08:00:00Z,08/06/2026 05:00:00 PM,Work is in progress.,Enhancing Reliability,20,PO,33,VILLA PARK,07/20/2026 03:32:01 PM,2026-07-31T10:48:40,1:scheduled,2026-07-31T17:52:11Z
136328339,800554105,scheduled,ACTIVE,S,11,Pole Upgrade,,HUNTINGTON BEACH,ORANGE,92647,33.736585786301454,-118.02033276901996,2026-08-06T09:00:00Z,08/06/2026 04:00:00 PM,Work is in progress.,Enhancing Reliability,06,PO,33,VILLA PARK,07/25/2026 07:27:39 AM,2026-07-31T10:48:40,1:scheduled,2026-07-31T17:52:11Z
136321052,800553448,scheduled,ACTIVE,S,683,Upgrading Equipment,,LAGUNA WOODS,ORANGE,92653,33.611945597099144,-117.74979828951963,2026-08-03T08:00:00Z,08/03/2026 04:00:00 PM,Work is in progress.,Enhancing Reliability,18,PO,43,ELLIS,07/23/2026 02:16:48 PM,2026-07-31T10:48:40,1:scheduled,2026-07-31T17:52:11Z
136344182,800555282,scheduled,ACTIVE,S,8,Upgrading Equipment,,TUSTIN,ORANGE,92782,33.728907205798784,-117.79699471723016,2026-08-07T21:00:00Z,08/08/2026 04:30:00 AM,Work is in progress.,Enhancing Reliability,06,PO,29,VILLA PARK,07/28/2026 05:05:43 PM,2026-07-31T10:48:40,1:scheduled,2026-07-31T17:52:11Z
136328244,800553855,scheduled,ACTIVE,S,9,Upgrading Equipment,,NEWPORT BEACH,ORANGE,92625,33.598499397038275,-117.85953968712164,2026-08-05T12:30:00Z,08/05/2026 03:30:00 PM,Work is in progress.,Enhancing Reliability,06,PO,33,ELLIS,07/25/2026 06:50:24 AM,2026-07-31T10:48:40,1:scheduled,2026-07-31T17:52:11Z
136344245,800555284,scheduled,ACTIVE,S,169,Upgrading Equipment,,SANTA ANA,ORANGE,92706,33.775375498178704,-117.87137163398573,2026-08-08T01:00:00Z,08/08/2026 04:00:00 AM,Work is in progress.,Enhancing Reliability,18,PO,29,VILLA PARK,07/28/2026 05:25:53 PM,2026-07-31T10:48:40,1:scheduled,2026-07-31T17:52:11Z
136328723,800554051,scheduled,ACTIVE,S,4,Upgrading Equipment,,NEWPORT BEACH,ORANGE,92660,33.6158775861818,-117.86826329960927,2026-08-06T01:30:00Z,08/06/2026 07:00:00 AM,Work is in progress.,Enhancing Reliability,06,PO,33,ELLIS,07/25/2026 09:30:21 AM,2026-07-31T10:48:40,1:scheduled,2026-07-31T17:52:11Z
136328164,800553974,scheduled,ACTIVE,S,60,Upgrading Equipment,,LOS ALAMITOS,ORANGE,90720,33.79085931464146,-118.07062169111353,2026-08-07T09:00:00Z,08/07/2026 04:00:00 PM,Work is in progress.,Enhancing Reliability,06,PO,46,LIGHTHIPE,07/25/2026 05:24:15 AM,2026-07-31T10:48:40,1:scheduled,2026-07-31T17:52:11Z
136352855,800555798,scheduled,ACTIVE,S,1,Cable Upgrade,,SANTA ANA,ORANGE,92706,33.768883694986954,-117.88432675433098,2026-08-10T09:00:00Z,08/10/2026 02:00:00 PM,Work is in progress.,Enhancing Reliability,06,PO,29,ELLIS,07/30/2026 09:52:57 AM,2026-07-31T10:48:40,1:scheduled,2026-07-31T17:52:11Z
136323433,800553612,scheduled,ACTIVE,S,255,Upgrading Equipment,,SANTA ANA,ORANGE,92703,33.73575467708588,-117.88853505511156,2026-08-04T22:00:00Z,08/05/2026 04:30:00 AM,Work is in progress.,Enhancing Reliability,06,PO,29,ELLIS,07/24/2026 08:41:28 AM,2026-07-31T10:48:40,1:scheduled,2026-07-31T17:52:11Z
136299596,800551797,active,ACTIVE,,12,Pole Upgrade,,WESTMINSTER,ORANGE,92683,33.76554349784408,-117.9843480023681,2026-07-31T08:00:00Z,07/31/2026 04:00:00 PM,Work is in progress.,Enhancing Reliability,18,PO,33,VILLA PARK,07/31/2026 08:33:51 AM,2026-07-31T10:58:39,0:active,2026-07-31T18:07:13Z
136299651,800551926,active,ACTIVE,,0,Transformer Upgrade,,FULLERTON,ORANGE,92831,33.859515074077976,-117.89506923699487,2026-07-31T09:00:00Z,07/31/2026 04:00:00 PM,Work is in progress.,Enhancing Reliability,06,PO,48,VILLA PARK,07/31/2026 10:05:44 AM,2026-07-31T10:58:39,0:active,2026-07-31T18:07:13Z
136299635,800551831,active,ACTIVE,,6,Upgrading Equipment,,TUSTIN FOOTHILLS,ORANGE,92780,33.75130155655582,-117.8133188154366,2026-07-31T08:00:00Z,07/31/2026 11:00:00 AM,Work is in progress.,Enhancing Reliability,18,PO,29,VILLA PARK,07/31/2026 10:02:15 AM,2026-07-31T10:58:39,0:active,2026-07-31T18:07:13Z
136312619,800552685,active,ACTIVE,,101,Upgrading Equipment,,GARDEN GROVE,ORANGE,92845,33.78216508806161,-118.03881183306652,2026-07-31T09:16:17Z,07/31/2026 04:00:00 PM,Work is in progress.,Enhancing Reliability,18,PO,29,VILLA PARK,07/31/2026 09:16:41 AM,2026-07-31T10:58:39,0:active,2026-07-31T18:07:13Z
136357539,800556235,active,ACTIVE,,1012,Analyzing Problem,,NEWPORT BEACH,ORANGE,92660,33.62721277509797,-117.89795885046425,2026-07-31T08:50:01Z,Not Available,We have notified our repair crews. ,Not Available,03,Not Available,33,ELLIS,07/31/2026 10:57:03 AM,2026-07-31T10:58:39,0:active,2026-07-31T18:07:13Z
136357417,800556234,active,ACTIVE,,8,Equipment Problems,,WESTMINSTER,ORANGE,92683,33.76589880017344,-117.98371584981783,2026-07-31T08:26:48Z,07/31/2026 02:00:00 PM,Work is in progress.,Not Available,01,QI,33,VILLA PARK,07/31/2026 08:43:39 AM,2026-07-31T10:58:39,0:active,2026-07-31T18:07:13Z
136307252,800552216,active,ACTIVE,,0,Pole Upgrade,,Unincorporated Area,ORANGE,92821,33.94641754064117,-117.8622587823838,2026-07-31T07:00:00Z,07/31/2026 02:00:00 PM,Work is in progress.,Enhancing Reliability,18,PO,48,VILLA PARK,07/31/2026 07:10:18 AM,2026-07-31T10:58:40,0:active,2026-07-31T18:07:13Z
136299437,800551907,active,ACTIVE,,2,Cable Upgrade,,SANTA ANA,ORANGE,92705,33.7699450000988,-117.83770748520732,2026-07-31T08:00:00Z,07/31/2026 02:00:00 PM,Work is in progress.,Enhancing Reliability,18,PO,29,VILLA PARK,07/31/2026 08:43:43 AM,2026-07-31T10:58:40,0:active,2026-07-31T18:07:13Z
136241459,800547314,active,ACTIVE,,27,Upgrading Equipment,,WESTMINSTER,ORANGE,92683,33.74966140602627,-117.97001169083246,2026-07-31T09:53:57Z,07/31/2026 11:00:00 AM,Work is in progress.,Enhancing Reliability,14,PO,33,VILLA PARK,07/31/2026 09:54:35 AM,2026-07-31T10:58:40,0:active,2026-07-31T18:07:13Z
136358207,800556218,active,ACTIVE,,17,Equipment Problems,,BUENA PARK,ORANGE,90620,33.842563363756994,-117.98882721347881,2026-07-31T10:25:02Z,07/31/2026 02:00:00 PM,Work is in progress.,Not Available,01,QI,48,VILLA PARK,07/31/2026 10:36:36 AM,2026-07-31T10:58:40,0:active,2026-07-31T18:07:13Z
136355042,800556092,active,ACTIVE,,164,Equipment Problems,,TUSTIN,ORANGE,92782,33.731137031355516,-117.80241653685673,2026-07-30T19:31:20Z,Most up by 07/31/2026 10:15:00 AM,We have identified the problem and are working to restore your service.,Not Available,01,Not Available,29,VILLA PARK,07/31/2026 08:57:24 AM,2026-07-31T10:58:41,0:active,2026-07-31T18:07:13Z
136299616,800551853,active,ACTIVE,,15,Pole Upgrade,,WESTMINSTER,ORANGE,92683,33.7644827983857,-117.98369088743272,2026-07-31T08:00:00Z,07/31/2026 02:00:00 PM,Work is in progress.,Enhancing Reliability,18,PO,33,VILLA PARK,07/31/2026 08:32:08 AM,2026-07-31T10:58:41,0:active,2026-07-31T18:07:13Z
136299645,800551912,active,ACTIVE,,37,Upgrading Equipment,,BUENA PARK,ORANGE,90620,33.842134930990134,-117.98795291824709,2026-07-31T09:31:56Z,07/31/2026 02:00:00 PM,Work is in progress.,Enhancing Reliability,06,PO,48,VILLA PARK,07/31/2026 10:26:46 AM,2026-07-31T10:58:41,0:active,2026-07-31T18:07:13Z
136323151,800553664,active,ACTIVE,,78,Cable Upgrade,,ORANGE,ORANGE,92868,33.78277861094688,-117.87293439625456,2026-07-31T09:55:03Z,07/31/2026 02:00:00 PM,Work is in progress.,Enhancing Reliability,06,PO,29,VILLA PARK,07/31/2026 09:55:30 AM,2026-07-31T10:58:41,0:active,2026-07-31T18:07:13Z
136328621,800554131,scheduled,ACTIVE,S,85,Pole Upgrade,,GARDEN GROVE,ORANGE,92845,33.79046523974237,-118.02373298579515,2026-08-05T08:00:00Z,08/05/2026 03:00:00 PM,Work is in progress.,Enhancing Reliability,18,PO,29,VILLA PARK,07/25/2026 09:00:55 AM,2026-07-31T10:58:38,1:scheduled,2026-07-31T18:07:13Z
136349614,800555694,scheduled,ACTIVE,S,3,Upgrading Equipment,,COSTA MESA,ORANGE,92626,33.67372071069094,-117.87769470459074,2026-08-09T09:00:00Z,08/09/2026 02:00:00 PM,Work is in progress.,Enhancing Reliability,06,PO,33,ELLIS,07/29/2026 05:14:57 PM,2026-07-31T10:58:38,1:scheduled,2026-07-31T18:07:13Z
136338444,800554634,scheduled,ACTIVE,S,2,Upgrading Equipment,,BUENA PARK,ORANGE,90620,33.844417238492426,-118.02877105052218,2026-08-06T08:00:00Z,08/06/2026 06:30:00 PM,Work is in progress.,Enhancing Reliability,06,PO,48,VILLA PARK,07/27/2026 01:18:15 PM,2026-07-31T10:58:39,1:scheduled,2026-07-31T18:07:13Z
136242596,800547299,scheduled,ACTIVE,S,19,Upgrading Equipment,,WESTMINSTER,ORANGE,92683,33.771567700429756,-118.03849159175257,2026-07-31T12:00:00Z,07/31/2026 03:00:00 PM,Work is in progress.,Enhancing Reliability,14,PO,33,VILLA PARK,07/15/2026 08:35:41 AM,2026-07-31T10:58:39,1:scheduled,2026-07-31T18:07:13Z
136325466,800553838,scheduled,ACTIVE,S,82,Pole Upgrade,,CYPRESS,ORANGE,90630,33.80789051663639,-118.0121504382034,2026-08-04T09:00:00Z,08/04/2026 05:00:00 PM,Work is in progress.,Enhancing Reliability,06,PO,48,VILLA PARK,07/24/2026 05:34:48 PM,2026-07-31T10:58:39,1:scheduled,2026-07-31T18:07:13Z
136349634,800555555,scheduled,ACTIVE,S,683,Cable Upgrade,,LAGUNA WOODS,ORANGE,92653,33.611945597099144,-117.74979828951963,2026-08-10T08:00:00Z,08/10/2026 04:00:00 PM,Work is in progress.,Enhancing Reliability,18,PO,43,ELLIS,07/29/2026 05:27:11 PM,2026-07-31T10:58:39,1:scheduled,2026-07-31T18:07:13Z
136342059,800554995,scheduled,ACTIVE,S,40,Transformer Upgrade,,LA HABRA,ORANGE,90631,33.91164040097648,-117.95636194010892,2026-08-06T12:00:00Z,08/06/2026 03:30:00 PM,Work is in progress.,Enhancing Reliability,18,PO,48,VILLA PARK,07/28/2026 10:03:37 AM,2026-07-31T10:58:39,1:scheduled,2026-07-31T18:07:13Z
136349334,800555649,scheduled,ACTIVE,S,50,Transformer Upgrade,,SEAL BEACH,ORANGE,90740,33.767011407533914,-118.08291207880981,2026-08-10T09:00:00Z,08/10/2026 03:00:00 PM,Work is in progress.,Enhancing Reliability,06,PO,46,LIGHTHIPE,07/29/2026 04:02:37 PM,2026-07-31T10:58:39,1:scheduled,2026-07-31T18:07:13Z
136328219,800553998,scheduled,ACTIVE,S,14,Upgrading Equipment,,WESTMINSTER,ORANGE,92683,33.739953083000664,-118.0056591850109,2026-08-04T12:30:00Z,08/04/2026 03:00:00 PM,Work is in progress.,Enhancing Reliability,06,PO,33,VILLA PARK,07/25/2026 06:24:54 AM,2026-07-31T10:58:39,1:scheduled,2026-07-31T18:07:13Z
136344209,800555175,scheduled,ACTIVE,S,422,Upgrading Equipment,,YORBA LINDA,ORANGE,92886,33.90556745773305,-117.82947551169154,2026-08-07T09:00:00Z,08/07/2026 04:00:00 PM,Work is in progress.,Enhancing Reliability,06,PO,48,VILLA PARK,07/28/2026 05:14:40 PM,2026-07-31T10:58:39,1:scheduled,2026-07-31T18:07:13Z
136344160,800555188,scheduled,ACTIVE,S,2,Transformer Upgrade,,YORBA LINDA,ORANGE,92886,33.89010941744791,-117.81317064102544,2026-08-07T21:00:00Z,08/08/2026 01:00:00 AM,Work is in progress.,Enhancing Reliability,18,PO,48,VILLA PARK,07/28/2026 05:00:51 PM,2026-07-31T10:58:39,1:scheduled,2026-07-31T18:07:13Z
136341822,800555067,scheduled,ACTIVE,S,260,Pole Upgrade,,BUENA PARK,ORANGE,90621,33.863173367163085,-118.00968912349519,2026-08-06T09:00:00Z,08/06/2026 05:00:00 PM,Work is in progress.,Enhancing Reliability,06,PO,48,VILLA PARK,07/28/2026 09:22:49 AM,2026-07-31T10:58:39,1:scheduled,2026-07-31T18:07:13Z
136321088,800553546,scheduled,ACTIVE,S,37,Upgrading Equipment,,NEWPORT BEACH,ORANGE,92660,33.62521740647028,-117.90241094952137,2026-08-03T09:00:00Z,08/03/2026 01:00:00 PM,Work is in progress.,Enhancing Reliability,06,PO,33,ELLIS,07/23/2026 02:39:40 PM,2026-07-31T10:58:39,1:scheduled,2026-07-31T18:07:13Z
136325450,800553945,scheduled,ACTIVE,S,255,Pole Upgrade,,SANTA ANA,ORANGE,92703,33.73575467708588,-117.88853505511156,2026-08-04T08:00:00Z,08/04/2026 04:00:00 PM,Work is in progress.,Enhancing Reliability,18,PO,29,ELLIS,07/24/2026 05:30:21 PM,2026-07-31T10:58:39,1:scheduled,2026-07-31T18:07:13Z
136320896,800553505,scheduled,ACTIVE,S,0,Upgrading Equipment,,WESTMINSTER,ORANGE,92683,33.749448618087676,-117.99983447996259,2026-08-02T09:00:00Z,08/02/2026 02:00:00 PM,Work is in progress.,Enhancing Reliability,06,PO,33,VILLA PARK,07/23/2026 01:07:58 PM,2026-07-31T10:58:39,1:scheduled,2026-07-31T18:07:13Z
136323256,800553724,scheduled,ACTIVE,S,2,Upgrading Equipment,,GARDEN GROVE,ORANGE,92841,33.78998494280542,-118.00362214640799,2026-08-03T21:00:00Z,08/04/2026 02:00:00 AM,Work is in progress.,Enhancing Reliability,18,PO,29,VILLA PARK,07/24/2026 08:01:44 AM,2026-07-31T10:58:39,1:scheduled,2026-07-31T18:07:13Z
136299764,800551857,scheduled,ACTIVE,S,140,Transformer Upgrade,,SANTA ANA,ORANGE,92707,33.70141981640157,-117.86952971395411,2026-07-31T15:00:00Z,07/31/2026 07:00:00 PM,Work is in progress.,Enhancing Reliability,18,PO,29,ELLIS,07/18/2026 09:16:26 AM,2026-07-31T10:58:39,1:scheduled,2026-07-31T18:07:13Z
136328278,800554104,scheduled,ACTIVE,S,14,Upgrading Equipment,,FOUNTAIN VALLEY,ORANGE,92708,33.72696062563959,-117.93293490337513,2026-08-05T12:30:00Z,08/05/2026 03:00:00 PM,Work is in progress.,Enhancing Reliability,06,PO,33,ELLIS,07/25/2026 07:15:24 AM,2026-07-31T10:58:39,1:scheduled,2026-07-31T18:07:13Z
136343941,800555229,scheduled,ACTIVE,S,18,Upgrading Equipment,,FOUNTAIN VALLEY,ORANGE,92708,33.71635934366413,-117.97090804868756,2026-08-07T01:00:00Z,08/07/2026 06:30:00 AM,Work is in progress.,Enhancing Reliability,06,PO,33,ELLIS,07/28/2026 04:10:03 PM,2026-07-31T10:58:39,1:scheduled,2026-07-31T18:07:13Z
136300596,800551967,scheduled,ACTIVE,S,154,Upgrading Equipment,,HUNTINGTON BEACH,ORANGE,92646,33.66020883706171,-117.98387145778797,2026-08-03T09:00:00Z,08/03/2026 03:00:00 PM,Work is in progress.,Enhancing Reliability,06,PO,33,ELLIS,07/18/2026 12:22:20 PM,2026-07-31T10:58:39,1:scheduled,2026-07-31T18:07:13Z
136325479,800553946,scheduled,ACTIVE,S,21,Upgrading Equipment,,SANTA ANA,ORANGE,92704,33.71986341946297,-117.90632149831112,2026-08-04T09:00:00Z,08/04/2026 04:00:00 PM,Work is in progress.,Enhancing Reliability,06,PO,29,ELLIS,07/24/2026 05:37:48 PM,2026-07-31T10:58:39,1:scheduled,2026-07-31T18:07:13Z
136328682,800554187,scheduled,ACTIVE,S,1,Transformer Upgrade,,IRVINE,ORANGE,92618,33.66578857424019,-117.78764009484934,2026-08-05T13:00:00Z,08/05/2026 03:30:00 PM,Work is in progress.,Enhancing Reliability,18,PO,43,ELLIS,07/25/2026 09:16:04 AM,2026-07-31T10:58:39,1:scheduled,2026-07-31T18:07:13Z
136328262,800554029,scheduled,ACTIVE,S,7,Upgrading Equipment,,NEWPORT BEACH,ORANGE,92660,33.624375507748,-117.86575921521208,2026-08-05T12:30:00Z,08/05/2026 03:30:00 PM,Work is in progress.,Enhancing Reliability,06,PO,33,ELLIS,07/25/2026 07:02:21 AM,2026-07-31T10:58:39,1:scheduled,2026-07-31T18:07:13Z
136328225,800554063,scheduled,ACTIVE,S,23,Transformer Upgrade,,PLACENTIA,ORANGE,92870,33.86854751212615,-117.83149968462294,2026-08-05T08:00:00Z,08/05/2026 11:00:00 AM,Work is in progress.,Enhancing Reliability,18,PO,48,VILLA PARK,07/25/2026 06:38:29 AM,2026-07-31T10:58:39,1:scheduled,2026-07-31T18:07:13Z
136299776,800551892,scheduled,ACTIVE,S,2,Upgrading Equipment,,IRVINE,ORANGE,92614,33.69546016531424,-117.86171221951717,2026-08-01T08:00:00Z,08/01/2026 03:00:00 PM,Work is in progress.,Enhancing Reliability,06,PO,43,ELLIS,07/18/2026 09:19:22 AM,2026-07-31T10:58:39,1:scheduled,2026-07-31T18:07:13Z
136323196,800553592,scheduled,ACTIVE,S,5,Upgrading Equipment,,ORANGE,ORANGE,92868,33.78535590141055,-117.88948426534641,2026-08-03T19:30:00Z,08/03/2026 10:30:00 PM,Work is in progress.,Enhancing Reliability,06,PO,29,VILLA PARK,07/24/2026 07:23:04 AM,2026-07-31T10:58:39,1:scheduled,2026-07-31T18:07:13Z
136344234,800555190,scheduled,ACTIVE,S,26,Transformer Upgrade,,HUNTINGTON BEACH,ORANGE,92649,33.71257129896257,-118.04486712846176,2026-08-07T09:00:00Z,08/07/2026 01:00:00 PM,Work is in progress.,Enhancing Reliability,06,PO,33,VILLA PARK,07/28/2026 05:21:35 PM,2026-07-31T10:58:39,1:scheduled,2026-07-31T18:07:13Z
136353384,800555945,scheduled,ACTIVE,S,1,Upgrading Equipment,,FULLERTON,ORANGE,92833,33.888107206510846,-117.9425668886848,2026-08-10T09:00:00Z,08/10/2026 04:00:00 PM,Work is in progress.,Enhancing Reliability,06,PO,48,VILLA PARK,07/30/2026 12:00:30 PM,2026-07-31T10:58:39,1:scheduled,2026-07-31T18:07:13Z
136312665,800552686,scheduled,ACTIVE,S,104,Cable Upgrade,,BUENA PARK,ORANGE,90620,33.83989924092641,-117.99520550352433,2026-07-31T23:00:00Z,08/01/2026 06:30:00 AM,Work is in progress.,Enhancing Reliability,18,PO,48,VILLA PARK,07/21/2026 06:22:54 PM,2026-07-31T10:58:39,1:scheduled,2026-07-31T18:07:13Z
136328212,800554009,scheduled,ACTIVE,S,11,Upgrading Equipment,,NEWPORT BEACH,ORANGE,92625,33.60526308124897,-117.87043538464377,2026-08-04T12:30:00Z,08/04/2026 03:30:00 PM,Work is in progress.,Enhancing Reliability,06,PO,33,ELLIS,07/25/2026 06:14:34 AM,2026-07-31T10:58:39,1:scheduled,2026-07-31T18:07:13Z
136344144,800555212,scheduled,ACTIVE,S,57,Upgrading Equipment,,SANTA ANA,ORANGE,92706,33.77602338557146,-117.87228656630596,2026-08-07T21:00:00Z,08/08/2026 01:00:00 AM,Work is in progress.,Enhancing Reliability,18,PO,29,VILLA PARK,07/28/2026 04:57:20 PM,2026-07-31T10:58:39,1:scheduled,2026-07-31T18:07:13Z
136349469,800555690,scheduled,ACTIVE,S,73,Upgrading Equipment,,IRVINE,ORANGE,92602,33.721583272467036,-117.79086433615191,2026-08-08T08:00:00Z,08/08/2026 03:00:00 PM,Work is in progress.,Enhancing Reliability,06,PO,43,ELLIS,07/29/2026 04:50:24 PM,2026-07-31T10:58:39,1:scheduled,2026-07-31T18:07:13Z
136300609,800551954,scheduled,ACTIVE,S,53,Upgrading Equipment,,GARDEN GROVE,ORANGE,92845,33.77716562060776,-118.0391821285081,2026-08-03T08:00:00Z,08/03/2026 03:00:00 PM,Work is in progress.,Enhancing Reliability,18,PO,29,VILLA PARK,07/18/2026 12:28:21 PM,2026-07-31T10:58:39,1:scheduled,2026-07-31T18:07:13Z
136352829,800555816,scheduled,ACTIVE,S,1,Upgrading Equipment,,NEWPORT BEACH,ORANGE,92660,33.642453590215105,-117.8671645773718,2026-08-10T09:00:00Z,08/10/2026 11:00:00 AM,Work is in progress.,Enhancing Reliability,06,PO,33,ELLIS,07/30/2026 09:43:27 AM,2026-07-31T10:58:39,1:scheduled,2026-07-31T18:07:13Z
136344187,800555283,scheduled,ACTIVE,S,129,Upgrading Equipment,,SANTA ANA,ORANGE,92704,33.69767167739644,-117.89472893180906,2026-08-07T09:00:00Z,08/07/2026 03:00:00 PM,Work is in progress.,Enhancing Reliability,06,PO,29,ELLIS,07/28/2026 05:06:19 PM,2026-07-31T10:58:40,1:scheduled,2026-07-31T18:07:13Z
136325568,800553872,scheduled,ACTIVE,S,38,Upgrading Equipment,,SEAL BEACH,ORANGE,90740,33.76137699286526,-118.07824576928665,2026-08-06T22:00:00Z,08/07/2026 04:00:00 AM,Work is in progress.,Enhancing Reliability,06,PO,46,LIGHTHIPE,07/24/2026 06:06:18 PM,2026-07-31T10:58:40,1:scheduled,2026-07-31T18:07:13Z
136344072,800555281,scheduled,ACTIVE,S,35,Upgrading Equipment,,FULLERTON,ORANGE,92833,33.893933899114494,-117.94847005797993,2026-08-07T09:00:00Z,08/07/2026 04:00:00 PM,Work is in progress.,Enhancing Reliability,06,PO,48,VILLA PARK,07/28/2026 04:45:16 PM,2026-07-31T10:58:40,1:scheduled,2026-07-31T18:07:13Z
136320552,800553404,scheduled,ACTIVE,S,1,Upgrading Equipment,,YORBA LINDA,ORANGE,92886,33.89045614673738,-117.8140498689064,2026-08-01T09:00:00Z,08/01/2026 04:00:00 PM,Work is in progress.,Enhancing Reliability,06,PO,48,VILLA PARK,07/23/2026 11:20:25 AM,2026-07-31T10:58:40,1:scheduled,2026-07-31T18:07:13Z
136349441,800555667,scheduled,ACTIVE,S,46,Pole Upgrade,,SANTA ANA,ORANGE,92705,33.76636762126047,-117.83401994767839,2026-08-06T08:00:00Z,08/06/2026 04:00:00 PM,Work is in progress.,Enhancing Reliability,18,PO,29,VILLA PARK,07/29/2026 04:40:51 PM,2026-07-31T10:58:40,1:scheduled,2026-07-31T18:07:13Z
136325493,800553925,scheduled,ACTIVE,S,50,Pole Upgrade,,BUENA PARK,ORANGE,90620,33.849827912440766,-118.01056164275762,2026-08-03T21:00:00Z,08/04/2026 03:00:00 AM,Work is in progress.,Enhancing Reliability,18,PO,48,VILLA PARK,07/24/2026 05:43:40 PM,2026-07-31T10:58:40,1:scheduled,2026-07-31T18:07:13Z
136353674,800555948,scheduled,ACTIVE,S,99,Upgrading Equipment,,HUNTINGTON BEACH,ORANGE,92646,33.65288831220681,-117.97839513108494,2026-08-10T10:00:00Z,08/10/2026 02:00:00 PM,Work is in progress.,Enhancing Reliability,06,PO,33,ELLIS,07/30/2026 01:23:52 PM,2026-07-31T10:58:40,1:scheduled,2026-07-31T18:07:13Z
136317762,800553148,scheduled,ACTIVE,S,1,Upgrading Equipment,,STANTON,ORANGE,90680,33.80673802799463,-117.99066679699234,2026-08-03T07:30:00Z,08/03/2026 04:00:00 PM,Work is in progress.,Enhancing Reliability,06,PO,48,VILLA PARK,07/22/2026 04:34:13 PM,2026-07-31T10:58:40,1:scheduled,2026-07-31T18:07:13Z
136349055,800555684,scheduled,ACTIVE,S,0,Upgrading Equipment,,GARDEN GROVE,ORANGE,92841,33.79803057129434,-118.00328413192616,2026-07-31T23:00:00Z,08/01/2026 05:00:00 AM,Work is in progress.,Enhancing Reliability,06,PO,29,VILLA PARK,07/29/2026 02:59:43 PM,2026-07-31T10:58:40,1:scheduled,2026-07-31T18:07:13Z
136321999,800553511,scheduled,ACTIVE,S,27,Upgrading Equipment,,SANTA ANA,ORANGE,92706,33.75645897470706,-117.87065672413988,2026-08-03T09:00:00Z,08/03/2026 01:00:00 PM,Work is in progress.,Enhancing Reliability,06,PO,29,VILLA PARK,07/23/2026 02:58:22 PM,2026-07-31T10:58:40,1:scheduled,2026-07-31T18:07:13Z
136338482,800554698,scheduled,ACTIVE,S,147,Upgrading Equipment,,LA HABRA,ORANGE,90631,33.927265495117354,-117.95696260042027,2026-08-06T09:00:00Z,08/06/2026 03:00:00 PM,Work is in progress.,Enhancing Reliability,06,PO,48,VILLA PARK,07/27/2026 01:25:25 PM,2026-07-31T10:58:40,1:scheduled,2026-07-31T18:07:13Z
136339649,800554769,scheduled,ACTIVE,S,7,Upgrading Equipment,,GARDEN GROVE,ORANGE,92843,33.749844315766424,-117.94242823911058,2026-08-05T08:00:00Z,08/05/2026 03:00:00 PM,Work is in progress.,Enhancing Reliability,18,PO,29,VILLA PARK,07/27/2026 06:19:34 PM,2026-07-31T10:58:40,1:scheduled,2026-07-31T18:07:13Z
136349519,800555576,scheduled,ACTIVE,S,597,Upgrading Equipment,,IRVINE,ORANGE,92612,33.649538041391374,-117.82562273984588,2026-08-08T08:30:00Z,08/08/2026 06:30:00 PM,Work is in progress.,Enhancing Reliability,06,PO,43,ELLIS,07/29/2026 05:05:41 PM,2026-07-31T10:58:40,1:scheduled,2026-07-31T18:07:13Z
136352910,800555779,scheduled,ACTIVE,S,76,Upgrading Equipment,,COSTA MESA,ORANGE,92627,33.65240982993159,-117.90422650849096,2026-08-10T09:00:00Z,08/10/2026 10:30:00 AM,Work is in progress.,Enhancing Reliability,06,PO,33,ELLIS,07/30/2026 10:12:24 AM,2026-07-31T10:58:40,1:scheduled,2026-07-31T18:07:13Z
136344194,800555174,scheduled,ACTIVE,S,144,Transformer Upgrade,,NEWPORT BEACH,ORANGE,92663,33.625672060389086,-117.91075116913056,2026-08-07T09:30:00Z,08/07/2026 02:00:00 PM,Work is in progress.,Enhancing Reliability,06,PO,33,ELLIS,07/28/2026 05:08:44 PM,2026-07-31T10:58:40,1:scheduled,2026-07-31T18:07:13Z
136344210,800555320,scheduled,ACTIVE,S,2,Cable Upgrade,,HUNTINGTON BEACH,ORANGE,92647,33.745144378034986,-118.02638770598739,2026-08-08T07:30:00Z,08/08/2026 01:00:00 PM,Work is in progress.,Enhancing Reliability,06,PO,33,VILLA PARK,07/28/2026 05:15:49 PM,2026-07-31T10:58:40,1:scheduled,2026-07-31T18:07:13Z
136325503,800553980,scheduled,ACTIVE,S,263,Upgrading Equipment,,LAGUNA WOODS,ORANGE,92653,33.610430650505194,-117.73919787272297,2026-08-07T01:30:00Z,08/07/2026 06:30:00 AM,Work is in progress.,Enhancing Reliability,14,PO,43,ELLIS,07/31/2026 09:29:56 AM,2026-07-31T10:58:40,1:scheduled,2026-07-31T18:07:13Z
136317790,800553164,scheduled,ACTIVE,S,3,Cable Upgrade,,NEWPORT BEACH,ORANGE,92660,33.61996203915341,-117.87813627865516,2026-08-01T09:00:00Z,08/01/2026 12:00:00 PM,Work is in progress.,Enhancing Reliability,06,PO,33,ELLIS,07/22/2026 04:43:11 PM,2026-07-31T10:58:40,1:scheduled,2026-07-31T18:07:13Z
136328601,800554200,scheduled,ACTIVE,S,162,Pole Upgrade,,ORANGE,ORANGE,92867,33.81202505311741,-117.8332468234089,2026-08-04T21:00:00Z,08/05/2026 03:00:00 AM,Work is in progress.,Enhancing Reliability,18,PO,29,VILLA PARK,07/25/2026 08:52:04 AM,2026-07-31T10:58:40,1:scheduled,2026-07-31T18:07:13Z
136354456,800556070,scheduled,ACTIVE,S,70,Pole Upgrade,,ORANGE,ORANGE,92866,33.78533883232527,-117.84528135833582,2026-08-10T09:30:00Z,08/10/2026 04:00:00 PM,Work is in progress.,Enhancing Reliability,18,PO,29,VILLA PARK,07/30/2026 04:30:53 PM,2026-07-31T10:58:40,1:scheduled,2026-07-31T18:07:13Z
136325519,800553981,scheduled,ACTIVE,S,49,Upgrading Equipment,,SEAL BEACH,ORANGE,90740,33.77557886786111,-118.05643328359616,2026-08-04T12:00:00Z,08/04/2026 02:30:00 PM,Work is in progress.,Enhancing Reliability,06,PO,33,VILLA PARK,07/24/2026 05:49:24 PM,2026-07-31T10:58:40,1:scheduled,2026-07-31T18:07:13Z
136343047,800555116,scheduled,ACTIVE,S,15,Upgrading Equipment,,GARDEN GROVE,ORANGE,92844,33.76879410347582,-117.98274719734526,2026-08-03T08:00:00Z,08/03/2026 12:00:00 PM,Work is in progress.,Enhancing Reliability,18,PO,29,VILLA PARK,07/28/2026 01:25:24 PM,2026-07-31T10:58:40,1:scheduled,2026-07-31T18:07:13Z
136349254,800555574,scheduled,ACTIVE,S,429,Upgrading Equipment,,SANTA ANA,ORANGE,92706,33.7711192713363,-117.90317429383236,2026-08-06T00:30:00Z,08/06/2026 04:30:00 AM,Work is in progress.,Enhancing Reliability,06,PO,29,ELLIS,07/29/2026 03:42:09 PM,2026-07-31T10:58:40,1:scheduled,2026-07-31T18:07:13Z
136300584,800551988,scheduled,ACTIVE,S,6,Upgrading Equipment,,HUNTINGTON BEACH,ORANGE,92646,33.676494833623565,-117.97935198508455,2026-08-03T09:00:00Z,08/03/2026 11:00:00 AM,Work is in progress.,Enhancing Reliability,06,PO,33,ELLIS,07/18/2026 12:18:16 PM,2026-07-31T10:58:40,1:scheduled,2026-07-31T18:07:13Z
136308499,800552433,scheduled,ACTIVE,S,17,Upgrading Equipment,,FOUNTAIN VALLEY,ORANGE,92708,33.69642259671888,-117.94917739592623,2026-08-04T12:00:00Z,08/04/2026 03:00:00 PM,Work is in progress.,Enhancing Reliability,06,PO,33,ELLIS,07/20/2026 03:35:16 PM,2026-07-31T10:58:40,1:scheduled,2026-07-31T18:07:13Z
136342301,800554997,scheduled,ACTIVE,S,290,Transformer Upgrade,,LA HABRA,ORANGE,90631,33.92076994554213,-117.96099085995333,2026-08-07T08:30:00Z,08/07/2026 02:00:00 PM,Work is in progress.,Enhancing Reliability,18,PO,48,VILLA PARK,07/28/2026 10:57:55 AM,2026-07-31T10:58:40,1:scheduled,2026-07-31T18:07:13Z
136344200,800555264,scheduled,ACTIVE,S,32,Upgrading Equipment,,WESTMINSTER,ORANGE,92683,33.76958493832515,-118.01762283298045,2026-08-07T09:00:00Z,08/07/2026 11:00:00 AM,Work is in progress.,Enhancing Reliability,06,PO,33,VILLA PARK,07/28/2026 05:11:32 PM,2026-07-31T10:58:40,1:scheduled,2026-07-31T18:07:13Z
136252024,800548096,scheduled,ACTIVE,S,26,Upgrading Equipment,,LA HABRA,ORANGE,90631,33.92089369520579,-117.94329266994217,2026-08-02T09:00:00Z,08/02/2026 04:00:00 PM,Work is in progress.,Enhancing Reliability,14,PO,48,VILLA PARK,07/15/2026 07:13:18 AM,2026-07-31T10:58:40,1:scheduled,2026-07-31T18:07:13Z
136352384,800555846,scheduled,ACTIVE,S,55,Pole Upgrade,,WESTMINSTER,ORANGE,92683,33.762467234370995,-117.98723444298787,2026-08-05T08:30:00Z,08/05/2026 04:00:00 PM,Work is in progress.,Enhancing Reliability,18,PO,33,VILLA PARK,07/30/2026 08:17:53 AM,2026-07-31T10:58:41,1:scheduled,2026-07-31T18:07:13Z
136261877,800548814,scheduled,ACTIVE,S,12,Pole Upgrade,,WESTMINSTER,ORANGE,92683,33.76554349784408,-117.9843480023681,2026-08-06T08:00:00Z,08/06/2026 05:00:00 PM,Work is in progress.,Enhancing Reliability,20,PO,33,VILLA PARK,07/20/2026 03:32:01 PM,2026-07-31T10:58:41,1:scheduled,2026-07-31T18:07:13Z
136328339,800554105,scheduled,ACTIVE,S,11,Pole Upgrade,,HUNTINGTON BEACH,ORANGE,92647,33.736585786301454,-118.02033276901996,2026-08-06T09:00:00Z,08/06/2026 04:00:00 PM,Work is in progress.,Enhancing Reliability,06,PO,33,VILLA PARK,07/25/2026 07:27:39 AM,2026-07-31T10:58:41,1:scheduled,2026-07-31T18:07:13Z
136321052,800553448,scheduled,ACTIVE,S,683,Upgrading Equipment,,LAGUNA WOODS,ORANGE,92653,33.611945597099144,-117.74979828951963,2026-08-03T08:00:00Z,08/03/2026 04:00:00 PM,Work is in progress.,Enhancing Reliability,18,PO,43,ELLIS,07/23/2026 02:16:48 PM,2026-07-31T10:58:41,1:scheduled,2026-07-31T18:07:13Z
136344182,800555282,scheduled,ACTIVE,S,8,Upgrading Equipment,,TUSTIN,ORANGE,92782,33.728907205798784,-117.79699471723016,2026-08-07T21:00:00Z,08/08/2026 04:30:00 AM,Work is in progress.,Enhancing Reliability,06,PO,29,VILLA PARK,07/28/2026 05:05:43 PM,2026-07-31T10:58:41,1:scheduled,2026-07-31T18:07:13Z
136328244,800553855,scheduled,ACTIVE,S,9,Upgrading Equipment,,NEWPORT BEACH,ORANGE,92625,33.598499397038275,-117.85953968712164,2026-08-05T12:30:00Z,08/05/2026 03:30:00 PM,Work is in progress.,Enhancing Reliability,06,PO,33,ELLIS,07/25/2026 06:50:24 AM,2026-07-31T10:58:41,1:scheduled,2026-07-31T18:07:13Z
136344245,800555284,scheduled,ACTIVE,S,169,Upgrading Equipment,,SANTA ANA,ORANGE,92706,33.775375498178704,-117.87137163398573,2026-08-08T01:00:00Z,08/08/2026 04:00:00 AM,Work is in progress.,Enhancing Reliability,18,PO,29,VILLA PARK,07/28/2026 05:25:53 PM,2026-07-31T10:58:41,1:scheduled,2026-07-31T18:07:13Z
136328723,800554051,scheduled,ACTIVE,S,4,Upgrading Equipment,,NEWPORT BEACH,ORANGE,92660,33.6158775861818,-117.86826329960927,2026-08-06T01:30:00Z,08/06/2026 07:00:00 AM,Work is in progress.,Enhancing Reliability,06,PO,33,ELLIS,07/25/2026 09:30:21 AM,2026-07-31T10:58:41,1:scheduled,2026-07-31T18:07:13Z
136328164,800553974,scheduled,ACTIVE,S,60,Upgrading Equipment,,LOS ALAMITOS,ORANGE,90720,33.79085931464146,-118.07062169111353,2026-08-07T09:00:00Z,08/07/2026 04:00:00 PM,Work is in progress.,Enhancing Reliability,06,PO,46,LIGHTHIPE,07/25/2026 05:24:15 AM,2026-07-31T10:58:41,1:scheduled,2026-07-31T18:07:13Z
136352855,800555798,scheduled,ACTIVE,S,1,Cable Upgrade,,SANTA ANA,ORANGE,92706,33.768883694986954,-117.88432675433098,2026-08-10T09:00:00Z,08/10/2026 02:00:00 PM,Work is in progress.,Enhancing Reliability,06,PO,29,ELLIS,07/30/2026 09:52:57 AM,2026-07-31T10:58:41,1:scheduled,2026-07-31T18:07:13Z
136323433,800553612,scheduled,ACTIVE,S,255,Upgrading Equipment,,SANTA ANA,ORANGE,92703,33.73575467708588,-117.88853505511156,2026-08-04T22:00:00Z,08/05/2026 04:30:00 AM,Work is in progress.,Enhancing Reliability,06,PO,29,ELLIS,07/24/2026 08:41:28 AM,2026-07-31T10:58:41,1:scheduled,2026-07-31T18:07:13Z
136299596,800551797,active,ACTIVE,,12,Pole Upgrade,,WESTMINSTER,ORANGE,92683,33.76554349784408,-117.9843480023681,2026-07-31T08:00:00Z,07/31/2026 04:00:00 PM,Work is in progress.,Enhancing Reliability,18,PO,33,VILLA PARK,07/31/2026 08:33:51 AM,2026-07-31T11:18:30,0:active,2026-07-31T18:22:11Z
136299651,800551926,active,ACTIVE,,0,Transformer Upgrade,,FULLERTON,ORANGE,92831,33.859515074077976,-117.89506923699487,2026-07-31T09:00:00Z,07/31/2026 04:00:00 PM,Work is in progress.,Enhancing Reliability,06,PO,48,VILLA PARK,07/31/2026 10:05:44 AM,2026-07-31T11:18:30,0:active,2026-07-31T18:22:11Z
136299635,800551831,active,ACTIVE,,6,Upgrading Equipment,,TUSTIN FOOTHILLS,ORANGE,92780,33.75130155655582,-117.8133188154366,2026-07-31T08:00:00Z,07/31/2026 11:00:00 AM,Work is in progress.,Enhancing Reliability,18,PO,29,VILLA PARK,07/31/2026 10:02:15 AM,2026-07-31T11:18:31,0:active,2026-07-31T18:22:11Z
136312619,800552685,active,ACTIVE,,101,Upgrading Equipment,,GARDEN GROVE,ORANGE,92845,33.78216508806161,-118.03881183306652,2026-07-31T09:16:17Z,07/31/2026 04:00:00 PM,Work is in progress.,Enhancing Reliability,18,PO,29,VILLA PARK,07/31/2026 09:16:41 AM,2026-07-31T11:18:31,0:active,2026-07-31T18:22:11Z
136358352,800556421,active,ACTIVE,,21,Equipment Problems,,LAKE FOREST,ORANGE,92610,33.68643624615162,-117.66831589559777,2026-07-31T11:04:01Z,07/31/2026 01:00:00 PM,Work is in progress.,Not Available,07,QI,43,ELLIS,07/31/2026 11:13:22 AM,2026-07-31T11:18:31,0:active,2026-07-31T18:22:11Z
136357539,800556235,active,ACTIVE,,927,Analyzing Problem,,COSTA MESA,ORANGE,92627,33.63396490434249,-117.90219232203908,2026-07-31T08:50:01Z,Not Available,We have notified our repair crews. ,Not Available,03,Not Available,33,ELLIS,07/31/2026 11:15:07 AM,2026-07-31T11:18:31,0:active,2026-07-31T18:22:11Z
136357417,800556234,active,ACTIVE,,8,Equipment Problems,,WESTMINSTER,ORANGE,92683,33.76589880017344,-117.98371584981783,2026-07-31T08:26:48Z,07/31/2026 02:00:00 PM,Work is in progress.,Not Available,01,QI,33,VILLA PARK,07/31/2026 08:43:39 AM,2026-07-31T11:18:31,0:active,2026-07-31T18:22:11Z
136307252,800552216,active,ACTIVE,,0,Pole Upgrade,,Unincorporated Area,ORANGE,92821,33.94641754064117,-117.8622587823838,2026-07-31T07:00:00Z,07/31/2026 02:00:00 PM,Work is in progress.,Enhancing Reliability,18,PO,48,VILLA PARK,07/31/2026 07:10:18 AM,2026-07-31T11:18:32,0:active,2026-07-31T18:22:11Z
136299437,800551907,active,ACTIVE,,2,Cable Upgrade,,SANTA ANA,ORANGE,92705,33.7699450000988,-117.83770748520732,2026-07-31T08:00:00Z,07/31/2026 02:00:00 PM,Work is in progress.,Enhancing Reliability,18,PO,29,VILLA PARK,07/31/2026 08:43:43 AM,2026-07-31T11:18:32,0:active,2026-07-31T18:22:11Z
136241459,800547314,active,ACTIVE,,18,Upgrading Equipment,,WESTMINSTER,ORANGE,92683,33.7496556091426,-117.97043002548048,2026-07-31T09:53:57Z,Most up by 07/31/2026 11:00:00 AM,We have completed this repair.,Enhancing Reliability,14,PO,33,VILLA PARK,07/31/2026 11:10:18 AM,2026-07-31T11:18:32,0:active,2026-07-31T18:22:11Z
136358207,800556218,active,ACTIVE,,17,Equipment Problems,,BUENA PARK,ORANGE,90620,33.842563363756994,-117.98882721347881,2026-07-31T10:25:02Z,07/31/2026 02:00:00 PM,Work is in progress.,Not Available,01,QI,48,VILLA PARK,07/31/2026 10:36:36 AM,2026-07-31T11:18:32,0:active,2026-07-31T18:22:11Z
136355042,800556092,active,ACTIVE,,164,Equipment Problems,,TUSTIN,ORANGE,92782,33.731137031355516,-117.80241653685673,2026-07-30T19:31:20Z,Most up by 07/31/2026 10:15:00 AM,We have identified the problem and are working to restore your service.,Not Available,01,Not Available,29,VILLA PARK,07/31/2026 08:57:24 AM,2026-07-31T11:18:32,0:active,2026-07-31T18:22:11Z
136299616,800551853,active,ACTIVE,,15,Pole Upgrade,,WESTMINSTER,ORANGE,92683,33.7644827983857,-117.98369088743272,2026-07-31T08:00:00Z,07/31/2026 02:00:00 PM,Work is in progress.,Enhancing Reliability,18,PO,33,VILLA PARK,07/31/2026 08:32:08 AM,2026-07-31T11:18:32,0:active,2026-07-31T18:22:11Z
136299645,800551912,active,ACTIVE,,37,Upgrading Equipment,,BUENA PARK,ORANGE,90620,33.842134930990134,-117.98795291824709,2026-07-31T09:31:56Z,07/31/2026 02:00:00 PM,Work is in progress.,Enhancing Reliability,06,PO,48,VILLA PARK,07/31/2026 10:26:46 AM,2026-07-31T11:18:32,0:active,2026-07-31T18:22:11Z
136323151,800553664,active,ACTIVE,,78,Cable Upgrade,,ORANGE,ORANGE,92868,33.78277861094688,-117.87293439625456,2026-07-31T09:55:03Z,07/31/2026 02:00:00 PM,Work is in progress.,Enhancing Reliability,06,PO,29,VILLA PARK,07/31/2026 09:55:30 AM,2026-07-31T11:18:33,0:active,2026-07-31T18:22:11Z
136328621,800554131,scheduled,ACTIVE,S,85,Pole Upgrade,,GARDEN GROVE,ORANGE,92845,33.79046523974237,-118.02373298579515,2026-08-05T08:00:00Z,08/05/2026 03:00:00 PM,Work is in progress.,Enhancing Reliability,18,PO,29,VILLA PARK,07/25/2026 09:00:55 AM,2026-07-31T11:18:30,1:scheduled,2026-07-31T18:22:11Z
136349614,800555694,scheduled,ACTIVE,S,3,Upgrading Equipment,,COSTA MESA,ORANGE,92626,33.67372071069094,-117.87769470459074,2026-08-09T09:00:00Z,08/09/2026 02:00:00 PM,Work is in progress.,Enhancing Reliability,06,PO,33,ELLIS,07/29/2026 05:14:57 PM,2026-07-31T11:18:30,1:scheduled,2026-07-31T18:22:11Z
136338444,800554634,scheduled,ACTIVE,S,2,Upgrading Equipment,,BUENA PARK,ORANGE,90620,33.844417238492426,-118.02877105052218,2026-08-06T08:00:00Z,08/06/2026 06:30:00 PM,Work is in progress.,Enhancing Reliability,06,PO,48,VILLA PARK,07/27/2026 01:18:15 PM,2026-07-31T11:18:30,1:scheduled,2026-07-31T18:22:11Z
136242596,800547299,scheduled,ACTIVE,S,19,Upgrading Equipment,,WESTMINSTER,ORANGE,92683,33.771567700429756,-118.03849159175257,2026-07-31T12:00:00Z,07/31/2026 03:00:00 PM,Work is in progress.,Enhancing Reliability,14,PO,33,VILLA PARK,07/31/2026 11:10:09 AM,2026-07-31T11:18:30,1:scheduled,2026-07-31T18:22:11Z
136325466,800553838,scheduled,ACTIVE,S,82,Pole Upgrade,,CYPRESS,ORANGE,90630,33.80789051663639,-118.0121504382034,2026-08-04T09:00:00Z,08/04/2026 05:00:00 PM,Work is in progress.,Enhancing Reliability,06,PO,48,VILLA PARK,07/24/2026 05:34:48 PM,2026-07-31T11:18:30,1:scheduled,2026-07-31T18:22:11Z
136349634,800555555,scheduled,ACTIVE,S,683,Cable Upgrade,,LAGUNA WOODS,ORANGE,92653,33.611945597099144,-117.74979828951963,2026-08-10T08:00:00Z,08/10/2026 04:00:00 PM,Work is in progress.,Enhancing Reliability,18,PO,43,ELLIS,07/29/2026 05:27:11 PM,2026-07-31T11:18:30,1:scheduled,2026-07-31T18:22:11Z
136342059,800554995,scheduled,ACTIVE,S,40,Transformer Upgrade,,LA HABRA,ORANGE,90631,33.91164040097648,-117.95636194010892,2026-08-06T12:00:00Z,08/06/2026 03:30:00 PM,Work is in progress.,Enhancing Reliability,18,PO,48,VILLA PARK,07/28/2026 10:03:37 AM,2026-07-31T11:18:30,1:scheduled,2026-07-31T18:22:11Z
136349334,800555649,scheduled,ACTIVE,S,50,Transformer Upgrade,,SEAL BEACH,ORANGE,90740,33.767011407533914,-118.08291207880981,2026-08-10T09:00:00Z,08/10/2026 03:00:00 PM,Work is in progress.,Enhancing Reliability,06,PO,46,LIGHTHIPE,07/29/2026 04:02:37 PM,2026-07-31T11:18:30,1:scheduled,2026-07-31T18:22:11Z
136328219,800553998,scheduled,ACTIVE,S,14,Upgrading Equipment,,WESTMINSTER,ORANGE,92683,33.739953083000664,-118.0056591850109,2026-08-04T12:30:00Z,08/04/2026 03:00:00 PM,Work is in progress.,Enhancing Reliability,06,PO,33,VILLA PARK,07/25/2026 06:24:54 AM,2026-07-31T11:18:30,1:scheduled,2026-07-31T18:22:11Z
136344209,800555175,scheduled,ACTIVE,S,422,Upgrading Equipment,,YORBA LINDA,ORANGE,92886,33.90556745773305,-117.82947551169154,2026-08-07T09:00:00Z,08/07/2026 04:00:00 PM,Work is in progress.,Enhancing Reliability,06,PO,48,VILLA PARK,07/28/2026 05:14:40 PM,2026-07-31T11:18:30,1:scheduled,2026-07-31T18:22:11Z
136344160,800555188,scheduled,ACTIVE,S,2,Transformer Upgrade,,YORBA LINDA,ORANGE,92886,33.89010941744791,-117.81317064102544,2026-08-07T21:00:00Z,08/08/2026 01:00:00 AM,Work is in progress.,Enhancing Reliability,18,PO,48,VILLA PARK,07/28/2026 05:00:51 PM,2026-07-31T11:18:30,1:scheduled,2026-07-31T18:22:11Z
136341822,800555067,scheduled,ACTIVE,S,260,Pole Upgrade,,BUENA PARK,ORANGE,90621,33.863173367163085,-118.00968912349519,2026-08-06T09:00:00Z,08/06/2026 05:00:00 PM,Work is in progress.,Enhancing Reliability,06,PO,48,VILLA PARK,07/28/2026 09:22:49 AM,2026-07-31T11:18:31,1:scheduled,2026-07-31T18:22:11Z
136321088,800553546,scheduled,ACTIVE,S,37,Upgrading Equipment,,NEWPORT BEACH,ORANGE,92660,33.62521740647028,-117.90241094952137,2026-08-03T09:00:00Z,08/03/2026 01:00:00 PM,Work is in progress.,Enhancing Reliability,06,PO,33,ELLIS,07/23/2026 02:39:40 PM,2026-07-31T11:18:31,1:scheduled,2026-07-31T18:22:11Z
136325450,800553945,scheduled,ACTIVE,S,255,Pole Upgrade,,SANTA ANA,ORANGE,92703,33.73575467708588,-117.88853505511156,2026-08-04T08:00:00Z,08/04/2026 04:00:00 PM,Work is in progress.,Enhancing Reliability,18,PO,29,ELLIS,07/24/2026 05:30:21 PM,2026-07-31T11:18:31,1:scheduled,2026-07-31T18:22:11Z
136320896,800553505,scheduled,ACTIVE,S,0,Upgrading Equipment,,WESTMINSTER,ORANGE,92683,33.749448618087676,-117.99983447996259,2026-08-02T09:00:00Z,08/02/2026 02:00:00 PM,Work is in progress.,Enhancing Reliability,06,PO,33,VILLA PARK,07/23/2026 01:07:58 PM,2026-07-31T11:18:31,1:scheduled,2026-07-31T18:22:11Z
136323256,800553724,scheduled,ACTIVE,S,2,Upgrading Equipment,,GARDEN GROVE,ORANGE,92841,33.78998494280542,-118.00362214640799,2026-08-03T21:00:00Z,08/04/2026 02:00:00 AM,Work is in progress.,Enhancing Reliability,18,PO,29,VILLA PARK,07/24/2026 08:01:44 AM,2026-07-31T11:18:31,1:scheduled,2026-07-31T18:22:11Z
136299764,800551857,scheduled,ACTIVE,S,140,Transformer Upgrade,,SANTA ANA,ORANGE,92707,33.70141981640157,-117.86952971395411,2026-07-31T15:00:00Z,07/31/2026 07:00:00 PM,Work is in progress.,Enhancing Reliability,18,PO,29,ELLIS,07/18/2026 09:16:26 AM,2026-07-31T11:18:31,1:scheduled,2026-07-31T18:22:11Z
136328278,800554104,scheduled,ACTIVE,S,14,Upgrading Equipment,,FOUNTAIN VALLEY,ORANGE,92708,33.72696062563959,-117.93293490337513,2026-08-05T12:30:00Z,08/05/2026 03:00:00 PM,Work is in progress.,Enhancing Reliability,06,PO,33,ELLIS,07/25/2026 07:15:24 AM,2026-07-31T11:18:31,1:scheduled,2026-07-31T18:22:11Z
136343941,800555229,scheduled,ACTIVE,S,18,Upgrading Equipment,,FOUNTAIN VALLEY,ORANGE,92708,33.71635934366413,-117.97090804868756,2026-08-07T01:00:00Z,08/07/2026 06:30:00 AM,Work is in progress.,Enhancing Reliability,06,PO,33,ELLIS,07/28/2026 04:10:03 PM,2026-07-31T11:18:31,1:scheduled,2026-07-31T18:22:11Z
136300596,800551967,scheduled,ACTIVE,S,154,Upgrading Equipment,,HUNTINGTON BEACH,ORANGE,92646,33.66020883706171,-117.98387145778797,2026-08-03T09:00:00Z,08/03/2026 03:00:00 PM,Work is in progress.,Enhancing Reliability,06,PO,33,ELLIS,07/18/2026 12:22:20 PM,2026-07-31T11:18:31,1:scheduled,2026-07-31T18:22:11Z
136325479,800553946,scheduled,ACTIVE,S,21,Upgrading Equipment,,SANTA ANA,ORANGE,92704,33.71986341946297,-117.90632149831112,2026-08-04T09:00:00Z,08/04/2026 04:00:00 PM,Work is in progress.,Enhancing Reliability,06,PO,29,ELLIS,07/24/2026 05:37:48 PM,2026-07-31T11:18:31,1:scheduled,2026-07-31T18:22:11Z
136328682,800554187,scheduled,ACTIVE,S,1,Transformer Upgrade,,IRVINE,ORANGE,92618,33.66578857424019,-117.78764009484934,2026-08-05T13:00:00Z,08/05/2026 03:30:00 PM,Work is in progress.,Enhancing Reliability,18,PO,43,ELLIS,07/25/2026 09:16:04 AM,2026-07-31T11:18:31,1:scheduled,2026-07-31T18:22:11Z
136328262,800554029,scheduled,ACTIVE,S,7,Upgrading Equipment,,NEWPORT BEACH,ORANGE,92660,33.624375507748,-117.86575921521208,2026-08-05T12:30:00Z,08/05/2026 03:30:00 PM,Work is in progress.,Enhancing Reliability,06,PO,33,ELLIS,07/25/2026 07:02:21 AM,2026-07-31T11:18:31,1:scheduled,2026-07-31T18:22:11Z
136328225,800554063,scheduled,ACTIVE,S,23,Transformer Upgrade,,PLACENTIA,ORANGE,92870,33.86854751212615,-117.83149968462294,2026-08-05T08:00:00Z,08/05/2026 11:00:00 AM,Work is in progress.,Enhancing Reliability,18,PO,48,VILLA PARK,07/25/2026 06:38:29 AM,2026-07-31T11:18:31,1:scheduled,2026-07-31T18:22:11Z
136299776,800551892,scheduled,ACTIVE,S,2,Upgrading Equipment,,IRVINE,ORANGE,92614,33.69546016531424,-117.86171221951717,2026-08-01T08:00:00Z,08/01/2026 03:00:00 PM,Work is in progress.,Enhancing Reliability,06,PO,43,ELLIS,07/18/2026 09:19:22 AM,2026-07-31T11:18:31,1:scheduled,2026-07-31T18:22:11Z
136323196,800553592,scheduled,ACTIVE,S,5,Upgrading Equipment,,ORANGE,ORANGE,92868,33.78535590141055,-117.88948426534641,2026-08-03T19:30:00Z,08/03/2026 10:30:00 PM,Work is in progress.,Enhancing Reliability,06,PO,29,VILLA PARK,07/24/2026 07:23:04 AM,2026-07-31T11:18:31,1:scheduled,2026-07-31T18:22:11Z
136344234,800555190,scheduled,ACTIVE,S,26,Transformer Upgrade,,HUNTINGTON BEACH,ORANGE,92649,33.71257129896257,-118.04486712846176,2026-08-07T09:00:00Z,08/07/2026 01:00:00 PM,Work is in progress.,Enhancing Reliability,06,PO,33,VILLA PARK,07/28/2026 05:21:35 PM,2026-07-31T11:18:31,1:scheduled,2026-07-31T18:22:11Z
136353384,800555945,scheduled,ACTIVE,S,1,Upgrading Equipment,,FULLERTON,ORANGE,92833,33.888107206510846,-117.9425668886848,2026-08-10T09:00:00Z,08/10/2026 04:00:00 PM,Work is in progress.,Enhancing Reliability,06,PO,48,VILLA PARK,07/30/2026 12:00:30 PM,2026-07-31T11:18:31,1:scheduled,2026-07-31T18:22:11Z
136312665,800552686,scheduled,ACTIVE,S,104,Cable Upgrade,,BUENA PARK,ORANGE,90620,33.83989924092641,-117.99520550352433,2026-07-31T23:00:00Z,08/01/2026 06:30:00 AM,Work is in progress.,Enhancing Reliability,18,PO,48,VILLA PARK,07/21/2026 06:22:54 PM,2026-07-31T11:18:31,1:scheduled,2026-07-31T18:22:11Z
136328212,800554009,scheduled,ACTIVE,S,11,Upgrading Equipment,,NEWPORT BEACH,ORANGE,92625,33.60526308124897,-117.87043538464377,2026-08-04T12:30:00Z,08/04/2026 03:30:00 PM,Work is in progress.,Enhancing Reliability,06,PO,33,ELLIS,07/25/2026 06:14:34 AM,2026-07-31T11:18:31,1:scheduled,2026-07-31T18:22:11Z
136344144,800555212,scheduled,ACTIVE,S,57,Upgrading Equipment,,SANTA ANA,ORANGE,92706,33.77602338557146,-117.87228656630596,2026-08-07T21:00:00Z,08/08/2026 01:00:00 AM,Work is in progress.,Enhancing Reliability,18,PO,29,VILLA PARK,07/28/2026 04:57:20 PM,2026-07-31T11:18:31,1:scheduled,2026-07-31T18:22:11Z
136349469,800555690,scheduled,ACTIVE,S,73,Upgrading Equipment,,IRVINE,ORANGE,92602,33.721583272467036,-117.79086433615191,2026-08-08T08:00:00Z,08/08/2026 03:00:00 PM,Work is in progress.,Enhancing Reliability,06,PO,43,ELLIS,07/29/2026 04:50:24 PM,2026-07-31T11:18:31,1:scheduled,2026-07-31T18:22:11Z
136300609,800551954,scheduled,ACTIVE,S,53,Upgrading Equipment,,GARDEN GROVE,ORANGE,92845,33.77716562060776,-118.0391821285081,2026-08-03T08:00:00Z,08/03/2026 03:00:00 PM,Work is in progress.,Enhancing Reliability,18,PO,29,VILLA PARK,07/18/2026 12:28:21 PM,2026-07-31T11:18:31,1:scheduled,2026-07-31T18:22:11Z
136352829,800555816,scheduled,ACTIVE,S,1,Upgrading Equipment,,NEWPORT BEACH,ORANGE,92660,33.642453590215105,-117.8671645773718,2026-08-10T09:00:00Z,08/10/2026 11:00:00 AM,Work is in progress.,Enhancing Reliability,06,PO,33,ELLIS,07/30/2026 09:43:27 AM,2026-07-31T11:18:31,1:scheduled,2026-07-31T18:22:11Z
136344187,800555283,scheduled,ACTIVE,S,129,Upgrading Equipment,,SANTA ANA,ORANGE,92704,33.69767167739644,-117.89472893180906,2026-08-07T09:00:00Z,08/07/2026 03:00:00 PM,Work is in progress.,Enhancing Reliability,06,PO,29,ELLIS,07/28/2026 05:06:19 PM,2026-07-31T11:18:31,1:scheduled,2026-07-31T18:22:11Z
136325568,800553872,scheduled,ACTIVE,S,38,Upgrading Equipment,,SEAL BEACH,ORANGE,90740,33.76137699286526,-118.07824576928665,2026-08-06T22:00:00Z,08/07/2026 04:00:00 AM,Work is in progress.,Enhancing Reliability,06,PO,46,LIGHTHIPE,07/24/2026 06:06:18 PM,2026-07-31T11:18:31,1:scheduled,2026-07-31T18:22:11Z
136344072,800555281,scheduled,ACTIVE,S,35,Upgrading Equipment,,FULLERTON,ORANGE,92833,33.893933899114494,-117.94847005797993,2026-08-07T09:00:00Z,08/07/2026 04:00:00 PM,Work is in progress.,Enhancing Reliability,06,PO,48,VILLA PARK,07/28/2026 04:45:16 PM,2026-07-31T11:18:31,1:scheduled,2026-07-31T18:22:11Z
136320552,800553404,scheduled,ACTIVE,S,1,Upgrading Equipment,,YORBA LINDA,ORANGE,92886,33.89045614673738,-117.8140498689064,2026-08-01T09:00:00Z,08/01/2026 04:00:00 PM,Work is in progress.,Enhancing Reliability,06,PO,48,VILLA PARK,07/23/2026 11:20:25 AM,2026-07-31T11:18:31,1:scheduled,2026-07-31T18:22:11Z
136349441,800555667,scheduled,ACTIVE,S,46,Pole Upgrade,,SANTA ANA,ORANGE,92705,33.76636762126047,-117.83401994767839,2026-08-06T08:00:00Z,08/06/2026 04:00:00 PM,Work is in progress.,Enhancing Reliability,18,PO,29,VILLA PARK,07/29/2026 04:40:51 PM,2026-07-31T11:18:31,1:scheduled,2026-07-31T18:22:11Z
136325493,800553925,scheduled,ACTIVE,S,50,Pole Upgrade,,BUENA PARK,ORANGE,90620,33.849827912440766,-118.01056164275762,2026-08-03T21:00:00Z,08/04/2026 03:00:00 AM,Work is in progress.,Enhancing Reliability,18,PO,48,VILLA PARK,07/24/2026 05:43:40 PM,2026-07-31T11:18:31,1:scheduled,2026-07-31T18:22:11Z
136353674,800555948,scheduled,ACTIVE,S,99,Upgrading Equipment,,HUNTINGTON BEACH,ORANGE,92646,33.65288831220681,-117.97839513108494,2026-08-10T10:00:00Z,08/10/2026 02:00:00 PM,Work is in progress.,Enhancing Reliability,06,PO,33,ELLIS,07/30/2026 01:23:52 PM,2026-07-31T11:18:31,1:scheduled,2026-07-31T18:22:11Z
136317762,800553148,scheduled,ACTIVE,S,1,Upgrading Equipment,,STANTON,ORANGE,90680,33.80673802799463,-117.99066679699234,2026-08-03T07:30:00Z,08/03/2026 04:00:00 PM,Work is in progress.,Enhancing Reliability,06,PO,48,VILLA PARK,07/22/2026 04:34:13 PM,2026-07-31T11:18:31,1:scheduled,2026-07-31T18:22:11Z
136349055,800555684,scheduled,ACTIVE,S,0,Upgrading Equipment,,GARDEN GROVE,ORANGE,92841,33.79803057129434,-118.00328413192616,2026-07-31T23:00:00Z,08/01/2026 05:00:00 AM,Work is in progress.,Enhancing Reliability,06,PO,29,VILLA PARK,07/29/2026 02:59:43 PM,2026-07-31T11:18:31,1:scheduled,2026-07-31T18:22:11Z
136321999,800553511,scheduled,ACTIVE,S,27,Upgrading Equipment,,SANTA ANA,ORANGE,92706,33.75645897470706,-117.87065672413988,2026-08-03T09:00:00Z,08/03/2026 01:00:00 PM,Work is in progress.,Enhancing Reliability,06,PO,29,VILLA PARK,07/23/2026 02:58:22 PM,2026-07-31T11:18:31,1:scheduled,2026-07-31T18:22:11Z
136338482,800554698,scheduled,ACTIVE,S,147,Upgrading Equipment,,LA HABRA,ORANGE,90631,33.927265495117354,-117.95696260042027,2026-08-06T09:00:00Z,08/06/2026 03:00:00 PM,Work is in progress.,Enhancing Reliability,06,PO,48,VILLA PARK,07/27/2026 01:25:25 PM,2026-07-31T11:18:32,1:scheduled,2026-07-31T18:22:11Z
136339649,800554769,scheduled,ACTIVE,S,7,Upgrading Equipment,,GARDEN GROVE,ORANGE,92843,33.749844315766424,-117.94242823911058,2026-08-05T08:00:00Z,08/05/2026 03:00:00 PM,Work is in progress.,Enhancing Reliability,18,PO,29,VILLA PARK,07/27/2026 06:19:34 PM,2026-07-31T11:18:32,1:scheduled,2026-07-31T18:22:11Z
136349519,800555576,scheduled,ACTIVE,S,597,Upgrading Equipment,,IRVINE,ORANGE,92612,33.649538041391374,-117.82562273984588,2026-08-08T08:30:00Z,08/08/2026 06:30:00 PM,Work is in progress.,Enhancing Reliability,06,PO,43,ELLIS,07/29/2026 05:05:41 PM,2026-07-31T11:18:32,1:scheduled,2026-07-31T18:22:11Z
136352910,800555779,scheduled,ACTIVE,S,76,Upgrading Equipment,,COSTA MESA,ORANGE,92627,33.65240982993159,-117.90422650849096,2026-08-10T09:00:00Z,08/10/2026 10:30:00 AM,Work is in progress.,Enhancing Reliability,06,PO,33,ELLIS,07/30/2026 10:12:24 AM,2026-07-31T11:18:32,1:scheduled,2026-07-31T18:22:11Z
136344194,800555174,scheduled,ACTIVE,S,144,Transformer Upgrade,,NEWPORT BEACH,ORANGE,92663,33.625672060389086,-117.91075116913056,2026-08-07T09:30:00Z,08/07/2026 02:00:00 PM,Work is in progress.,Enhancing Reliability,06,PO,33,ELLIS,07/28/2026 05:08:44 PM,2026-07-31T11:18:32,1:scheduled,2026-07-31T18:22:11Z
136344210,800555320,scheduled,ACTIVE,S,2,Cable Upgrade,,HUNTINGTON BEACH,ORANGE,92647,33.745144378034986,-118.02638770598739,2026-08-08T07:30:00Z,08/08/2026 01:00:00 PM,Work is in progress.,Enhancing Reliability,06,PO,33,VILLA PARK,07/28/2026 05:15:49 PM,2026-07-31T11:18:32,1:scheduled,2026-07-31T18:22:11Z
136325503,800553980,scheduled,ACTIVE,S,263,Upgrading Equipment,,LAGUNA WOODS,ORANGE,92653,33.610430650505194,-117.73919787272297,2026-08-07T01:30:00Z,08/07/2026 06:30:00 AM,Work is in progress.,Enhancing Reliability,14,PO,43,ELLIS,07/31/2026 09:29:56 AM,2026-07-31T11:18:32,1:scheduled,2026-07-31T18:22:11Z
136317790,800553164,scheduled,ACTIVE,S,3,Cable Upgrade,,NEWPORT BEACH,ORANGE,92660,33.61996203915341,-117.87813627865516,2026-08-01T09:00:00Z,08/01/2026 12:00:00 PM,Work is in progress.,Enhancing Reliability,06,PO,33,ELLIS,07/22/2026 04:43:11 PM,2026-07-31T11:18:32,1:scheduled,2026-07-31T18:22:11Z
136328601,800554200,scheduled,ACTIVE,S,162,Pole Upgrade,,ORANGE,ORANGE,92867,33.81202505311741,-117.8332468234089,2026-08-04T21:00:00Z,08/05/2026 03:00:00 AM,Work is in progress.,Enhancing Reliability,18,PO,29,VILLA PARK,07/25/2026 08:52:04 AM,2026-07-31T11:18:32,1:scheduled,2026-07-31T18:22:11Z
136354456,800556070,scheduled,ACTIVE,S,70,Pole Upgrade,,ORANGE,ORANGE,92866,33.78533883232527,-117.84528135833582,2026-08-10T09:30:00Z,08/10/2026 04:00:00 PM,Work is in progress.,Enhancing Reliability,18,PO,29,VILLA PARK,07/30/2026 04:30:53 PM,2026-07-31T11:18:32,1:scheduled,2026-07-31T18:22:11Z
136325519,800553981,scheduled,ACTIVE,S,49,Upgrading Equipment,,SEAL BEACH,ORANGE,90740,33.77557886786111,-118.05643328359616,2026-08-04T12:00:00Z,08/04/2026 02:30:00 PM,Work is in progress.,Enhancing Reliability,06,PO,33,VILLA PARK,07/24/2026 05:49:24 PM,2026-07-31T11:18:32,1:scheduled,2026-07-31T18:22:11Z
136343047,800555116,scheduled,ACTIVE,S,15,Upgrading Equipment,,GARDEN GROVE,ORANGE,92844,33.76879410347582,-117.98274719734526,2026-08-03T08:00:00Z,08/03/2026 12:00:00 PM,Work is in progress.,Enhancing Reliability,18,PO,29,VILLA PARK,07/28/2026 01:25:24 PM,2026-07-31T11:18:32,1:scheduled,2026-07-31T18:22:11Z
136349254,800555574,scheduled,ACTIVE,S,429,Upgrading Equipment,,SANTA ANA,ORANGE,92706,33.7711192713363,-117.90317429383236,2026-08-06T00:30:00Z,08/06/2026 04:30:00 AM,Work is in progress.,Enhancing Reliability,06,PO,29,ELLIS,07/29/2026 03:42:09 PM,2026-07-31T11:18:32,1:scheduled,2026-07-31T18:22:11Z
136300584,800551988,scheduled,ACTIVE,S,6,Upgrading Equipment,,HUNTINGTON BEACH,ORANGE,92646,33.676494833623565,-117.97935198508455,2026-08-03T09:00:00Z,08/03/2026 11:00:00 AM,Work is in progress.,Enhancing Reliability,06,PO,33,ELLIS,07/18/2026 12:18:16 PM,2026-07-31T11:18:32,1:scheduled,2026-07-31T18:22:11Z
136308499,800552433,scheduled,ACTIVE,S,17,Upgrading Equipment,,FOUNTAIN VALLEY,ORANGE,92708,33.69642259671888,-117.94917739592623,2026-08-04T12:00:00Z,08/04/2026 03:00:00 PM,Work is in progress.,Enhancing Reliability,06,PO,33,ELLIS,07/20/2026 03:35:16 PM,2026-07-31T11:18:32,1:scheduled,2026-07-31T18:22:11Z
136342301,800554997,scheduled,ACTIVE,S,290,Transformer Upgrade,,LA HABRA,ORANGE,90631,33.92076994554213,-117.96099085995333,2026-08-07T08:30:00Z,08/07/2026 02:00:00 PM,Work is in progress.,Enhancing Reliability,18,PO,48,VILLA PARK,07/28/2026 10:57:55 AM,2026-07-31T11:18:32,1:scheduled,2026-07-31T18:22:11Z
136344200,800555264,scheduled,ACTIVE,S,32,Upgrading Equipment,,WESTMINSTER,ORANGE,92683,33.76958493832515,-118.01762283298045,2026-08-07T09:00:00Z,08/07/2026 11:00:00 AM,Work is in progress.,Enhancing Reliability,06,PO,33,VILLA PARK,07/28/2026 05:11:32 PM,2026-07-31T11:18:32,1:scheduled,2026-07-31T18:22:11Z
136252024,800548096,scheduled,ACTIVE,S,26,Upgrading Equipment,,LA HABRA,ORANGE,90631,33.92089369520579,-117.94329266994217,2026-08-02T09:00:00Z,08/02/2026 04:00:00 PM,Work is in progress.,Enhancing Reliability,14,PO,48,VILLA PARK,07/15/2026 07:13:18 AM,2026-07-31T11:18:32,1:scheduled,2026-07-31T18:22:11Z
136352384,800555846,scheduled,ACTIVE,S,55,Pole Upgrade,,WESTMINSTER,ORANGE,92683,33.762467234370995,-117.98723444298787,2026-08-05T08:30:00Z,08/05/2026 04:00:00 PM,Work is in progress.,Enhancing Reliability,18,PO,33,VILLA PARK,07/30/2026 08:17:53 AM,2026-07-31T11:18:32,1:scheduled,2026-07-31T18:22:11Z
136261877,800548814,scheduled,ACTIVE,S,12,Pole Upgrade,,WESTMINSTER,ORANGE,92683,33.76554349784408,-117.9843480023681,2026-08-06T08:00:00Z,08/06/2026 05:00:00 PM,Work is in progress.,Enhancing Reliability,20,PO,33,VILLA PARK,07/20/2026 03:32:01 PM,2026-07-31T11:18:32,1:scheduled,2026-07-31T18:22:11Z
136328339,800554105,scheduled,ACTIVE,S,11,Pole Upgrade,,HUNTINGTON BEACH,ORANGE,92647,33.736585786301454,-118.02033276901996,2026-08-06T09:00:00Z,08/06/2026 04:00:00 PM,Work is in progress.,Enhancing Reliability,06,PO,33,VILLA PARK,07/25/2026 07:27:39 AM,2026-07-31T11:18:32,1:scheduled,2026-07-31T18:22:11Z
136321052,800553448,scheduled,ACTIVE,S,683,Upgrading Equipment,,LAGUNA WOODS,ORANGE,92653,33.611945597099144,-117.74979828951963,2026-08-03T08:00:00Z,08/03/2026 04:00:00 PM,Work is in progress.,Enhancing Reliability,18,PO,43,ELLIS,07/23/2026 02:16:48 PM,2026-07-31T11:18:32,1:scheduled,2026-07-31T18:22:11Z
136344182,800555282,scheduled,ACTIVE,S,8,Upgrading Equipment,,TUSTIN,ORANGE,92782,33.728907205798784,-117.79699471723016,2026-08-07T21:00:00Z,08/08/2026 04:30:00 AM,Work is in progress.,Enhancing Reliability,06,PO,29,VILLA PARK,07/28/2026 05:05:43 PM,2026-07-31T11:18:32,1:scheduled,2026-07-31T18:22:11Z
136328244,800553855,scheduled,ACTIVE,S,9,Upgrading Equipment,,NEWPORT BEACH,ORANGE,92625,33.598499397038275,-117.85953968712164,2026-08-05T12:30:00Z,08/05/2026 03:30:00 PM,Work is in progress.,Enhancing Reliability,06,PO,33,ELLIS,07/25/2026 06:50:24 AM,2026-07-31T11:18:32,1:scheduled,2026-07-31T18:22:11Z
136344245,800555284,scheduled,ACTIVE,S,169,Upgrading Equipment,,SANTA ANA,ORANGE,92706,33.775375498178704,-117.87137163398573,2026-08-08T01:00:00Z,08/08/2026 04:00:00 AM,Work is in progress.,Enhancing Reliability,18,PO,29,VILLA PARK,07/28/2026 05:25:53 PM,2026-07-31T11:18:32,1:scheduled,2026-07-31T18:22:11Z
136328723,800554051,scheduled,ACTIVE,S,4,Upgrading Equipment,,NEWPORT BEACH,ORANGE,92660,33.6158775861818,-117.86826329960927,2026-08-06T01:30:00Z,08/06/2026 07:00:00 AM,Work is in progress.,Enhancing Reliability,06,PO,33,ELLIS,07/25/2026 09:30:21 AM,2026-07-31T11:18:32,1:scheduled,2026-07-31T18:22:11Z
136328164,800553974,scheduled,ACTIVE,S,60,Upgrading Equipment,,LOS ALAMITOS,ORANGE,90720,33.79085931464146,-118.07062169111353,2026-08-07T09:00:00Z,08/07/2026 04:00:00 PM,Work is in progress.,Enhancing Reliability,06,PO,46,LIGHTHIPE,07/25/2026 05:24:15 AM,2026-07-31T11:18:33,1:scheduled,2026-07-31T18:22:11Z
136352855,800555798,scheduled,ACTIVE,S,1,Cable Upgrade,,SANTA ANA,ORANGE,92706,33.768883694986954,-117.88432675433098,2026-08-10T09:00:00Z,08/10/2026 02:00:00 PM,Work is in progress.,Enhancing Reliability,06,PO,29,ELLIS,07/30/2026 09:52:57 AM,2026-07-31T11:18:33,1:scheduled,2026-07-31T18:22:11Z
136323433,800553612,scheduled,ACTIVE,S,255,Upgrading Equipment,,SANTA ANA,ORANGE,92703,33.73575467708588,-117.88853505511156,2026-08-04T22:00:00Z,08/05/2026 04:30:00 AM,Work is in progress.,Enhancing Reliability,06,PO,29,ELLIS,07/24/2026 08:41:28 AM,2026-07-31T11:18:33,1:scheduled,2026-07-31T18:22:11Z
136299596,800551797,active,ACTIVE,,12,Pole Upgrade,,WESTMINSTER,ORANGE,92683,33.76554349784408,-117.9843480023681,2026-07-31T08:00:00Z,07/31/2026 04:00:00 PM,Work is in progress.,Enhancing Reliability,18,PO,33,VILLA PARK,07/31/2026 08:33:51 AM,2026-07-31T11:28:41,0:active,2026-07-31T18:37:12Z
136299651,800551926,active,ACTIVE,,0,Transformer Upgrade,,FULLERTON,ORANGE,92831,33.859515074077976,-117.89506923699487,2026-07-31T09:00:00Z,07/31/2026 04:00:00 PM,Work is in progress.,Enhancing Reliability,06,PO,48,VILLA PARK,07/31/2026 10:05:44 AM,2026-07-31T11:28:42,0:active,2026-07-31T18:37:12Z
136299635,800551831,active,ACTIVE,,6,Upgrading Equipment,,TUSTIN FOOTHILLS,ORANGE,92780,33.75130155655582,-117.8133188154366,2026-07-31T08:00:00Z,07/31/2026 11:00:00 AM,Work is in progress.,Enhancing Reliability,18,PO,29,VILLA PARK,07/31/2026 10:02:15 AM,2026-07-31T11:28:42,0:active,2026-07-31T18:37:12Z
136312619,800552685,active,ACTIVE,,101,Upgrading Equipment,,GARDEN GROVE,ORANGE,92845,33.78216508806161,-118.03881183306652,2026-07-31T09:16:17Z,07/31/2026 04:00:00 PM,Work is in progress.,Enhancing Reliability,18,PO,29,VILLA PARK,07/31/2026 09:16:41 AM,2026-07-31T11:28:42,0:active,2026-07-31T18:37:12Z
136358352,800556421,active,ACTIVE,,21,Equipment Problems,,LAKE FOREST,ORANGE,92610,33.68643624615162,-117.66831589559777,2026-07-31T11:04:01Z,07/31/2026 01:00:00 PM,Work is in progress.,Not Available,07,QI,43,ELLIS,07/31/2026 11:13:22 AM,2026-07-31T11:28:42,0:active,2026-07-31T18:37:12Z
136357539,800556235,active,ACTIVE,,929,Analyzing Problem,,COSTA MESA,ORANGE,92627,33.63431412909953,-117.90302318911674,2026-07-31T08:50:01Z,Not Available,We have notified our repair crews. ,Not Available,03,Not Available,33,ELLIS,07/31/2026 11:25:58 AM,2026-07-31T11:28:42,0:active,2026-07-31T18:37:12Z
136357417,800556234,active,ACTIVE,,8,Equipment Problems,,WESTMINSTER,ORANGE,92683,33.76589880017344,-117.98371584981783,2026-07-31T08:26:48Z,07/31/2026 02:00:00 PM,Work is in progress.,Not Available,01,QI,33,VILLA PARK,07/31/2026 08:43:39 AM,2026-07-31T11:28:42,0:active,2026-07-31T18:37:12Z
136307252,800552216,active,ACTIVE,,0,Pole Upgrade,,Unincorporated Area,ORANGE,92821,33.94641754064117,-117.8622587823838,2026-07-31T07:00:00Z,07/31/2026 02:00:00 PM,Work is in progress.,Enhancing Reliability,18,PO,48,VILLA PARK,07/31/2026 07:10:18 AM,2026-07-31T11:28:43,0:active,2026-07-31T18:37:12Z
136299437,800551907,active,ACTIVE,,2,Cable Upgrade,,SANTA ANA,ORANGE,92705,33.7699450000988,-117.83770748520732,2026-07-31T08:00:00Z,07/31/2026 02:00:00 PM,Work is in progress.,Enhancing Reliability,18,PO,29,VILLA PARK,07/31/2026 08:43:43 AM,2026-07-31T11:28:43,0:active,2026-07-31T18:37:12Z
136241459,800547314,active,ACTIVE,,18,Upgrading Equipment,,WESTMINSTER,ORANGE,92683,33.7496556091426,-117.97043002548048,2026-07-31T09:53:57Z,Most up by 07/31/2026 11:00:00 AM,We have completed this repair.,Enhancing Reliability,14,PO,33,VILLA PARK,07/31/2026 11:10:18 AM,2026-07-31T11:28:43,0:active,2026-07-31T18:37:12Z
136358207,800556218,active,ACTIVE,,17,Equipment Problems,,BUENA PARK,ORANGE,90620,33.842563363756994,-117.98882721347881,2026-07-31T10:25:02Z,07/31/2026 02:00:00 PM,Work is in progress.,Not Available,01,QI,48,VILLA PARK,07/31/2026 10:36:36 AM,2026-07-31T11:28:43,0:active,2026-07-31T18:37:12Z
136355042,800556092,active,ACTIVE,,164,Equipment Problems,,TUSTIN,ORANGE,92782,33.731137031355516,-117.80241653685673,2026-07-30T19:31:20Z,Most up by 07/31/2026 10:15:00 AM,We have identified the problem and are working to restore your service.,Not Available,01,Not Available,29,VILLA PARK,07/31/2026 08:57:24 AM,2026-07-31T11:28:43,0:active,2026-07-31T18:37:12Z
136299616,800551853,active,ACTIVE,,15,Pole Upgrade,,WESTMINSTER,ORANGE,92683,33.7644827983857,-117.98369088743272,2026-07-31T08:00:00Z,07/31/2026 02:00:00 PM,Work is in progress.,Enhancing Reliability,18,PO,33,VILLA PARK,07/31/2026 08:32:08 AM,2026-07-31T11:28:43,0:active,2026-07-31T18:37:12Z
136299645,800551912,active,ACTIVE,,37,Upgrading Equipment,,BUENA PARK,ORANGE,90620,33.842134930990134,-117.98795291824709,2026-07-31T09:31:56Z,07/31/2026 02:00:00 PM,Work is in progress.,Enhancing Reliability,06,PO,48,VILLA PARK,07/31/2026 10:26:46 AM,2026-07-31T11:28:43,0:active,2026-07-31T18:37:12Z
136323151,800553664,active,ACTIVE,,78,Cable Upgrade,,ORANGE,ORANGE,92868,33.78277861094688,-117.87293439625456,2026-07-31T09:55:03Z,07/31/2026 02:00:00 PM,Work is in progress.,Enhancing Reliability,06,PO,29,VILLA PARK,07/31/2026 09:55:30 AM,2026-07-31T11:28:44,0:active,2026-07-31T18:37:12Z
136328621,800554131,scheduled,ACTIVE,S,85,Pole Upgrade,,GARDEN GROVE,ORANGE,92845,33.79046523974237,-118.02373298579515,2026-08-05T08:00:00Z,08/05/2026 03:00:00 PM,Work is in progress.,Enhancing Reliability,18,PO,29,VILLA PARK,07/25/2026 09:00:55 AM,2026-07-31T11:28:41,1:scheduled,2026-07-31T18:37:12Z
136349614,800555694,scheduled,ACTIVE,S,3,Upgrading Equipment,,COSTA MESA,ORANGE,92626,33.67372071069094,-117.87769470459074,2026-08-09T09:00:00Z,08/09/2026 02:00:00 PM,Work is in progress.,Enhancing Reliability,06,PO,33,ELLIS,07/29/2026 05:14:57 PM,2026-07-31T11:28:41,1:scheduled,2026-07-31T18:37:12Z
136338444,800554634,scheduled,ACTIVE,S,2,Upgrading Equipment,,BUENA PARK,ORANGE,90620,33.844417238492426,-118.02877105052218,2026-08-06T08:00:00Z,08/06/2026 06:30:00 PM,Work is in progress.,Enhancing Reliability,06,PO,48,VILLA PARK,07/27/2026 01:18:15 PM,2026-07-31T11:28:41,1:scheduled,2026-07-31T18:37:12Z
136242596,800547299,scheduled,ACTIVE,S,19,Upgrading Equipment,,WESTMINSTER,ORANGE,92683,33.771567700429756,-118.03849159175257,2026-07-31T12:00:00Z,07/31/2026 03:00:00 PM,Work is in progress.,Enhancing Reliability,14,PO,33,VILLA PARK,07/31/2026 11:10:09 AM,2026-07-31T11:28:41,1:scheduled,2026-07-31T18:37:12Z
136325466,800553838,scheduled,ACTIVE,S,82,Pole Upgrade,,CYPRESS,ORANGE,90630,33.80789051663639,-118.0121504382034,2026-08-04T09:00:00Z,08/04/2026 05:00:00 PM,Work is in progress.,Enhancing Reliability,06,PO,48,VILLA PARK,07/24/2026 05:34:48 PM,2026-07-31T11:28:41,1:scheduled,2026-07-31T18:37:12Z
136349634,800555555,scheduled,ACTIVE,S,683,Cable Upgrade,,LAGUNA WOODS,ORANGE,92653,33.611945597099144,-117.74979828951963,2026-08-10T08:00:00Z,08/10/2026 04:00:00 PM,Work is in progress.,Enhancing Reliability,18,PO,43,ELLIS,07/29/2026 05:27:11 PM,2026-07-31T11:28:41,1:scheduled,2026-07-31T18:37:12Z
136342059,800554995,scheduled,ACTIVE,S,40,Transformer Upgrade,,LA HABRA,ORANGE,90631,33.91164040097648,-117.95636194010892,2026-08-06T12:00:00Z,08/06/2026 03:30:00 PM,Work is in progress.,Enhancing Reliability,18,PO,48,VILLA PARK,07/28/2026 10:03:37 AM,2026-07-31T11:28:41,1:scheduled,2026-07-31T18:37:12Z
136349334,800555649,scheduled,ACTIVE,S,50,Transformer Upgrade,,SEAL BEACH,ORANGE,90740,33.767011407533914,-118.08291207880981,2026-08-10T09:00:00Z,08/10/2026 03:00:00 PM,Work is in progress.,Enhancing Reliability,06,PO,46,LIGHTHIPE,07/29/2026 04:02:37 PM,2026-07-31T11:28:42,1:scheduled,2026-07-31T18:37:12Z
136328219,800553998,scheduled,ACTIVE,S,14,Upgrading Equipment,,WESTMINSTER,ORANGE,92683,33.739953083000664,-118.0056591850109,2026-08-04T12:30:00Z,08/04/2026 03:00:00 PM,Work is in progress.,Enhancing Reliability,06,PO,33,VILLA PARK,07/25/2026 06:24:54 AM,2026-07-31T11:28:42,1:scheduled,2026-07-31T18:37:12Z
136344209,800555175,scheduled,ACTIVE,S,422,Upgrading Equipment,,YORBA LINDA,ORANGE,92886,33.90556745773305,-117.82947551169154,2026-08-07T09:00:00Z,08/07/2026 04:00:00 PM,Work is in progress.,Enhancing Reliability,06,PO,48,VILLA PARK,07/28/2026 05:14:40 PM,2026-07-31T11:28:42,1:scheduled,2026-07-31T18:37:12Z
136344160,800555188,scheduled,ACTIVE,S,2,Transformer Upgrade,,YORBA LINDA,ORANGE,92886,33.89010941744791,-117.81317064102544,2026-08-07T21:00:00Z,08/08/2026 01:00:00 AM,Work is in progress.,Enhancing Reliability,18,PO,48,VILLA PARK,07/28/2026 05:00:51 PM,2026-07-31T11:28:42,1:scheduled,2026-07-31T18:37:12Z
136341822,800555067,scheduled,ACTIVE,S,260,Pole Upgrade,,BUENA PARK,ORANGE,90621,33.863173367163085,-118.00968912349519,2026-08-06T09:00:00Z,08/06/2026 05:00:00 PM,Work is in progress.,Enhancing Reliability,06,PO,48,VILLA PARK,07/28/2026 09:22:49 AM,2026-07-31T11:28:42,1:scheduled,2026-07-31T18:37:12Z
136321088,800553546,scheduled,ACTIVE,S,37,Upgrading Equipment,,NEWPORT BEACH,ORANGE,92660,33.62521740647028,-117.90241094952137,2026-08-03T09:00:00Z,08/03/2026 01:00:00 PM,Work is in progress.,Enhancing Reliability,06,PO,33,ELLIS,07/23/2026 02:39:40 PM,2026-07-31T11:28:42,1:scheduled,2026-07-31T18:37:12Z
136325450,800553945,scheduled,ACTIVE,S,255,Pole Upgrade,,SANTA ANA,ORANGE,92703,33.73575467708588,-117.88853505511156,2026-08-04T08:00:00Z,08/04/2026 04:00:00 PM,Work is in progress.,Enhancing Reliability,18,PO,29,ELLIS,07/24/2026 05:30:21 PM,2026-07-31T11:28:42,1:scheduled,2026-07-31T18:37:12Z
136320896,800553505,scheduled,ACTIVE,S,0,Upgrading Equipment,,WESTMINSTER,ORANGE,92683,33.749448618087676,-117.99983447996259,2026-08-02T09:00:00Z,08/02/2026 02:00:00 PM,Work is in progress.,Enhancing Reliability,06,PO,33,VILLA PARK,07/23/2026 01:07:58 PM,2026-07-31T11:28:42,1:scheduled,2026-07-31T18:37:12Z
136323256,800553724,scheduled,ACTIVE,S,2,Upgrading Equipment,,GARDEN GROVE,ORANGE,92841,33.78998494280542,-118.00362214640799,2026-08-03T21:00:00Z,08/04/2026 02:00:00 AM,Work is in progress.,Enhancing Reliability,18,PO,29,VILLA PARK,07/24/2026 08:01:44 AM,2026-07-31T11:28:42,1:scheduled,2026-07-31T18:37:12Z
136299764,800551857,scheduled,ACTIVE,S,140,Transformer Upgrade,,SANTA ANA,ORANGE,92707,33.70141981640157,-117.86952971395411,2026-07-31T15:00:00Z,07/31/2026 07:00:00 PM,Work is in progress.,Enhancing Reliability,18,PO,29,ELLIS,07/18/2026 09:16:26 AM,2026-07-31T11:28:42,1:scheduled,2026-07-31T18:37:12Z
136328278,800554104,scheduled,ACTIVE,S,14,Upgrading Equipment,,FOUNTAIN VALLEY,ORANGE,92708,33.72696062563959,-117.93293490337513,2026-08-05T12:30:00Z,08/05/2026 03:00:00 PM,Work is in progress.,Enhancing Reliability,06,PO,33,ELLIS,07/25/2026 07:15:24 AM,2026-07-31T11:28:42,1:scheduled,2026-07-31T18:37:12Z
136343941,800555229,scheduled,ACTIVE,S,18,Upgrading Equipment,,FOUNTAIN VALLEY,ORANGE,92708,33.71635934366413,-117.97090804868756,2026-08-07T01:00:00Z,08/07/2026 06:30:00 AM,Work is in progress.,Enhancing Reliability,06,PO,33,ELLIS,07/28/2026 04:10:03 PM,2026-07-31T11:28:42,1:scheduled,2026-07-31T18:37:12Z
136300596,800551967,scheduled,ACTIVE,S,154,Upgrading Equipment,,HUNTINGTON BEACH,ORANGE,92646,33.66020883706171,-117.98387145778797,2026-08-03T09:00:00Z,08/03/2026 03:00:00 PM,Work is in progress.,Enhancing Reliability,06,PO,33,ELLIS,07/18/2026 12:22:20 PM,2026-07-31T11:28:42,1:scheduled,2026-07-31T18:37:12Z
136325479,800553946,scheduled,ACTIVE,S,21,Upgrading Equipment,,SANTA ANA,ORANGE,92704,33.71986341946297,-117.90632149831112,2026-08-04T09:00:00Z,08/04/2026 04:00:00 PM,Work is in progress.,Enhancing Reliability,06,PO,29,ELLIS,07/24/2026 05:37:48 PM,2026-07-31T11:28:42,1:scheduled,2026-07-31T18:37:12Z
136328682,800554187,scheduled,ACTIVE,S,1,Transformer Upgrade,,IRVINE,ORANGE,92618,33.66578857424019,-117.78764009484934,2026-08-05T13:00:00Z,08/05/2026 03:30:00 PM,Work is in progress.,Enhancing Reliability,18,PO,43,ELLIS,07/25/2026 09:16:04 AM,2026-07-31T11:28:42,1:scheduled,2026-07-31T18:37:12Z
136328262,800554029,scheduled,ACTIVE,S,7,Upgrading Equipment,,NEWPORT BEACH,ORANGE,92660,33.624375507748,-117.86575921521208,2026-08-05T12:30:00Z,08/05/2026 03:30:00 PM,Work is in progress.,Enhancing Reliability,06,PO,33,ELLIS,07/25/2026 07:02:21 AM,2026-07-31T11:28:42,1:scheduled,2026-07-31T18:37:12Z
136328225,800554063,scheduled,ACTIVE,S,23,Transformer Upgrade,,PLACENTIA,ORANGE,92870,33.86854751212615,-117.83149968462294,2026-08-05T08:00:00Z,08/05/2026 11:00:00 AM,Work is in progress.,Enhancing Reliability,18,PO,48,VILLA PARK,07/25/2026 06:38:29 AM,2026-07-31T11:28:42,1:scheduled,2026-07-31T18:37:12Z
136299776,800551892,scheduled,ACTIVE,S,2,Upgrading Equipment,,IRVINE,ORANGE,92614,33.69546016531424,-117.86171221951717,2026-08-01T08:00:00Z,08/01/2026 03:00:00 PM,Work is in progress.,Enhancing Reliability,06,PO,43,ELLIS,07/18/2026 09:19:22 AM,2026-07-31T11:28:42,1:scheduled,2026-07-31T18:37:12Z
136323196,800553592,scheduled,ACTIVE,S,5,Upgrading Equipment,,ORANGE,ORANGE,92868,33.78535590141055,-117.88948426534641,2026-08-03T19:30:00Z,08/03/2026 10:30:00 PM,Work is in progress.,Enhancing Reliability,06,PO,29,VILLA PARK,07/24/2026 07:23:04 AM,2026-07-31T11:28:42,1:scheduled,2026-07-31T18:37:12Z
136344234,800555190,scheduled,ACTIVE,S,26,Transformer Upgrade,,HUNTINGTON BEACH,ORANGE,92649,33.71257129896257,-118.04486712846176,2026-08-07T09:00:00Z,08/07/2026 01:00:00 PM,Work is in progress.,Enhancing Reliability,06,PO,33,VILLA PARK,07/28/2026 05:21:35 PM,2026-07-31T11:28:42,1:scheduled,2026-07-31T18:37:12Z
136353384,800555945,scheduled,ACTIVE,S,1,Upgrading Equipment,,FULLERTON,ORANGE,92833,33.888107206510846,-117.9425668886848,2026-08-10T09:00:00Z,08/10/2026 04:00:00 PM,Work is in progress.,Enhancing Reliability,06,PO,48,VILLA PARK,07/30/2026 12:00:30 PM,2026-07-31T11:28:42,1:scheduled,2026-07-31T18:37:12Z
136312665,800552686,scheduled,ACTIVE,S,104,Cable Upgrade,,BUENA PARK,ORANGE,90620,33.83989924092641,-117.99520550352433,2026-07-31T23:00:00Z,08/01/2026 06:30:00 AM,Work is in progress.,Enhancing Reliability,18,PO,48,VILLA PARK,07/21/2026 06:22:54 PM,2026-07-31T11:28:42,1:scheduled,2026-07-31T18:37:12Z
136328212,800554009,scheduled,ACTIVE,S,11,Upgrading Equipment,,NEWPORT BEACH,ORANGE,92625,33.60526308124897,-117.87043538464377,2026-08-04T12:30:00Z,08/04/2026 03:30:00 PM,Work is in progress.,Enhancing Reliability,06,PO,33,ELLIS,07/25/2026 06:14:34 AM,2026-07-31T11:28:42,1:scheduled,2026-07-31T18:37:12Z
136344144,800555212,scheduled,ACTIVE,S,57,Upgrading Equipment,,SANTA ANA,ORANGE,92706,33.77602338557146,-117.87228656630596,2026-08-07T21:00:00Z,08/08/2026 01:00:00 AM,Work is in progress.,Enhancing Reliability,18,PO,29,VILLA PARK,07/28/2026 04:57:20 PM,2026-07-31T11:28:42,1:scheduled,2026-07-31T18:37:12Z
136349469,800555690,scheduled,ACTIVE,S,73,Upgrading Equipment,,IRVINE,ORANGE,92602,33.721583272467036,-117.79086433615191,2026-08-08T08:00:00Z,08/08/2026 03:00:00 PM,Work is in progress.,Enhancing Reliability,06,PO,43,ELLIS,07/29/2026 04:50:24 PM,2026-07-31T11:28:42,1:scheduled,2026-07-31T18:37:12Z
136300609,800551954,scheduled,ACTIVE,S,53,Upgrading Equipment,,GARDEN GROVE,ORANGE,92845,33.77716562060776,-118.0391821285081,2026-08-03T08:00:00Z,08/03/2026 03:00:00 PM,Work is in progress.,Enhancing Reliability,18,PO,29,VILLA PARK,07/18/2026 12:28:21 PM,2026-07-31T11:28:42,1:scheduled,2026-07-31T18:37:12Z
136352829,800555816,scheduled,ACTIVE,S,1,Upgrading Equipment,,NEWPORT BEACH,ORANGE,92660,33.642453590215105,-117.8671645773718,2026-08-10T09:00:00Z,08/10/2026 11:00:00 AM,Work is in progress.,Enhancing Reliability,06,PO,33,ELLIS,07/30/2026 09:43:27 AM,2026-07-31T11:28:42,1:scheduled,2026-07-31T18:37:12Z
136344187,800555283,scheduled,ACTIVE,S,129,Upgrading Equipment,,SANTA ANA,ORANGE,92704,33.69767167739644,-117.89472893180906,2026-08-07T09:00:00Z,08/07/2026 03:00:00 PM,Work is in progress.,Enhancing Reliability,06,PO,29,ELLIS,07/28/2026 05:06:19 PM,2026-07-31T11:28:42,1:scheduled,2026-07-31T18:37:12Z
136325568,800553872,scheduled,ACTIVE,S,38,Upgrading Equipment,,SEAL BEACH,ORANGE,90740,33.76137699286526,-118.07824576928665,2026-08-06T22:00:00Z,08/07/2026 04:00:00 AM,Work is in progress.,Enhancing Reliability,06,PO,46,LIGHTHIPE,07/24/2026 06:06:18 PM,2026-07-31T11:28:42,1:scheduled,2026-07-31T18:37:12Z
136344072,800555281,scheduled,ACTIVE,S,35,Upgrading Equipment,,FULLERTON,ORANGE,92833,33.893933899114494,-117.94847005797993,2026-08-07T09:00:00Z,08/07/2026 04:00:00 PM,Work is in progress.,Enhancing Reliability,06,PO,48,VILLA PARK,07/28/2026 04:45:16 PM,2026-07-31T11:28:42,1:scheduled,2026-07-31T18:37:12Z
136320552,800553404,scheduled,ACTIVE,S,1,Upgrading Equipment,,YORBA LINDA,ORANGE,92886,33.89045614673738,-117.8140498689064,2026-08-01T09:00:00Z,08/01/2026 04:00:00 PM,Work is in progress.,Enhancing Reliability,06,PO,48,VILLA PARK,07/23/2026 11:20:25 AM,2026-07-31T11:28:42,1:scheduled,2026-07-31T18:37:12Z
136349441,800555667,scheduled,ACTIVE,S,46,Pole Upgrade,,SANTA ANA,ORANGE,92705,33.76636762126047,-117.83401994767839,2026-08-06T08:00:00Z,08/06/2026 04:00:00 PM,Work is in progress.,Enhancing Reliability,18,PO,29,VILLA PARK,07/29/2026 04:40:51 PM,2026-07-31T11:28:42,1:scheduled,2026-07-31T18:37:12Z
136325493,800553925,scheduled,ACTIVE,S,50,Pole Upgrade,,BUENA PARK,ORANGE,90620,33.849827912440766,-118.01056164275762,2026-08-03T21:00:00Z,08/04/2026 03:00:00 AM,Work is in progress.,Enhancing Reliability,18,PO,48,VILLA PARK,07/24/2026 05:43:40 PM,2026-07-31T11:28:42,1:scheduled,2026-07-31T18:37:12Z
136353674,800555948,scheduled,ACTIVE,S,99,Upgrading Equipment,,HUNTINGTON BEACH,ORANGE,92646,33.65288831220681,-117.97839513108494,2026-08-10T10:00:00Z,08/10/2026 02:00:00 PM,Work is in progress.,Enhancing Reliability,06,PO,33,ELLIS,07/30/2026 01:23:52 PM,2026-07-31T11:28:43,1:scheduled,2026-07-31T18:37:12Z
136317762,800553148,scheduled,ACTIVE,S,1,Upgrading Equipment,,STANTON,ORANGE,90680,33.80673802799463,-117.99066679699234,2026-08-03T07:30:00Z,08/03/2026 04:00:00 PM,Work is in progress.,Enhancing Reliability,06,PO,48,VILLA PARK,07/22/2026 04:34:13 PM,2026-07-31T11:28:43,1:scheduled,2026-07-31T18:37:12Z
136349055,800555684,scheduled,ACTIVE,S,0,Upgrading Equipment,,GARDEN GROVE,ORANGE,92841,33.79803057129434,-118.00328413192616,2026-07-31T23:00:00Z,08/01/2026 05:00:00 AM,Work is in progress.,Enhancing Reliability,06,PO,29,VILLA PARK,07/29/2026 02:59:43 PM,2026-07-31T11:28:43,1:scheduled,2026-07-31T18:37:12Z
136321999,800553511,scheduled,ACTIVE,S,27,Upgrading Equipment,,SANTA ANA,ORANGE,92706,33.75645897470706,-117.87065672413988,2026-08-03T09:00:00Z,08/03/2026 01:00:00 PM,Work is in progress.,Enhancing Reliability,06,PO,29,VILLA PARK,07/23/2026 02:58:22 PM,2026-07-31T11:28:43,1:scheduled,2026-07-31T18:37:12Z
136338482,800554698,scheduled,ACTIVE,S,147,Upgrading Equipment,,LA HABRA,ORANGE,90631,33.927265495117354,-117.95696260042027,2026-08-06T09:00:00Z,08/06/2026 03:00:00 PM,Work is in progress.,Enhancing Reliability,06,PO,48,VILLA PARK,07/27/2026 01:25:25 PM,2026-07-31T11:28:43,1:scheduled,2026-07-31T18:37:12Z
136339649,800554769,scheduled,ACTIVE,S,7,Upgrading Equipment,,GARDEN GROVE,ORANGE,92843,33.749844315766424,-117.94242823911058,2026-08-05T08:00:00Z,08/05/2026 03:00:00 PM,Work is in progress.,Enhancing Reliability,18,PO,29,VILLA PARK,07/27/2026 06:19:34 PM,2026-07-31T11:28:43,1:scheduled,2026-07-31T18:37:12Z
136349519,800555576,scheduled,ACTIVE,S,597,Upgrading Equipment,,IRVINE,ORANGE,92612,33.649538041391374,-117.82562273984588,2026-08-08T08:30:00Z,08/08/2026 06:30:00 PM,Work is in progress.,Enhancing Reliability,06,PO,43,ELLIS,07/29/2026 05:05:41 PM,2026-07-31T11:28:43,1:scheduled,2026-07-31T18:37:12Z
136352910,800555779,scheduled,ACTIVE,S,76,Upgrading Equipment,,COSTA MESA,ORANGE,92627,33.65240982993159,-117.90422650849096,2026-08-10T09:00:00Z,08/10/2026 10:30:00 AM,Work is in progress.,Enhancing Reliability,06,PO,33,ELLIS,07/30/2026 10:12:24 AM,2026-07-31T11:28:43,1:scheduled,2026-07-31T18:37:12Z
136344194,800555174,scheduled,ACTIVE,S,144,Transformer Upgrade,,NEWPORT BEACH,ORANGE,92663,33.625672060389086,-117.91075116913056,2026-08-07T09:30:00Z,08/07/2026 02:00:00 PM,Work is in progress.,Enhancing Reliability,06,PO,33,ELLIS,07/28/2026 05:08:44 PM,2026-07-31T11:28:43,1:scheduled,2026-07-31T18:37:12Z
136344210,800555320,scheduled,ACTIVE,S,2,Cable Upgrade,,HUNTINGTON BEACH,ORANGE,92647,33.745144378034986,-118.02638770598739,2026-08-08T07:30:00Z,08/08/2026 01:00:00 PM,Work is in progress.,Enhancing Reliability,06,PO,33,VILLA PARK,07/28/2026 05:15:49 PM,2026-07-31T11:28:43,1:scheduled,2026-07-31T18:37:12Z
136325503,800553980,scheduled,ACTIVE,S,263,Upgrading Equipment,,LAGUNA WOODS,ORANGE,92653,33.610430650505194,-117.73919787272297,2026-08-07T01:30:00Z,08/07/2026 06:30:00 AM,Work is in progress.,Enhancing Reliability,14,PO,43,ELLIS,07/31/2026 09:29:56 AM,2026-07-31T11:28:43,1:scheduled,2026-07-31T18:37:12Z
136317790,800553164,scheduled,ACTIVE,S,3,Cable Upgrade,,NEWPORT BEACH,ORANGE,92660,33.61996203915341,-117.87813627865516,2026-08-01T09:00:00Z,08/01/2026 12:00:00 PM,Work is in progress.,Enhancing Reliability,06,PO,33,ELLIS,07/22/2026 04:43:11 PM,2026-07-31T11:28:43,1:scheduled,2026-07-31T18:37:12Z
136328601,800554200,scheduled,ACTIVE,S,162,Pole Upgrade,,ORANGE,ORANGE,92867,33.81202505311741,-117.8332468234089,2026-08-04T21:00:00Z,08/05/2026 03:00:00 AM,Work is in progress.,Enhancing Reliability,18,PO,29,VILLA PARK,07/25/2026 08:52:04 AM,2026-07-31T11:28:43,1:scheduled,2026-07-31T18:37:12Z
136354456,800556070,scheduled,ACTIVE,S,70,Pole Upgrade,,ORANGE,ORANGE,92866,33.78533883232527,-117.84528135833582,2026-08-10T09:30:00Z,08/10/2026 04:00:00 PM,Work is in progress.,Enhancing Reliability,18,PO,29,VILLA PARK,07/30/2026 04:30:53 PM,2026-07-31T11:28:43,1:scheduled,2026-07-31T18:37:12Z
136325519,800553981,scheduled,ACTIVE,S,49,Upgrading Equipment,,SEAL BEACH,ORANGE,90740,33.77557886786111,-118.05643328359616,2026-08-04T12:00:00Z,08/04/2026 02:30:00 PM,Work is in progress.,Enhancing Reliability,06,PO,33,VILLA PARK,07/24/2026 05:49:24 PM,2026-07-31T11:28:43,1:scheduled,2026-07-31T18:37:12Z
136343047,800555116,scheduled,ACTIVE,S,15,Upgrading Equipment,,GARDEN GROVE,ORANGE,92844,33.76879410347582,-117.98274719734526,2026-08-03T08:00:00Z,08/03/2026 12:00:00 PM,Work is in progress.,Enhancing Reliability,18,PO,29,VILLA PARK,07/28/2026 01:25:24 PM,2026-07-31T11:28:43,1:scheduled,2026-07-31T18:37:12Z
136349254,800555574,scheduled,ACTIVE,S,429,Upgrading Equipment,,SANTA ANA,ORANGE,92706,33.7711192713363,-117.90317429383236,2026-08-06T00:30:00Z,08/06/2026 04:30:00 AM,Work is in progress.,Enhancing Reliability,06,PO,29,ELLIS,07/29/2026 03:42:09 PM,2026-07-31T11:28:43,1:scheduled,2026-07-31T18:37:12Z
136300584,800551988,scheduled,ACTIVE,S,6,Upgrading Equipment,,HUNTINGTON BEACH,ORANGE,92646,33.676494833623565,-117.97935198508455,2026-08-03T09:00:00Z,08/03/2026 11:00:00 AM,Work is in progress.,Enhancing Reliability,06,PO,33,ELLIS,07/18/2026 12:18:16 PM,2026-07-31T11:28:43,1:scheduled,2026-07-31T18:37:12Z
136308499,800552433,scheduled,ACTIVE,S,17,Upgrading Equipment,,FOUNTAIN VALLEY,ORANGE,92708,33.69642259671888,-117.94917739592623,2026-08-04T12:00:00Z,08/04/2026 03:00:00 PM,Work is in progress.,Enhancing Reliability,06,PO,33,ELLIS,07/20/2026 03:35:16 PM,2026-07-31T11:28:43,1:scheduled,2026-07-31T18:37:12Z
136342301,800554997,scheduled,ACTIVE,S,290,Transformer Upgrade,,LA HABRA,ORANGE,90631,33.92076994554213,-117.96099085995333,2026-08-07T08:30:00Z,08/07/2026 02:00:00 PM,Work is in progress.,Enhancing Reliability,18,PO,48,VILLA PARK,07/28/2026 10:57:55 AM,2026-07-31T11:28:43,1:scheduled,2026-07-31T18:37:12Z
136344200,800555264,scheduled,ACTIVE,S,32,Upgrading Equipment,,WESTMINSTER,ORANGE,92683,33.76958493832515,-118.01762283298045,2026-08-07T09:00:00Z,08/07/2026 11:00:00 AM,Work is in progress.,Enhancing Reliability,06,PO,33,VILLA PARK,07/28/2026 05:11:32 PM,2026-07-31T11:28:43,1:scheduled,2026-07-31T18:37:12Z
136252024,800548096,scheduled,ACTIVE,S,26,Upgrading Equipment,,LA HABRA,ORANGE,90631,33.92089369520579,-117.94329266994217,2026-08-02T09:00:00Z,08/02/2026 04:00:00 PM,Work is in progress.,Enhancing Reliability,14,PO,48,VILLA PARK,07/15/2026 07:13:18 AM,2026-07-31T11:28:43,1:scheduled,2026-07-31T18:37:12Z
136352384,800555846,scheduled,ACTIVE,S,55,Pole Upgrade,,WESTMINSTER,ORANGE,92683,33.762467234370995,-117.98723444298787,2026-08-05T08:30:00Z,08/05/2026 04:00:00 PM,Work is in progress.,Enhancing Reliability,18,PO,33,VILLA PARK,07/30/2026 08:17:53 AM,2026-07-31T11:28:43,1:scheduled,2026-07-31T18:37:12Z
136261877,800548814,scheduled,ACTIVE,S,12,Pole Upgrade,,WESTMINSTER,ORANGE,92683,33.76554349784408,-117.9843480023681,2026-08-06T08:00:00Z,08/06/2026 05:00:00 PM,Work is in progress.,Enhancing Reliability,20,PO,33,VILLA PARK,07/20/2026 03:32:01 PM,2026-07-31T11:28:43,1:scheduled,2026-07-31T18:37:12Z
136328339,800554105,scheduled,ACTIVE,S,11,Pole Upgrade,,HUNTINGTON BEACH,ORANGE,92647,33.736585786301454,-118.02033276901996,2026-08-06T09:00:00Z,08/06/2026 04:00:00 PM,Work is in progress.,Enhancing Reliability,06,PO,33,VILLA PARK,07/25/2026 07:27:39 AM,2026-07-31T11:28:43,1:scheduled,2026-07-31T18:37:12Z
136321052,800553448,scheduled,ACTIVE,S,683,Upgrading Equipment,,LAGUNA WOODS,ORANGE,92653,33.611945597099144,-117.74979828951963,2026-08-03T08:00:00Z,08/03/2026 04:00:00 PM,Work is in progress.,Enhancing Reliability,18,PO,43,ELLIS,07/23/2026 02:16:48 PM,2026-07-31T11:28:43,1:scheduled,2026-07-31T18:37:12Z
136344182,800555282,scheduled,ACTIVE,S,8,Upgrading Equipment,,TUSTIN,ORANGE,92782,33.728907205798784,-117.79699471723016,2026-08-07T21:00:00Z,08/08/2026 04:30:00 AM,Work is in progress.,Enhancing Reliability,06,PO,29,VILLA PARK,07/28/2026 05:05:43 PM,2026-07-31T11:28:43,1:scheduled,2026-07-31T18:37:12Z
136328244,800553855,scheduled,ACTIVE,S,9,Upgrading Equipment,,NEWPORT BEACH,ORANGE,92625,33.598499397038275,-117.85953968712164,2026-08-05T12:30:00Z,08/05/2026 03:30:00 PM,Work is in progress.,Enhancing Reliability,06,PO,33,ELLIS,07/25/2026 06:50:24 AM,2026-07-31T11:28:43,1:scheduled,2026-07-31T18:37:12Z
136344245,800555284,scheduled,ACTIVE,S,169,Upgrading Equipment,,SANTA ANA,ORANGE,92706,33.775375498178704,-117.87137163398573,2026-08-08T01:00:00Z,08/08/2026 04:00:00 AM,Work is in progress.,Enhancing Reliability,18,PO,29,VILLA PARK,07/28/2026 05:25:53 PM,2026-07-31T11:28:43,1:scheduled,2026-07-31T18:37:12Z
136328723,800554051,scheduled,ACTIVE,S,4,Upgrading Equipment,,NEWPORT BEACH,ORANGE,92660,33.6158775861818,-117.86826329960927,2026-08-06T01:30:00Z,08/06/2026 07:00:00 AM,Work is in progress.,Enhancing Reliability,06,PO,33,ELLIS,07/25/2026 09:30:21 AM,2026-07-31T11:28:43,1:scheduled,2026-07-31T18:37:12Z
136328164,800553974,scheduled,ACTIVE,S,60,Upgrading Equipment,,LOS ALAMITOS,ORANGE,90720,33.79085931464146,-118.07062169111353,2026-08-07T09:00:00Z,08/07/2026 04:00:00 PM,Work is in progress.,Enhancing Reliability,06,PO,46,LIGHTHIPE,07/25/2026 05:24:15 AM,2026-07-31T11:28:44,1:scheduled,2026-07-31T18:37:12Z
136352855,800555798,scheduled,ACTIVE,S,1,Cable Upgrade,,SANTA ANA,ORANGE,92706,33.768883694986954,-117.88432675433098,2026-08-10T09:00:00Z,08/10/2026 02:00:00 PM,Work is in progress.,Enhancing Reliability,06,PO,29,ELLIS,07/30/2026 09:52:57 AM,2026-07-31T11:28:44,1:scheduled,2026-07-31T18:37:12Z
136323433,800553612,scheduled,ACTIVE,S,255,Upgrading Equipment,,SANTA ANA,ORANGE,92703,33.73575467708588,-117.88853505511156,2026-08-04T22:00:00Z,08/05/2026 04:30:00 AM,Work is in progress.,Enhancing Reliability,06,PO,29,ELLIS,07/24/2026 08:41:28 AM,2026-07-31T11:28:44,1:scheduled,2026-07-31T18:37:12Z
136299596,800551797,active,ACTIVE,,12,Pole Upgrade,,WESTMINSTER,ORANGE,92683,33.76554349784408,-117.9843480023681,2026-07-31T08:00:00Z,07/31/2026 04:00:00 PM,Work is in progress.,Enhancing Reliability,18,PO,33,VILLA PARK,07/31/2026 08:33:51 AM,2026-07-31T11:48:30,0:active,2026-07-31T18:52:10Z
136299635,800551831,active,ACTIVE,,6,Upgrading Equipment,,TUSTIN FOOTHILLS,ORANGE,92780,33.75130155655582,-117.8133188154366,2026-07-31T08:00:00Z,07/31/2026 01:45:07 PM,Work is in progress.,Enhancing Reliability,18,PO,29,VILLA PARK,07/31/2026 11:41:15 AM,2026-07-31T11:48:30,0:active,2026-07-31T18:52:10Z
136312619,800552685,active,ACTIVE,,101,Upgrading Equipment,,GARDEN GROVE,ORANGE,92845,33.78216508806161,-118.03881183306652,2026-07-31T09:16:17Z,07/31/2026 04:00:00 PM,Work is in progress.,Enhancing Reliability,18,PO,29,VILLA PARK,07/31/2026 09:16:41 AM,2026-07-31T11:48:30,0:active,2026-07-31T18:52:10Z
136358352,800556421,active,ACTIVE,,21,Equipment Problems,,LAKE FOREST,ORANGE,92610,33.68643624615162,-117.66831589559777,2026-07-31T11:04:01Z,07/31/2026 01:00:00 PM,Work is in progress.,Not Available,07,QI,43,ELLIS,07/31/2026 11:13:22 AM,2026-07-31T11:48:30,0:active,2026-07-31T18:52:10Z
136357539,800556235,active,ACTIVE,,92,Equipment Problems,,COSTA MESA,ORANGE,92627,33.63494141105742,-117.90191068672279,2026-07-31T08:50:01Z,Not Available,We have identified the problem and are working to restore your service.,Not Available,03,Not Available,33,ELLIS,07/31/2026 11:47:09 AM,2026-07-31T11:48:30,0:active,2026-07-31T18:52:10Z
136357417,800556234,active,ACTIVE,,8,Equipment Problems,,WESTMINSTER,ORANGE,92683,33.76589880017344,-117.98371584981783,2026-07-31T08:26:48Z,07/31/2026 02:00:00 PM,Work is in progress.,Not Available,01,QI,33,VILLA PARK,07/31/2026 08:43:39 AM,2026-07-31T11:48:31,0:active,2026-07-31T18:52:10Z
136358559,800556441,active,ACTIVE,,1,Equipment Problems,,WESTMINSTER,ORANGE,92683,33.75352390101227,-118.01594455185764,2026-07-31T11:32:45Z,07/31/2026 12:30:00 PM,Work is in progress.,Not Available,07,QI,33,VILLA PARK,07/31/2026 11:44:58 AM,2026-07-31T11:48:31,0:active,2026-07-31T18:52:10Z
136307252,800552216,active,ACTIVE,,0,Pole Upgrade,,Unincorporated Area,ORANGE,92821,33.94641754064117,-117.8622587823838,2026-07-31T07:00:00Z,07/31/2026 02:00:00 PM,Work is in progress.,Enhancing Reliability,18,PO,48,VILLA PARK,07/31/2026 07:10:18 AM,2026-07-31T11:48:31,0:active,2026-07-31T18:52:10Z
136299437,800551907,active,ACTIVE,,2,Cable Upgrade,,SANTA ANA,ORANGE,92705,33.7699450000988,-117.83770748520732,2026-07-31T08:00:00Z,07/31/2026 02:00:00 PM,Work is in progress.,Enhancing Reliability,18,PO,29,VILLA PARK,07/31/2026 08:43:43 AM,2026-07-31T11:48:31,0:active,2026-07-31T18:52:10Z
136358207,800556218,active,ACTIVE,,17,Equipment Problems,,BUENA PARK,ORANGE,90620,33.842563363756994,-117.98882721347881,2026-07-31T10:25:02Z,07/31/2026 02:00:00 PM,Work is in progress.,Not Available,01,QI,48,VILLA PARK,07/31/2026 10:36:36 AM,2026-07-31T11:48:32,0:active,2026-07-31T18:52:10Z
136355042,800556092,active,ACTIVE,,164,Equipment Problems,,TUSTIN,ORANGE,92782,33.731137031355516,-117.80241653685673,2026-07-30T19:31:20Z,Most up by 07/31/2026 07:30:00 PM,We have identified the problem and are working to restore your service.,Not Available,01,Not Available,29,VILLA PARK,07/31/2026 11:31:10 AM,2026-07-31T11:48:32,0:active,2026-07-31T18:52:10Z
136299616,800551853,active,ACTIVE,,15,Pole Upgrade,,WESTMINSTER,ORANGE,92683,33.7644827983857,-117.98369088743272,2026-07-31T08:00:00Z,07/31/2026 02:00:00 PM,Work is in progress.,Enhancing Reliability,18,PO,33,VILLA PARK,07/31/2026 08:32:08 AM,2026-07-31T11:48:32,0:active,2026-07-31T18:52:10Z
136299645,800551912,active,ACTIVE,,37,Upgrading Equipment,,BUENA PARK,ORANGE,90620,33.842134930990134,-117.98795291824709,2026-07-31T09:31:56Z,07/31/2026 02:00:00 PM,Work is in progress.,Enhancing Reliability,06,PO,48,VILLA PARK,07/31/2026 10:26:46 AM,2026-07-31T11:48:32,0:active,2026-07-31T18:52:10Z
136323151,800553664,active,ACTIVE,,78,Cable Upgrade,,ORANGE,ORANGE,92868,33.78277861094688,-117.87293439625456,2026-07-31T09:55:03Z,07/31/2026 02:00:00 PM,Work is in progress.,Enhancing Reliability,06,PO,29,VILLA PARK,07/31/2026 09:55:30 AM,2026-07-31T11:48:32,0:active,2026-07-31T18:52:10Z
136328621,800554131,scheduled,ACTIVE,S,85,Pole Upgrade,,GARDEN GROVE,ORANGE,92845,33.79046523974237,-118.02373298579515,2026-08-05T08:00:00Z,08/05/2026 03:00:00 PM,Work is in progress.,Enhancing Reliability,18,PO,29,VILLA PARK,07/25/2026 09:00:55 AM,2026-07-31T11:48:30,1:scheduled,2026-07-31T18:52:10Z
136349614,800555694,scheduled,ACTIVE,S,3,Upgrading Equipment,,COSTA MESA,ORANGE,92626,33.67372071069094,-117.87769470459074,2026-08-09T09:00:00Z,08/09/2026 02:00:00 PM,Work is in progress.,Enhancing Reliability,06,PO,33,ELLIS,07/29/2026 05:14:57 PM,2026-07-31T11:48:30,1:scheduled,2026-07-31T18:52:10Z
136338444,800554634,scheduled,ACTIVE,S,2,Upgrading Equipment,,BUENA PARK,ORANGE,90620,33.844417238492426,-118.02877105052218,2026-08-06T08:00:00Z,08/06/2026 06:30:00 PM,Work is in progress.,Enhancing Reliability,06,PO,48,VILLA PARK,07/27/2026 01:18:15 PM,2026-07-31T11:48:30,1:scheduled,2026-07-31T18:52:10Z
136242596,800547299,scheduled,ACTIVE,S,19,Upgrading Equipment,,WESTMINSTER,ORANGE,92683,33.771567700429756,-118.03849159175257,2026-07-31T12:00:00Z,07/31/2026 03:00:00 PM,Work is in progress.,Enhancing Reliability,14,PO,33,VILLA PARK,07/31/2026 11:10:09 AM,2026-07-31T11:48:30,1:scheduled,2026-07-31T18:52:10Z
136325466,800553838,scheduled,ACTIVE,S,82,Pole Upgrade,,CYPRESS,ORANGE,90630,33.80789051663639,-118.0121504382034,2026-08-04T09:00:00Z,08/04/2026 05:00:00 PM,Work is in progress.,Enhancing Reliability,06,PO,48,VILLA PARK,07/24/2026 05:34:48 PM,2026-07-31T11:48:30,1:scheduled,2026-07-31T18:52:10Z
136349634,800555555,scheduled,ACTIVE,S,683,Cable Upgrade,,LAGUNA WOODS,ORANGE,92653,33.611945597099144,-117.74979828951963,2026-08-10T08:00:00Z,08/10/2026 04:00:00 PM,Work is in progress.,Enhancing Reliability,18,PO,43,ELLIS,07/29/2026 05:27:11 PM,2026-07-31T11:48:30,1:scheduled,2026-07-31T18:52:10Z
136342059,800554995,scheduled,ACTIVE,S,40,Transformer Upgrade,,LA HABRA,ORANGE,90631,33.91164040097648,-117.95636194010892,2026-08-06T12:00:00Z,08/06/2026 03:30:00 PM,Work is in progress.,Enhancing Reliability,18,PO,48,VILLA PARK,07/28/2026 10:03:37 AM,2026-07-31T11:48:30,1:scheduled,2026-07-31T18:52:10Z
136349334,800555649,scheduled,ACTIVE,S,50,Transformer Upgrade,,SEAL BEACH,ORANGE,90740,33.767011407533914,-118.08291207880981,2026-08-10T09:00:00Z,08/10/2026 03:00:00 PM,Work is in progress.,Enhancing Reliability,06,PO,46,LIGHTHIPE,07/29/2026 04:02:37 PM,2026-07-31T11:48:30,1:scheduled,2026-07-31T18:52:10Z
136328219,800553998,scheduled,ACTIVE,S,14,Upgrading Equipment,,WESTMINSTER,ORANGE,92683,33.739953083000664,-118.0056591850109,2026-08-04T12:30:00Z,08/04/2026 03:00:00 PM,Work is in progress.,Enhancing Reliability,06,PO,33,VILLA PARK,07/25/2026 06:24:54 AM,2026-07-31T11:48:30,1:scheduled,2026-07-31T18:52:10Z
136344209,800555175,scheduled,ACTIVE,S,422,Upgrading Equipment,,YORBA LINDA,ORANGE,92886,33.90556745773305,-117.82947551169154,2026-08-07T09:00:00Z,08/07/2026 04:00:00 PM,Work is in progress.,Enhancing Reliability,06,PO,48,VILLA PARK,07/28/2026 05:14:40 PM,2026-07-31T11:48:30,1:scheduled,2026-07-31T18:52:10Z
136344160,800555188,scheduled,ACTIVE,S,2,Transformer Upgrade,,YORBA LINDA,ORANGE,92886,33.89010941744791,-117.81317064102544,2026-08-07T21:00:00Z,08/08/2026 01:00:00 AM,Work is in progress.,Enhancing Reliability,18,PO,48,VILLA PARK,07/28/2026 05:00:51 PM,2026-07-31T11:48:30,1:scheduled,2026-07-31T18:52:10Z
136341822,800555067,scheduled,ACTIVE,S,260,Pole Upgrade,,BUENA PARK,ORANGE,90621,33.863173367163085,-118.00968912349519,2026-08-06T09:00:00Z,08/06/2026 05:00:00 PM,Work is in progress.,Enhancing Reliability,06,PO,48,VILLA PARK,07/28/2026 09:22:49 AM,2026-07-31T11:48:30,1:scheduled,2026-07-31T18:52:10Z
136321088,800553546,scheduled,ACTIVE,S,37,Upgrading Equipment,,NEWPORT BEACH,ORANGE,92660,33.62521740647028,-117.90241094952137,2026-08-03T09:00:00Z,08/03/2026 01:00:00 PM,Work is in progress.,Enhancing Reliability,06,PO,33,ELLIS,07/23/2026 02:39:40 PM,2026-07-31T11:48:30,1:scheduled,2026-07-31T18:52:10Z
136325450,800553945,scheduled,ACTIVE,S,255,Pole Upgrade,,SANTA ANA,ORANGE,92703,33.73575467708588,-117.88853505511156,2026-08-04T08:00:00Z,08/04/2026 04:00:00 PM,Work is in progress.,Enhancing Reliability,18,PO,29,ELLIS,07/24/2026 05:30:21 PM,2026-07-31T11:48:30,1:scheduled,2026-07-31T18:52:10Z
136320896,800553505,scheduled,ACTIVE,S,0,Upgrading Equipment,,WESTMINSTER,ORANGE,92683,33.749448618087676,-117.99983447996259,2026-08-02T09:00:00Z,08/02/2026 02:00:00 PM,Work is in progress.,Enhancing Reliability,06,PO,33,VILLA PARK,07/23/2026 01:07:58 PM,2026-07-31T11:48:30,1:scheduled,2026-07-31T18:52:10Z
136323256,800553724,scheduled,ACTIVE,S,2,Upgrading Equipment,,GARDEN GROVE,ORANGE,92841,33.78998494280542,-118.00362214640799,2026-08-03T21:00:00Z,08/04/2026 02:00:00 AM,Work is in progress.,Enhancing Reliability,18,PO,29,VILLA PARK,07/24/2026 08:01:44 AM,2026-07-31T11:48:30,1:scheduled,2026-07-31T18:52:10Z
136299764,800551857,scheduled,ACTIVE,S,140,Transformer Upgrade,,SANTA ANA,ORANGE,92707,33.70141981640157,-117.86952971395411,2026-07-31T15:00:00Z,07/31/2026 07:00:00 PM,Work is in progress.,Enhancing Reliability,18,PO,29,ELLIS,07/18/2026 09:16:26 AM,2026-07-31T11:48:30,1:scheduled,2026-07-31T18:52:10Z
136328278,800554104,scheduled,ACTIVE,S,14,Upgrading Equipment,,FOUNTAIN VALLEY,ORANGE,92708,33.72696062563959,-117.93293490337513,2026-08-05T12:30:00Z,08/05/2026 03:00:00 PM,Work is in progress.,Enhancing Reliability,06,PO,33,ELLIS,07/25/2026 07:15:24 AM,2026-07-31T11:48:30,1:scheduled,2026-07-31T18:52:10Z
136343941,800555229,scheduled,ACTIVE,S,18,Upgrading Equipment,,FOUNTAIN VALLEY,ORANGE,92708,33.71635934366413,-117.97090804868756,2026-08-07T01:00:00Z,08/07/2026 06:30:00 AM,Work is in progress.,Enhancing Reliability,06,PO,33,ELLIS,07/28/2026 04:10:03 PM,2026-07-31T11:48:30,1:scheduled,2026-07-31T18:52:10Z
136300596,800551967,scheduled,ACTIVE,S,154,Upgrading Equipment,,HUNTINGTON BEACH,ORANGE,92646,33.66020883706171,-117.98387145778797,2026-08-03T09:00:00Z,08/03/2026 03:00:00 PM,Work is in progress.,Enhancing Reliability,06,PO,33,ELLIS,07/18/2026 12:22:20 PM,2026-07-31T11:48:30,1:scheduled,2026-07-31T18:52:10Z
136325479,800553946,scheduled,ACTIVE,S,21,Upgrading Equipment,,SANTA ANA,ORANGE,92704,33.71986341946297,-117.90632149831112,2026-08-04T09:00:00Z,08/04/2026 04:00:00 PM,Work is in progress.,Enhancing Reliability,06,PO,29,ELLIS,07/24/2026 05:37:48 PM,2026-07-31T11:48:30,1:scheduled,2026-07-31T18:52:10Z
136328682,800554187,scheduled,ACTIVE,S,1,Transformer Upgrade,,IRVINE,ORANGE,92618,33.66578857424019,-117.78764009484934,2026-08-05T13:00:00Z,08/05/2026 03:30:00 PM,Work is in progress.,Enhancing Reliability,18,PO,43,ELLIS,07/25/2026 09:16:04 AM,2026-07-31T11:48:30,1:scheduled,2026-07-31T18:52:10Z
136328262,800554029,scheduled,ACTIVE,S,7,Upgrading Equipment,,NEWPORT BEACH,ORANGE,92660,33.624375507748,-117.86575921521208,2026-08-05T12:30:00Z,08/05/2026 03:30:00 PM,Work is in progress.,Enhancing Reliability,06,PO,33,ELLIS,07/25/2026 07:02:21 AM,2026-07-31T11:48:31,1:scheduled,2026-07-31T18:52:10Z
136328225,800554063,scheduled,ACTIVE,S,23,Transformer Upgrade,,PLACENTIA,ORANGE,92870,33.86854751212615,-117.83149968462294,2026-08-05T08:00:00Z,08/05/2026 11:00:00 AM,Work is in progress.,Enhancing Reliability,18,PO,48,VILLA PARK,07/25/2026 06:38:29 AM,2026-07-31T11:48:31,1:scheduled,2026-07-31T18:52:10Z
136299776,800551892,scheduled,ACTIVE,S,2,Upgrading Equipment,,IRVINE,ORANGE,92614,33.69546016531424,-117.86171221951717,2026-08-01T08:00:00Z,08/01/2026 03:00:00 PM,Work is in progress.,Enhancing Reliability,06,PO,43,ELLIS,07/18/2026 09:19:22 AM,2026-07-31T11:48:31,1:scheduled,2026-07-31T18:52:10Z
136323196,800553592,scheduled,ACTIVE,S,5,Upgrading Equipment,,ORANGE,ORANGE,92868,33.78535590141055,-117.88948426534641,2026-08-03T19:30:00Z,08/03/2026 10:30:00 PM,Work is in progress.,Enhancing Reliability,06,PO,29,VILLA PARK,07/24/2026 07:23:04 AM,2026-07-31T11:48:31,1:scheduled,2026-07-31T18:52:10Z
136344234,800555190,scheduled,ACTIVE,S,26,Transformer Upgrade,,HUNTINGTON BEACH,ORANGE,92649,33.71257129896257,-118.04486712846176,2026-08-07T09:00:00Z,08/07/2026 01:00:00 PM,Work is in progress.,Enhancing Reliability,06,PO,33,VILLA PARK,07/28/2026 05:21:35 PM,2026-07-31T11:48:31,1:scheduled,2026-07-31T18:52:10Z
136353384,800555945,scheduled,ACTIVE,S,1,Upgrading Equipment,,FULLERTON,ORANGE,92833,33.888107206510846,-117.9425668886848,2026-08-10T09:00:00Z,08/10/2026 04:00:00 PM,Work is in progress.,Enhancing Reliability,06,PO,48,VILLA PARK,07/30/2026 12:00:30 PM,2026-07-31T11:48:31,1:scheduled,2026-07-31T18:52:10Z
136312665,800552686,scheduled,ACTIVE,S,104,Cable Upgrade,,BUENA PARK,ORANGE,90620,33.83989924092641,-117.99520550352433,2026-07-31T23:00:00Z,08/01/2026 06:30:00 AM,Work is in progress.,Enhancing Reliability,18,PO,48,VILLA PARK,07/21/2026 06:22:54 PM,2026-07-31T11:48:31,1:scheduled,2026-07-31T18:52:10Z
136328212,800554009,scheduled,ACTIVE,S,11,Upgrading Equipment,,NEWPORT BEACH,ORANGE,92625,33.60526308124897,-117.87043538464377,2026-08-04T12:30:00Z,08/04/2026 03:30:00 PM,Work is in progress.,Enhancing Reliability,06,PO,33,ELLIS,07/25/2026 06:14:34 AM,2026-07-31T11:48:31,1:scheduled,2026-07-31T18:52:10Z
136344144,800555212,scheduled,ACTIVE,S,57,Upgrading Equipment,,SANTA ANA,ORANGE,92706,33.77602338557146,-117.87228656630596,2026-08-07T21:00:00Z,08/08/2026 01:00:00 AM,Work is in progress.,Enhancing Reliability,18,PO,29,VILLA PARK,07/28/2026 04:57:20 PM,2026-07-31T11:48:31,1:scheduled,2026-07-31T18:52:10Z
136349469,800555690,scheduled,ACTIVE,S,73,Upgrading Equipment,,IRVINE,ORANGE,92602,33.721583272467036,-117.79086433615191,2026-08-08T08:00:00Z,08/08/2026 03:00:00 PM,Work is in progress.,Enhancing Reliability,06,PO,43,ELLIS,07/29/2026 04:50:24 PM,2026-07-31T11:48:31,1:scheduled,2026-07-31T18:52:10Z
136300609,800551954,scheduled,ACTIVE,S,53,Upgrading Equipment,,GARDEN GROVE,ORANGE,92845,33.77716562060776,-118.0391821285081,2026-08-03T08:00:00Z,08/03/2026 03:00:00 PM,Work is in progress.,Enhancing Reliability,18,PO,29,VILLA PARK,07/18/2026 12:28:21 PM,2026-07-31T11:48:31,1:scheduled,2026-07-31T18:52:10Z
136352829,800555816,scheduled,ACTIVE,S,1,Upgrading Equipment,,NEWPORT BEACH,ORANGE,92660,33.642453590215105,-117.8671645773718,2026-08-10T09:00:00Z,08/10/2026 11:00:00 AM,Work is in progress.,Enhancing Reliability,06,PO,33,ELLIS,07/30/2026 09:43:27 AM,2026-07-31T11:48:31,1:scheduled,2026-07-31T18:52:10Z
136344187,800555283,scheduled,ACTIVE,S,129,Upgrading Equipment,,SANTA ANA,ORANGE,92704,33.69767167739644,-117.89472893180906,2026-08-07T09:00:00Z,08/07/2026 03:00:00 PM,Work is in progress.,Enhancing Reliability,06,PO,29,ELLIS,07/28/2026 05:06:19 PM,2026-07-31T11:48:31,1:scheduled,2026-07-31T18:52:10Z
136325568,800553872,scheduled,ACTIVE,S,38,Upgrading Equipment,,SEAL BEACH,ORANGE,90740,33.76137699286526,-118.07824576928665,2026-08-06T22:00:00Z,08/07/2026 04:00:00 AM,Work is in progress.,Enhancing Reliability,06,PO,46,LIGHTHIPE,07/24/2026 06:06:18 PM,2026-07-31T11:48:31,1:scheduled,2026-07-31T18:52:10Z
136344072,800555281,scheduled,ACTIVE,S,35,Upgrading Equipment,,FULLERTON,ORANGE,92833,33.893933899114494,-117.94847005797993,2026-08-07T09:00:00Z,08/07/2026 04:00:00 PM,Work is in progress.,Enhancing Reliability,06,PO,48,VILLA PARK,07/28/2026 04:45:16 PM,2026-07-31T11:48:31,1:scheduled,2026-07-31T18:52:10Z
136320552,800553404,scheduled,ACTIVE,S,1,Upgrading Equipment,,YORBA LINDA,ORANGE,92886,33.89045614673738,-117.8140498689064,2026-08-01T09:00:00Z,08/01/2026 04:00:00 PM,Work is in progress.,Enhancing Reliability,06,PO,48,VILLA PARK,07/23/2026 11:20:25 AM,2026-07-31T11:48:31,1:scheduled,2026-07-31T18:52:10Z
136349441,800555667,scheduled,ACTIVE,S,46,Pole Upgrade,,SANTA ANA,ORANGE,92705,33.76636762126047,-117.83401994767839,2026-08-06T08:00:00Z,08/06/2026 04:00:00 PM,Work is in progress.,Enhancing Reliability,18,PO,29,VILLA PARK,07/29/2026 04:40:51 PM,2026-07-31T11:48:31,1:scheduled,2026-07-31T18:52:10Z
136325493,800553925,scheduled,ACTIVE,S,50,Pole Upgrade,,BUENA PARK,ORANGE,90620,33.849827912440766,-118.01056164275762,2026-08-03T21:00:00Z,08/04/2026 03:00:00 AM,Work is in progress.,Enhancing Reliability,18,PO,48,VILLA PARK,07/24/2026 05:43:40 PM,2026-07-31T11:48:31,1:scheduled,2026-07-31T18:52:10Z
136353674,800555948,scheduled,ACTIVE,S,99,Upgrading Equipment,,HUNTINGTON BEACH,ORANGE,92646,33.65288831220681,-117.97839513108494,2026-08-10T10:00:00Z,08/10/2026 02:00:00 PM,Work is in progress.,Enhancing Reliability,06,PO,33,ELLIS,07/30/2026 01:23:52 PM,2026-07-31T11:48:31,1:scheduled,2026-07-31T18:52:10Z
136317762,800553148,scheduled,ACTIVE,S,1,Upgrading Equipment,,STANTON,ORANGE,90680,33.80673802799463,-117.99066679699234,2026-08-03T07:30:00Z,08/03/2026 04:00:00 PM,Work is in progress.,Enhancing Reliability,06,PO,48,VILLA PARK,07/22/2026 04:34:13 PM,2026-07-31T11:48:31,1:scheduled,2026-07-31T18:52:10Z
136349055,800555684,scheduled,ACTIVE,S,0,Upgrading Equipment,,GARDEN GROVE,ORANGE,92841,33.79803057129434,-118.00328413192616,2026-07-31T23:00:00Z,08/01/2026 05:00:00 AM,Work is in progress.,Enhancing Reliability,06,PO,29,VILLA PARK,07/29/2026 02:59:43 PM,2026-07-31T11:48:31,1:scheduled,2026-07-31T18:52:10Z
136321999,800553511,scheduled,ACTIVE,S,27,Upgrading Equipment,,SANTA ANA,ORANGE,92706,33.75645897470706,-117.87065672413988,2026-08-03T09:00:00Z,08/03/2026 01:00:00 PM,Work is in progress.,Enhancing Reliability,06,PO,29,VILLA PARK,07/23/2026 02:58:22 PM,2026-07-31T11:48:31,1:scheduled,2026-07-31T18:52:10Z
136338482,800554698,scheduled,ACTIVE,S,147,Upgrading Equipment,,LA HABRA,ORANGE,90631,33.927265495117354,-117.95696260042027,2026-08-06T09:00:00Z,08/06/2026 03:00:00 PM,Work is in progress.,Enhancing Reliability,06,PO,48,VILLA PARK,07/27/2026 01:25:25 PM,2026-07-31T11:48:31,1:scheduled,2026-07-31T18:52:10Z
136339649,800554769,scheduled,ACTIVE,S,7,Upgrading Equipment,,GARDEN GROVE,ORANGE,92843,33.749844315766424,-117.94242823911058,2026-08-05T08:00:00Z,08/05/2026 03:00:00 PM,Work is in progress.,Enhancing Reliability,18,PO,29,VILLA PARK,07/27/2026 06:19:34 PM,2026-07-31T11:48:31,1:scheduled,2026-07-31T18:52:10Z
136349519,800555576,scheduled,ACTIVE,S,597,Upgrading Equipment,,IRVINE,ORANGE,92612,33.649538041391374,-117.82562273984588,2026-08-08T08:30:00Z,08/08/2026 06:30:00 PM,Work is in progress.,Enhancing Reliability,06,PO,43,ELLIS,07/29/2026 05:05:41 PM,2026-07-31T11:48:31,1:scheduled,2026-07-31T18:52:10Z
136352910,800555779,scheduled,ACTIVE,S,76,Upgrading Equipment,,COSTA MESA,ORANGE,92627,33.65240982993159,-117.90422650849096,2026-08-10T09:00:00Z,08/10/2026 10:30:00 AM,Work is in progress.,Enhancing Reliability,06,PO,33,ELLIS,07/30/2026 10:12:24 AM,2026-07-31T11:48:31,1:scheduled,2026-07-31T18:52:10Z
136344194,800555174,scheduled,ACTIVE,S,144,Transformer Upgrade,,NEWPORT BEACH,ORANGE,92663,33.625672060389086,-117.91075116913056,2026-08-07T09:30:00Z,08/07/2026 02:00:00 PM,Work is in progress.,Enhancing Reliability,06,PO,33,ELLIS,07/28/2026 05:08:44 PM,2026-07-31T11:48:31,1:scheduled,2026-07-31T18:52:10Z
136344210,800555320,scheduled,ACTIVE,S,2,Cable Upgrade,,HUNTINGTON BEACH,ORANGE,92647,33.745144378034986,-118.02638770598739,2026-08-08T07:30:00Z,08/08/2026 01:00:00 PM,Work is in progress.,Enhancing Reliability,06,PO,33,VILLA PARK,07/28/2026 05:15:49 PM,2026-07-31T11:48:31,1:scheduled,2026-07-31T18:52:10Z
136325503,800553980,scheduled,ACTIVE,S,263,Upgrading Equipment,,LAGUNA WOODS,ORANGE,92653,33.610430650505194,-117.73919787272297,2026-08-07T01:30:00Z,08/07/2026 06:30:00 AM,Work is in progress.,Enhancing Reliability,14,PO,43,ELLIS,07/31/2026 09:29:56 AM,2026-07-31T11:48:32,1:scheduled,2026-07-31T18:52:10Z
136317790,800553164,scheduled,ACTIVE,S,3,Cable Upgrade,,NEWPORT BEACH,ORANGE,92660,33.61996203915341,-117.87813627865516,2026-08-01T09:00:00Z,08/01/2026 12:00:00 PM,Work is in progress.,Enhancing Reliability,06,PO,33,ELLIS,07/22/2026 04:43:11 PM,2026-07-31T11:48:32,1:scheduled,2026-07-31T18:52:10Z
136328601,800554200,scheduled,ACTIVE,S,162,Pole Upgrade,,ORANGE,ORANGE,92867,33.81202505311741,-117.8332468234089,2026-08-04T21:00:00Z,08/05/2026 03:00:00 AM,Work is in progress.,Enhancing Reliability,18,PO,29,VILLA PARK,07/25/2026 08:52:04 AM,2026-07-31T11:48:32,1:scheduled,2026-07-31T18:52:10Z
136354456,800556070,scheduled,ACTIVE,S,70,Pole Upgrade,,ORANGE,ORANGE,92866,33.78533883232527,-117.84528135833582,2026-08-10T09:30:00Z,08/10/2026 04:00:00 PM,Work is in progress.,Enhancing Reliability,18,PO,29,VILLA PARK,07/30/2026 04:30:53 PM,2026-07-31T11:48:32,1:scheduled,2026-07-31T18:52:10Z
136325519,800553981,scheduled,ACTIVE,S,49,Upgrading Equipment,,SEAL BEACH,ORANGE,90740,33.77557886786111,-118.05643328359616,2026-08-04T12:00:00Z,08/04/2026 02:30:00 PM,Work is in progress.,Enhancing Reliability,06,PO,33,VILLA PARK,07/24/2026 05:49:24 PM,2026-07-31T11:48:32,1:scheduled,2026-07-31T18:52:10Z
136343047,800555116,scheduled,ACTIVE,S,15,Upgrading Equipment,,GARDEN GROVE,ORANGE,92844,33.76879410347582,-117.98274719734526,2026-08-03T08:00:00Z,08/03/2026 12:00:00 PM,Work is in progress.,Enhancing Reliability,18,PO,29,VILLA PARK,07/28/2026 01:25:24 PM,2026-07-31T11:48:32,1:scheduled,2026-07-31T18:52:10Z
136349254,800555574,scheduled,ACTIVE,S,429,Upgrading Equipment,,SANTA ANA,ORANGE,92706,33.7711192713363,-117.90317429383236,2026-08-06T00:30:00Z,08/06/2026 04:30:00 AM,Work is in progress.,Enhancing Reliability,06,PO,29,ELLIS,07/29/2026 03:42:09 PM,2026-07-31T11:48:32,1:scheduled,2026-07-31T18:52:10Z
136300584,800551988,scheduled,ACTIVE,S,6,Upgrading Equipment,,HUNTINGTON BEACH,ORANGE,92646,33.676494833623565,-117.97935198508455,2026-08-03T09:00:00Z,08/03/2026 11:00:00 AM,Work is in progress.,Enhancing Reliability,06,PO,33,ELLIS,07/18/2026 12:18:16 PM,2026-07-31T11:48:32,1:scheduled,2026-07-31T18:52:10Z
136308499,800552433,scheduled,ACTIVE,S,17,Upgrading Equipment,,FOUNTAIN VALLEY,ORANGE,92708,33.69642259671888,-117.94917739592623,2026-08-04T12:00:00Z,08/04/2026 03:00:00 PM,Work is in progress.,Enhancing Reliability,06,PO,33,ELLIS,07/20/2026 03:35:16 PM,2026-07-31T11:48:32,1:scheduled,2026-07-31T18:52:10Z
136342301,800554997,scheduled,ACTIVE,S,290,Transformer Upgrade,,LA HABRA,ORANGE,90631,33.92076994554213,-117.96099085995333,2026-08-07T08:30:00Z,08/07/2026 02:00:00 PM,Work is in progress.,Enhancing Reliability,18,PO,48,VILLA PARK,07/28/2026 10:57:55 AM,2026-07-31T11:48:32,1:scheduled,2026-07-31T18:52:10Z
136344200,800555264,scheduled,ACTIVE,S,32,Upgrading Equipment,,WESTMINSTER,ORANGE,92683,33.76958493832515,-118.01762283298045,2026-08-07T09:00:00Z,08/07/2026 11:00:00 AM,Work is in progress.,Enhancing Reliability,06,PO,33,VILLA PARK,07/28/2026 05:11:32 PM,2026-07-31T11:48:32,1:scheduled,2026-07-31T18:52:10Z
136252024,800548096,scheduled,ACTIVE,S,26,Upgrading Equipment,,LA HABRA,ORANGE,90631,33.92089369520579,-117.94329266994217,2026-08-02T09:00:00Z,08/02/2026 04:00:00 PM,Work is in progress.,Enhancing Reliability,14,PO,48,VILLA PARK,07/15/2026 07:13:18 AM,2026-07-31T11:48:32,1:scheduled,2026-07-31T18:52:10Z
136352384,800555846,scheduled,ACTIVE,S,55,Pole Upgrade,,WESTMINSTER,ORANGE,92683,33.762467234370995,-117.98723444298787,2026-08-05T08:30:00Z,08/05/2026 04:00:00 PM,Work is in progress.,Enhancing Reliability,18,PO,33,VILLA PARK,07/30/2026 08:17:53 AM,2026-07-31T11:48:32,1:scheduled,2026-07-31T18:52:10Z
136261877,800548814,scheduled,ACTIVE,S,12,Pole Upgrade,,WESTMINSTER,ORANGE,92683,33.76554349784408,-117.9843480023681,2026-08-06T08:00:00Z,08/06/2026 05:00:00 PM,Work is in progress.,Enhancing Reliability,20,PO,33,VILLA PARK,07/20/2026 03:32:01 PM,2026-07-31T11:48:32,1:scheduled,2026-07-31T18:52:10Z
136328339,800554105,scheduled,ACTIVE,S,11,Pole Upgrade,,HUNTINGTON BEACH,ORANGE,92647,33.736585786301454,-118.02033276901996,2026-08-06T09:00:00Z,08/06/2026 04:00:00 PM,Work is in progress.,Enhancing Reliability,06,PO,33,VILLA PARK,07/25/2026 07:27:39 AM,2026-07-31T11:48:32,1:scheduled,2026-07-31T18:52:10Z
136344182,800555282,scheduled,ACTIVE,S,8,Upgrading Equipment,,TUSTIN,ORANGE,92782,33.728907205798784,-117.79699471723016,2026-08-07T21:00:00Z,08/08/2026 04:30:00 AM,Work is in progress.,Enhancing Reliability,06,PO,29,VILLA PARK,07/28/2026 05:05:43 PM,2026-07-31T11:48:32,1:scheduled,2026-07-31T18:52:10Z
136321052,800553448,scheduled,ACTIVE,S,683,Upgrading Equipment,,LAGUNA WOODS,ORANGE,92653,33.611945597099144,-117.74979828951963,2026-08-03T08:00:00Z,08/03/2026 04:00:00 PM,Work is in progress.,Enhancing Reliability,18,PO,43,ELLIS,07/23/2026 02:16:48 PM,2026-07-31T11:48:32,1:scheduled,2026-07-31T18:52:10Z
136328244,800553855,scheduled,ACTIVE,S,9,Upgrading Equipment,,NEWPORT BEACH,ORANGE,92625,33.598499397038275,-117.85953968712164,2026-08-05T12:30:00Z,08/05/2026 03:30:00 PM,Work is in progress.,Enhancing Reliability,06,PO,33,ELLIS,07/25/2026 06:50:24 AM,2026-07-31T11:48:32,1:scheduled,2026-07-31T18:52:10Z
136344245,800555284,scheduled,ACTIVE,S,169,Upgrading Equipment,,SANTA ANA,ORANGE,92706,33.775375498178704,-117.87137163398573,2026-08-08T01:00:00Z,08/08/2026 04:00:00 AM,Work is in progress.,Enhancing Reliability,18,PO,29,VILLA PARK,07/28/2026 05:25:53 PM,2026-07-31T11:48:32,1:scheduled,2026-07-31T18:52:10Z
136328723,800554051,scheduled,ACTIVE,S,4,Upgrading Equipment,,NEWPORT BEACH,ORANGE,92660,33.6158775861818,-117.86826329960927,2026-08-06T01:30:00Z,08/06/2026 07:00:00 AM,Work is in progress.,Enhancing Reliability,06,PO,33,ELLIS,07/25/2026 09:30:21 AM,2026-07-31T11:48:32,1:scheduled,2026-07-31T18:52:10Z
136328164,800553974,scheduled,ACTIVE,S,60,Upgrading Equipment,,LOS ALAMITOS,ORANGE,90720,33.79085931464146,-118.07062169111353,2026-08-07T09:00:00Z,08/07/2026 04:00:00 PM,Work is in progress.,Enhancing Reliability,06,PO,46,LIGHTHIPE,07/25/2026 05:24:15 AM,2026-07-31T11:48:32,1:scheduled,2026-07-31T18:52:10Z
136352855,800555798,scheduled,ACTIVE,S,1,Cable Upgrade,,SANTA ANA,ORANGE,92706,33.768883694986954,-117.88432675433098,2026-08-10T09:00:00Z,08/10/2026 02:00:00 PM,Work is in progress.,Enhancing Reliability,06,PO,29,ELLIS,07/30/2026 09:52:57 AM,2026-07-31T11:48:33,1:scheduled,2026-07-31T18:52:10Z
136323433,800553612,scheduled,ACTIVE,S,255,Upgrading Equipment,,SANTA ANA,ORANGE,92703,33.73575467708588,-117.88853505511156,2026-08-04T22:00:00Z,08/05/2026 04:30:00 AM,Work is in progress.,Enhancing Reliability,06,PO,29,ELLIS,07/24/2026 08:41:28 AM,2026-07-31T11:48:33,1:scheduled,2026-07-31T18:52:10Z
